-- MySQL dump 10.13  Distrib 5.6.23, for Win64 (x86_64)
--
-- Host: localhost    Database: ccos
-- ------------------------------------------------------
-- Server version	5.6.24-log

/*!40101 SET @OLD_CHARACTER_SET_CLIENT=@@CHARACTER_SET_CLIENT */;
/*!40101 SET @OLD_CHARACTER_SET_RESULTS=@@CHARACTER_SET_RESULTS */;
/*!40101 SET @OLD_COLLATION_CONNECTION=@@COLLATION_CONNECTION */;
/*!40101 SET NAMES utf8 */;
/*!40103 SET @OLD_TIME_ZONE=@@TIME_ZONE */;
/*!40103 SET TIME_ZONE='+00:00' */;
/*!40014 SET @OLD_UNIQUE_CHECKS=@@UNIQUE_CHECKS, UNIQUE_CHECKS=0 */;
/*!40014 SET @OLD_FOREIGN_KEY_CHECKS=@@FOREIGN_KEY_CHECKS, FOREIGN_KEY_CHECKS=0 */;
/*!40101 SET @OLD_SQL_MODE=@@SQL_MODE, SQL_MODE='NO_AUTO_VALUE_ON_ZERO' */;
/*!40111 SET @OLD_SQL_NOTES=@@SQL_NOTES, SQL_NOTES=0 */;

--
-- Table structure for table `attachment`
--

DROP TABLE IF EXISTS `attachment`;
/*!40101 SET @saved_cs_client     = @@character_set_client */;
/*!40101 SET character_set_client = utf8 */;
CREATE TABLE `attachment` (
  `attachmentId` bigint(20) NOT NULL AUTO_INCREMENT COMMENT '附件Id',
  `userId` varchar(36) NOT NULL,
  `foreignKeyId` varchar(36) NOT NULL COMMENT '附件所关联的作业id',
  `kindId` bigint(20) DEFAULT '0' COMMENT '种类Id',
  `name` varchar(200) DEFAULT NULL COMMENT '名字',
  `path` varchar(200) DEFAULT NULL COMMENT '附件路径',
  `description` varchar(500) DEFAULT NULL COMMENT '附件描述',
  `size` int(11) DEFAULT NULL COMMENT '附件大小',
  `type` varchar(45) DEFAULT NULL COMMENT '附件类型   图片（photo）  文件（ file）',
  `link` varchar(500) DEFAULT NULL COMMENT '链接',
  `kind` varchar(20) DEFAULT NULL COMMENT '老师上传的作业附件, 学生提交的作业附件',
  `status` varchar(45) DEFAULT NULL,
  `createTime` timestamp NOT NULL DEFAULT CURRENT_TIMESTAMP ON UPDATE CURRENT_TIMESTAMP COMMENT '创建时间',
  PRIMARY KEY (`attachmentId`),
  KEY `idx_kind` (`kind`,`kindId`,`status`)
) ENGINE=InnoDB AUTO_INCREMENT=62 DEFAULT CHARSET=utf8;
/*!40101 SET character_set_client = @saved_cs_client */;

--
-- Dumping data for table `attachment`
--

LOCK TABLES `attachment` WRITE;
/*!40000 ALTER TABLE `attachment` DISABLE KEYS */;
INSERT INTO `attachment` VALUES (50,'5d7a0eea-5dec-4d05-91b6-d301288e14ba','4eaa0ed8-6844-11e5-b9ec-154b3d4ed029',0,'612edf3ajw1evdir6oa1aj20c80zy78a.jpg','/upload/2015/10/02/1443778708871.jpg','',133282,'photo',NULL,'jobOrderLineFile',NULL,'2015-10-05 04:39:46'),(51,'52ee5963-bd49-4ce7-9a07-740aa8bbd389','3b551607-6192-11e5-80ec-3144c40ae251',0,'psb.jpg','/upload/2015/10/04/1443934083349.jpg','',116866,'photo',NULL,'jobOrderLineFile',NULL,'2015-10-05 04:39:11'),(52,'a6ca2381-1578-41ac-b826-b7c6691ae577','e2ee4150-fcc9-4094-a8d2-bd973c296dc3',0,'023e684f5913da63446641fb85c800cae1.jpg','/upload/2015/10/05/1444025007659.jpg','',52859,'photo',NULL,'jobOrderFile',NULL,'2015-10-05 06:03:27'),(59,'5d7a0eea-5dec-4d05-91b6-d301288e14ba','c1852dc3-6b26-11e5-91d3-71d5d9be2ea9',0,'baidu_jgylogo3.gif','/upload/2015/10/05/1444026605626.gif','',705,'photo',NULL,'jobOrderLineFile',NULL,'2015-10-05 06:30:05'),(60,'a6ca2381-1578-41ac-b826-b7c6691ae577','ffd6023e-2dcc-4240-ba42-968aa97bc120',0,'5.docx','/upload/2015/10/07/1444188420900.docx','',0,'file',NULL,'jobOrderFile',NULL,'2015-10-07 03:27:00'),(61,'a6ca2381-1578-41ac-b826-b7c6691ae577','e6ebb1ca-2e95-4c0c-bb4a-65bba289fb34',0,'4.txt','/upload/2015/10/07/1444189018372.txt','',60,'file',NULL,'jobOrderFile',NULL,'2015-10-07 03:36:58');
/*!40000 ALTER TABLE `attachment` ENABLE KEYS */;
UNLOCK TABLES;

--
-- Table structure for table `class`
--

DROP TABLE IF EXISTS `class`;
/*!40101 SET @saved_cs_client     = @@character_set_client */;
/*!40101 SET character_set_client = utf8 */;
CREATE TABLE `class` (
  `classId` varchar(50) NOT NULL,
  `classNumber` varchar(11) NOT NULL COMMENT '班别',
  `classCode` varchar(45) DEFAULT NULL COMMENT '班级代码',
  `className` varchar(45) DEFAULT NULL COMMENT '2009级信息管理与信息系统2班',
  `enable_flag` varchar(1) DEFAULT NULL,
  `creatorId` varchar(70) DEFAULT NULL COMMENT '创建人id',
  `createdTime` timestamp NOT NULL DEFAULT CURRENT_TIMESTAMP ON UPDATE CURRENT_TIMESTAMP,
  `grade` varchar(10) NOT NULL COMMENT '入学年份如：2014',
  `collegeId` int(11) DEFAULT NULL COMMENT '院系',
  `subjectName` varchar(45) NOT NULL COMMENT '所学专业：如数码与摄影',
  `universityId` int(11) DEFAULT NULL,
  `provinceId` int(11) DEFAULT NULL,
  PRIMARY KEY (`classId`)
) ENGINE=InnoDB DEFAULT CHARSET=utf8;
/*!40101 SET character_set_client = @saved_cs_client */;

--
-- Dumping data for table `class`
--

LOCK TABLES `class` WRITE;
/*!40000 ALTER TABLE `class` DISABLE KEYS */;
INSERT INTO `class` VALUES ('0b4f8270-1e72-4423-823e-859909d88909','1','gFTiDTD3gt',NULL,NULL,'fa2568f5-7112-46b6-9ad6-66802531efb6','2015-08-18 05:35:27','2016',1003006,'信息管理与信息系',1003,1),('0de24619-1b50-43fb-9b7c-9554e7212444','03','fyCAQLfgSx','123123123',NULL,'1bb34e4b-c4f4-495e-b2db-206eb86a7122','2015-10-09 04:40:19','2015',1001001,'计算机科学与技术',1001,1),('2cc1d00d-bdf6-468d-8558-5566ee2eb8d6','1','g3AIpsGmpL','中国语言文学系_2016_123_1',NULL,'d0325f7f-1bb6-4b69-be38-3f3b707bd9a4','2015-09-04 15:41:40','2016',1001001,'123',1001,1),('314efc54-2f89-490f-b86f-05201664dbb3','2','KIMvrTVcZA','中国语言文学系_2016_33_2',NULL,'14b4ce1c-7bd4-4ad1-a499-614f76b24e97','2015-09-07 12:43:54','2016',1001001,'33',1001,1),('4a0f101d-511c-4ab5-994a-e91719d1689e','04','QA3LungrQy','中文系_2016_语言研究_04',NULL,'565d8c41-07d1-4ba5-be2f-7aee3713c8d4','2015-10-07 03:24:24','2016',1002004,'语言研究',1002,1),('568daae1-85d8-4f95-a248-3173687b0e4a','2','vLCSofVwMu','土木工程系_2015_建筑工程_2',NULL,'8b643148-8150-4dbc-abe9-e0ca80d43864','2015-08-18 10:46:54','2015',1001017,'建筑工程',1001,1),('636a8062-1386-4d0c-bd11-7065806579c1','01','cxKXN1ppzV','EECS_2016_国防教育_01',NULL,'218d7937-495e-4d0e-a842-8ba3fa8537fd','2015-09-04 15:34:39','2016',1002001,'国防教育',1002,1),('726b54cf-a70e-4dd2-a806-5fca20077a50','03','PElsdAOQGv','123123123',NULL,'1bb34e4b-c4f4-495e-b2db-206eb86a7122','2015-09-07 13:15:48','2015',1001001,'计算机科学与技术',1001,1),('82b8f5b7-c216-4fe7-be42-2a36c60da521','1','mZUggah24I','中国语言文学系_2014_dd_1',NULL,'86e40c08-d139-4750-9a7b-b62d66b8819e','2015-09-04 15:54:25','2014',1001001,'dd',1001,1),('b34ace94-8c16-4583-9c36-190f8faf80a5','01','eCQ6i1gdG8','中国语言文学系_2016_汉语言文学教育_01',NULL,'b309577a-1354-45cd-8894-3360fe6631c4','2015-09-04 15:30:16','2016',1001001,'汉语言文学教育',1001,1),('bc0d3b57-4799-4b1e-8de8-ddc1a7fb207c','11','dVOnoYguoG','人文社会科学学院_2015_11_11',NULL,'82378699-1be4-4e58-8e94-8909ca7159e9','2015-09-04 15:44:58','2015',1001002,'11',1001,1),('cf6ca77e-e59e-407c-84ee-42c708a89fe6','2','GqkTfdU5xZ','世界经济系_2016_44_2',NULL,'59a849a0-eb4f-4fb0-b863-1fc6c5103e80','2015-09-07 12:46:06','2016',2001002,'44',2001,2),('d053cacf-9447-4c7a-b9f4-21d6113477d1','03','nP3GQ6Z3tS','123123123',NULL,'1bb34e4b-c4f4-495e-b2db-206eb86a7122','2015-09-04 15:08:10','2015',1001001,'计算机科学与技术',1001,1);
/*!40000 ALTER TABLE `class` ENABLE KEYS */;
UNLOCK TABLES;

--
-- Table structure for table `code`
--

DROP TABLE IF EXISTS `code`;
/*!40101 SET @saved_cs_client     = @@character_set_client */;
/*!40101 SET character_set_client = utf8 */;
CREATE TABLE `code` (
  `id` int(10) unsigned NOT NULL AUTO_INCREMENT,
  `name` varchar(45) NOT NULL,
  `code` varchar(45) NOT NULL,
  PRIMARY KEY (`id`)
) ENGINE=InnoDB AUTO_INCREMENT=13 DEFAULT CHARSET=utf8;
/*!40101 SET character_set_client = @saved_cs_client */;

--
-- Dumping data for table `code`
--

LOCK TABLES `code` WRITE;
/*!40000 ALTER TABLE `code` DISABLE KEYS */;
INSERT INTO `code` VALUES (1,'已提交','submitted'),(2,'需提交','needSubmit'),(3,'全部','ALL'),(4,'进行中','inprogress'),(5,'回收站','trash'),(6,'还原','revert'),(7,'逾期','overdue'),(8,'关闭','closed'),(9,'线上','online'),(10,'线下','offline'),(11,'审批中','approving'),(12,'完成/结束','finished');
/*!40000 ALTER TABLE `code` ENABLE KEYS */;
UNLOCK TABLES;

--
-- Table structure for table `college`
--

DROP TABLE IF EXISTS `college`;
/*!40101 SET @saved_cs_client     = @@character_set_client */;
/*!40101 SET character_set_client = utf8 */;
CREATE TABLE `college` (
  `college_id` int(11) NOT NULL AUTO_INCREMENT,
  `college` varchar(255) DEFAULT NULL,
  `university_id` int(11) DEFAULT NULL,
  PRIMARY KEY (`college_id`)
) ENGINE=InnoDB AUTO_INCREMENT=10031019 DEFAULT CHARSET=utf8 ROW_FORMAT=REDUNDANT COMMENT='院系';
/*!40101 SET character_set_client = @saved_cs_client */;

--
-- Dumping data for table `college`
--

LOCK TABLES `college` WRITE;
/*!40000 ALTER TABLE `college` DISABLE KEYS */;
INSERT INTO `college` VALUES (1001001,'中国语言文学系',1001),(1001002,'人文社会科学学院',1001),(1001003,'企业管理系',1001),(1001004,'体育教研部',1001),(1001005,'信息学院',1001),(1001006,'信息艺术设计系',1001),(1001007,'公共管理学院',1001),(1001008,'化学工程系',1001),(1001009,'化学系',1001),(1001010,'医学系',1001),(1001011,'协和医学院',1001),(1001012,'历史系',1001),(1001013,'哲学系',1001),(1001014,'国际学院',1001),(1001015,'国际贸易与金融系',1001),(1001016,'国际问题研究所',1001),(1001017,'土木工程系',1001),(1001018,'城市规划系',1001),(1001019,'基础科学班',1001),(1001020,'外语系',1001),(1001021,'对外交流中心',1001),(1001022,'工业工程系',1001),(1001023,'工业设计',1001),(1001024,'工商管理',1001),(1001025,'工程力学系',1001),(1001026,'工程物理系',1001),(1001027,'应用技术学院',1001),(1001028,'建筑技术科学系',1001),(1001029,'建筑系',1001),(1001030,'建设管理系',1001),(1001031,'微电子与纳电子学系',1001),(1001032,'微电子学研究所',1001),(1001033,'技术经济与管理系',1001),(1001034,'政治学系',1001),(1001035,'教育研究所',1001),(1001036,'数学科学系',1001),(1001037,'新加坡国立大学',1001),(1001038,'新闻与传播学院',1001),(1001039,'新闻学院',1001),(1001040,'景观学系',1001),(1001041,'机械工程系',1001),(1001042,'机电',1001),(1001043,'材料科学与工程系',1001),(1001044,'核能与新能源技术研究院',1001),(1001045,'水利水电工程系',1001),(1001046,'汽车工程系',1001),(1001047,'汽车设计',1001),(1001048,'法学院',1001),(1001049,'热能工程系',1001),(1001050,'热能系',1001),(1001051,'物理系',1001),(1001052,'环境科学与工程系',1001),(1001053,'环境艺术设计系',1001),(1001054,'理学院',1001),(1001055,'生物医学工程系',1001),(1001056,'生物科学与技术系',1001),(1001057,'电子工程系',1001),(1001058,'电子系',1001),(1001059,'电机工程与应用电子技术系',1001),(1001060,'研究生院',1001),(1001061,'社会学系',1001),(1001062,'科技与社会研究所',1001),(1001063,'第一附属医院',1001),(1001064,'第二附属医院',1001),(1001065,'管理科学与工程系',1001),(1001066,'精密仪器与机械学系',1001),(1001067,'经济学研究所',1001),(1001068,'经济管理学院',1001),(1001069,'经济系',1001),(1001070,'继续教育学院',1001),(1001071,'美术学院',1001),(1001072,'美术学院（史论分部）',1001),(1001073,'美术学院（工业设计系）',1001),(1001074,'美术学院（环境艺术系）',1001),(1001075,'美术学院（美术分部）',1001),(1001076,'美术学院（设计分部）',1001),(1001077,'美术学院（雕塑系）',1001),(1001078,'自动化系',1001),(1001079,'航天航空学院',1001),(1001080,'艺术教育中心',1001),(1001081,'药学系',1001),(1001082,'计算器应用与维修',1001),(1001083,'计算机科学与技术系',1001),(1001084,'软件学院',1001),(1001085,'金融系',1001),(1001086,'高等研究中心',1001),(1002001,'EECS',1002),(1002002,'中国经济研究中心',1002),(1002003,'中国语言文学系',1002),(1002004,'中文系',1002),(1002005,'人口研究所',1002),(1002006,'伦敦政治经济学院',1002),(1002007,'体育教研部',1002),(1002008,'体育系',1002),(1002009,'信息科学技术学院',1002),(1002010,'信息管理系',1002),(1002011,'元培计划',1002),(1002012,'光华管理学院',1002),(1002013,'公共卫生学院',1002),(1002014,'其他院系',1002),(1002015,'分子医学研究所',1002),(1002016,'力学与工程科学系',1002),(1002017,'化学与分子工程学院',1002),(1002018,'北京大学第三医院',1002),(1002019,'医学部',1002),(1002020,'医学部公共卫生学院',1002),(1002021,'医学部公共教学部',1002),(1002022,'医学部基础医学院',1002),(1002023,'医学部护理学院',1002),(1002024,'医学部药学院',1002),(1002025,'历史学系',1002),(1002026,'口腔医学院/口腔医院',1002),(1002027,'哲学系',1002),(1002028,'商学院',1002),(1002029,'国际关系学院',1002),(1002030,'地球与空间科学学院',1002),(1002031,'地球物理学系',1002),(1002032,'地质学系',1002),(1002033,'城市与环境学系',1002),(1002034,'城市与环境学院',1002),(1002035,'基础医学院',1002),(1002036,'外国语学院',1002),(1002037,'天使培训基地',1002),(1002038,'对外汉语教育学院',1002),(1002039,'工学院',1002),(1002040,'应用文理学院',1002),(1002041,'建筑学研究中心',1002),(1002042,'微电子学系',1002),(1002043,'心理学系',1002),(1002044,'成人教育学院',1002),(1002045,'技术物理系',1002),(1002046,'政府管理学院',1002),(1002047,'教育学院',1002),(1002048,'数字艺术',1002),(1002049,'数学科学学院',1002),(1002050,'新闻与传播学院',1002),(1002051,'智能科学系',1002),(1002052,'民航总医院',1002),(1002053,'法学院',1002),(1002054,'法律自考部',1002),(1002055,'深圳商学院',1002),(1002056,'深圳研究生院',1002),(1002057,'物理学院',1002),(1002058,'环境学院',1002),(1002059,'生命科学学院',1002),(1002060,'电子学系',1002),(1002061,'电子工程系',1002),(1002062,'社会学系',1002),(1002063,'空间信息科学与技术系',1002),(1002064,'第一临床医学院/第一医院',1002),(1002065,'第三临床医学院/第三医院',1002),(1002066,'第二临床医学院',1002),(1002067,'第二临床医学院/人民医院',1002),(1002068,'经济学院',1002),(1002069,'经济管理',1002),(1002070,'经济管理学院',1002),(1002071,'考古文博学院',1002),(1002072,'艺术学系',1002),(1002073,'药学院',1002),(1002074,'计算机科学与技术系',1002),(1002075,'计算机系',1002),(1002076,'资源学院',1002),(1002077,'软件与微电子学院',1002),(1002078,'金融',1002),(1002079,'马克思主义学院',1002),(1003001,'HND',1003),(1003002,'中共党史系',1003),(1003003,'人文学院',1003),(1003004,'会计系',1003),(1003005,'信息学院',1003),(1003006,'信息资源管理学院',1003),(1003007,'公共管理学院',1003),(1003008,'农业与农村发展学院',1003),(1003009,'劳动人事学院',1003),(1003010,'化学系',1003),(1003011,'历史学院',1003),(1003012,'哲学院',1003),(1003013,'商务管理',1003),(1003014,'商学院',1003),(1003015,'国学院',1003),(1003016,'国际关系学院',1003),(1003017,'国际合作部',1003),(1003018,'国际政治系',1003),(1003019,'国际贸易',1003),(1003020,'培训学院',1003),(1003021,'外国语学院',1003),(1003022,'对外语言文化学院',1003),(1003023,'工商管理',1003),(1003024,'徐悲鸿艺术学院',1003),(1003025,'文学院',1003),(1003026,'新闻学院',1003),(1003027,'法学院',1003),(1003028,'清史所',1003),(1003029,'物流',1003),(1003030,'物理系',1003),(1003031,'环境学院',1003),(1003032,'社会与人口学院',1003),(1003033,'经济学院',1003),(1003034,'统计学院',1003),(1003035,'继续教育学院',1003),(1003036,'艺术',1003),(1003037,'计算机',1003),(1003038,'财政金融学院',1003),(1003039,'马克思主义学院',1003),(1004001,'HND',1004),(1004002,'Raffles Junior College',1004),(1004003,'中国语言文学系',1004),(1004004,'中法工程师学院',1004),(1004005,'人文学院',1004),(1004006,'人文社会科学学院',1004),(1004007,'仪器科学与光电工程学院',1004),(1004008,'公共管理学院',1004),(1004009,'创业管理学院',1004),(1004010,'北海外国语学院',1004),(1004011,'北海学院',1004),(1004012,'土木工程系',1004),(1004013,'外语系12系',1004),(1004014,'宇航学院15系',1004),(1004015,'小熊学院',1004),(1004016,'工业与制造系统工程系',1004),(1004017,'工业设计系',1004),(1004018,'工程系统工程系14系',1004),(1004019,'新媒体艺术系',1004),(1004020,'旅游管理学院',1004),(1004021,'机械工程及自动化学院7系',1004),(1004022,'材料科学与工程学院1系',1004),(1004023,'汽车工程系13系',1004),(1004024,'法学院20系',1004),(1004025,'环境工程系',1004),(1004026,'理学院9系',1004),(1004027,'生物工程系10系',1004),(1004028,'电子信息工程学院2系',1004),(1004029,'经济管理学院8系',1004),(1004030,'继续教育学院',1004),(1004031,'能源与动力工程学院4系',1004),(1004032,'自动化科学与电气工程学院3系',1004),(1004033,'航空科学与工程学院5系',1004),(1004034,'计算机',1004),(1004035,'计算机',1004),(1004036,'软件学院21系',1004),(1004037,'飞行学院',1004),(1004038,'高等工程学院23系',1004),(1005001,'体育部',1005),(1005002,'信息工程学院',1005),(1005003,'信息网络中心',1005),(1005004,'国际学院',1005),(1005005,'文法经济学院',1005),(1005006,'民族教育学院',1005),(1005007,'理学院',1005),(1005008,'电信工程学院',1005),(1005009,'电子工程学院',1005),(1005010,'经济管理学院',1005),(1005011,'网络教育学院',1005),(1005012,'自动化学院',1005),(1005013,'艺术与传媒学院',1005),(1005014,'计算机科学与技术学院',1005),(1005015,'语言学院',1005),(1005016,'软件学院',1005),(1005017,'通信网络综合技术研究所',1005),(1006001,'体育与运动学院',1006),(1006002,'信息科学与技术学院',1006),(1006003,'信息网络中心',1006),(1006004,'刑事法律科学研究院',1006),(1006005,'化学学院',1006),(1006006,'北京文化发展研究院',1006),(1006007,'历史学院',1006),(1006008,'古籍研究所',1006),(1006009,'哲学与社会学学院',1006),(1006010,'商学院',1006),(1006011,'国际交流学院',1006),(1006012,'国际金融',1006),(1006013,'地理学与遥感科学学院',1006),(1006014,'外国语言文学学院',1006),(1006015,'天文系',1006),(1006016,'心理学院',1006),(1006017,'政治学与国际关系学院',1006),(1006018,'教育学院',1006),(1006019,'教育技术学院',1006),(1006020,'教育管理学院',1006),(1006021,'数学',1006),(1006022,'数学科学学院',1006),(1006023,'文学院',1006),(1006024,'材料科学与工程系',1006),(1006025,'水科学研究院',1006),(1006026,'汉语文化学院',1006),(1006027,'法学院',1006),(1006028,'法律与行政学院',1006),(1006029,'物流管理',1006),(1006030,'物理系',1006),(1006031,'环境学院',1006),(1006032,'生命科学学院',1006),(1006033,'管理学院',1006),(1006034,'经济与工商管理学院',1006),(1006035,'经济与资源管理研究所',1006),(1006036,'继续教育与教师培训学院',1006),(1006037,'艺术与传媒学院',1006),(1006038,'计算机',1006),(1006039,'认知神经科学与学习研究所',1006),(1006040,'资源学院',1006),(1006041,'高等教育研究所',1006),(1007001,'中国语言文学系',1007),(1007002,'传播学系',1007),(1007003,'信息工程学院',1007),(1007004,'光电系',1007),(1007005,'公共关系系',1007),(1007006,'公共管理系',1007),(1007007,'制片管理',1007),(1007008,'动画学院',1007),(1007009,'动画学院数字艺术系',1007),(1007010,'动画技术系',1007),(1007011,'动画艺术系',1007),(1007012,'南广学院',1007),(1007013,'国际传播学院',1007),(1007014,'国际关系系',1007),(1007015,'外语系',1007),(1007016,'媒体管理学院',1007),(1007017,'对外汉语',1007),(1007018,'导演表演系－导演专业',1007),(1007019,'导演表演系－表演专业',1007),(1007020,'工学院',1007),(1007021,'广告学系',1007),(1007022,'广告设计系',1007),(1007023,'广播电视工程系',1007),(1007024,'广播电视文学系',1007),(1007025,'应用数学系',1007),(1007026,'应用语言学系',1007),(1007027,'录音系',1007),(1007028,'影视艺术学院',1007),(1007029,'摄影系',1007),(1007030,'播音与主持艺术（英语节目主持方向）',1007),(1007031,'播音系',1007),(1007032,'政治与法律学院',1007),(1007033,'数字艺术系',1007),(1007034,'数学系',1007),(1007035,'文艺系',1007),(1007036,'新闻学系',1007),(1007037,'法律系',1007),(1007038,'理学院',1007),(1007039,'理学院',1007),(1007040,'电子信息工程系',1007),(1007041,'电视与新闻学院',1007),(1007042,'电视系',1007),(1007043,'电视节目制作',1007),(1007044,'社科部',1007),(1007045,'科学艺术系',1007),(1007046,'管理科学与工程系',1007),(1007047,'经济管理系',1007),(1007048,'编辑出版系',1007),(1007049,'美术系',1007),(1007050,'自动化系',1007),(1007051,'艺术传播系',1007),(1007052,'英语语言文学系',1007),(1007053,'计算机科学与技术系',1007),(1007054,'语言文化系',1007),(1007055,'软件工程系',1007),(1007056,'远程与继续教育学院',1007),(1007057,'通信工程系',1007),(1007058,'音乐系',1007),(1007059,'高等职业技术学院',1007),(1008001,'中国语言文学系',1008),(1008002,'亚欧系（德语）',1008),(1008003,'亚欧系（日语）',1008),(1008004,'亚欧系（法语）',1008),(1008005,'亚欧系（西班牙语）',1008),(1008006,'亚欧系（阿拉伯语）',1008),(1008007,'亚欧系（韩语）',1008),(1008008,'人文学院',1008),(1008009,'人文学院（国际政治）',1008),(1008010,'会计系',1008),(1008011,'信息管理系',1008),(1008012,'出国部',1008),(1008013,'国际商学院（会计学）',1008),(1008014,'国际商学院（金融学）',1008),(1008015,'外国语言学及应用语言学',1008),(1008016,'对外汉语',1008),(1008017,'对外汉语研究中心',1008),(1008018,'对外汉语系',1008),(1008019,'日本爱知班',1008),(1008020,'日语系',1008),(1008021,'比较文学研究所',1008),(1008022,'汉语学院',1008),(1008023,'法语语言文学',1008),(1008024,'研究生部',1008),(1008025,'继续教育学院',1008),(1008026,'艺术系',1008),(1008027,'英语系',1008),(1008028,'英语语言文学',1008),(1008029,'计算机系',1008),(1009001,'信息基础科学系',1009),(1009002,'信息工程学院',1009),(1009003,'信息管理与信息系统',1009),(1009004,'公共管理系',1009),(1009005,'冶金与材料史研究所',1009),(1009006,'冶金与生态工程学院',1009),(1009007,'冶金研究中心',1009),(1009008,'功能材料研究所',1009),(1009009,'化学系',1009),(1009010,'土木与环境工程学院',1009),(1009011,'土木工程系',1009),(1009012,'外国语学院',1009),(1009013,'天津学院',1009),(1009014,'天津学院',1009),(1009015,'天津学院',1009),(1009016,'学报编辑部',1009),(1009017,'实验测试中心',1009),(1009018,'工业工程',1009),(1009019,'工业设计系',1009),(1009020,'工商管理（含MBA）',1009),(1009021,'工程训练中心',1009),(1009022,'工程试验中心',1009),(1009023,'应用学院',1009),(1009024,'应用科学学院',1009),(1009025,'延庆分校',1009),(1009026,'数学与力学系',1009),(1009027,'文法学院',1009),(1009028,'文科实验中心',1009),(1009029,'新金属材料国家重点实验室',1009),(1009030,'无机非金属材料学系',1009),(1009031,'有色金属冶金',1009),(1009032,'机械制造及自动化系',1009),(1009033,'机械工学系',1009),(1009034,'机械工程学院',1009),(1009035,'机械电子工程系',1009),(1009036,'机械装备及控制工程系',1009),(1009037,'材料加工工程系',1009),(1009038,'材料学系',1009),(1009039,'材料学院',1009),(1009040,'材料物理与化学系',1009),(1009041,'材料科学与工程',1009),(1009042,'法律系',1009),(1009043,'测控技术与仪器系',1009),(1009044,'热能工程系',1009),(1009045,'物流工程系',1009),(1009046,'物理化学系',1009),(1009047,'物理系',1009),(1009048,'环境工程系',1009),(1009049,'现代化学研究中心',1009),(1009050,'生态科学与工程',1009),(1009051,'生物技术系',1009),(1009052,'电子信息工程系',1009),(1009053,'知识工程研究所',1009),(1009054,'社会学和政治学系',1009),(1009055,'社会科学系',1009),(1009056,'管庄校区',1009),(1009057,'管理科学与工程系',1009),(1009058,'粉末冶金研究所',1009),(1009059,'经济管理',1009),(1009060,'经济贸易系',1009),(1009061,'腐蚀与防护中心',1009),(1009062,'自动化系',1009),(1009063,'自动控制研究所',1009),(1009064,'艺术教育中心',1009),(1009065,'艺术设计系',1009),(1009066,'计算机科学与技术',1009),(1009067,'设备工程系',1009),(1009068,'财务与会计系',1009),(1009069,'资料室',1009),(1009070,'资源工程系',1009),(1009071,'车辆工程系',1009),(1009072,'通信工程系',1009),(1009073,'金融',1009),(1009074,'金融工程系',1009),(1009075,'钢铁冶金系',1009),(1009076,'零件扎制中心',1009),(1009077,'高效轧制国家工程研究中心',1009),(1009078,'高等教育研究所',1009),(1010001,'人文与发展学院',1010),(1010002,'人文学院',1010),(1010003,'体育学院',1010),(1010004,'体育学院',1010),(1010005,'信息与电气工程学院',1010),(1010006,'信息科学试验班',1010),(1010007,'农学与生物技术学院',1010),(1010008,'动物医学院',1010),(1010009,'动物科技学院',1010),(1010010,'北京建设大学',1010),(1010011,'商学院',1010),(1010012,'园林系',1010),(1010013,'国际学院',1010),(1010014,'媒体传播系',1010),(1010015,'工业设计',1010),(1010016,'工商企业管理',1010),(1010017,'工学院',1010),(1010018,'新闻传媒学院',1010),(1010019,'水利与土木工程学院',1010),(1010020,'法学院',1010),(1010021,'法律',1010),(1010022,'烟台校区',1010),(1010023,'理学院',1010),(1010024,'理工学院',1010),(1010025,'生命科学理科实验班',1010),(1010026,'生物学院',1010),(1010027,'研究生院',1010),(1010028,'科技防卫',1010),(1010029,'经济管理学院',1010),(1010030,'继续教育学院',1010),(1010031,'职业学院',1010),(1010032,'计算机科学与技术',1010),(1010033,'试验班',1010),(1010034,'资源与环境学院',1010),(1010035,'食品与葡萄酒学院',1010),(1010036,'食品科学与营养工程学院',1010),(1011001,'中美犹他系',1011),(1011002,'人文社会科学学院九院',1011),(1011003,'信息科学技术学院',1011),(1011004,'光电工程系（四系）',1011),(1011005,'公共事务管理',1011),(1011006,'化工与环境学院五院',1011),(1011007,'外国语学院',1011),(1011008,'宇航科学技术学院',1011),(1011009,'新闻系',1011),(1011010,'机械与车辆工程学院三院',1011),(1011011,'机电工程学院',1011),(1011012,'材料科学与工程学院四院',1011),(1011013,'法学院',1011),(1011014,'热能与动力工程',1011),(1011015,'理学院七院',1011),(1011016,'生命科学与技术学院六院',1011),(1011017,'电子工程系',1011),(1011018,'管理与经济学院',1011),(1011019,'管理与经济学院八院',1011),(1011020,'继续教育学院',1011),(1011021,'自动控制系',1011),(1011022,'计算机',1011),(1011023,'计算机科学技术学院十二院',1011),(1011024,'车辆工程',1011),(1011025,'软件学院十一院',1011),(1011026,'预科',1011),(1011027,'高职学院',1011),(1011028,'设计艺术学院十院',1011),(1012001,'人文学院心理系',1012),(1012002,'人文社会科学学院',1012),(1012003,'信息学院',1012),(1012004,'北林疯人院',1012),(1012005,'园林学院',1012),(1012006,'国际学院',1012),(1012007,'土木工程',1012),(1012008,'土木工程系',1012),(1012009,'外语学院',1012),(1012010,'工学院',1012),(1012011,'成人教育学院',1012),(1012012,'材料科学与技术学院',1012),(1012013,'林学院',1012),(1012014,'水土保持学院',1012),(1012015,'环境学院',1012),(1012016,'环境艺术设计系',1012),(1012017,'理学院',1012),(1012018,'生物科学与技术学院',1012),(1012019,'研究生院',1012),(1012020,'经济管理学院',1012),(1012021,'自然保护区学院',1012),(1012022,'艺术设计系',1012),(1012023,'资源与环境学院',1012),(1013001,'交通运输学院',1013),(1013002,'人文社会科学学院',1013),(1013003,'国际项目',1013),(1013004,'土建学院艺术设计',1013),(1013005,'土木建筑工程学院',1013),(1013006,'工商管理',1013),(1013007,'建筑系',1013),(1013008,'旅游英语',1013),(1013009,'机械与电子控制工程学院',1013),(1013010,'法学院',1013),(1013011,'清河',1013),(1013012,'燕郊职业技术学院',1013),(1013013,'物业管理',1013),(1013014,'物流研究院',1013),(1013015,'理学院',1013),(1013016,'生物医学工程',1013),(1013017,'电子信息工程学院',1013),(1013018,'电气工程学院',1013),(1013019,'经济管理学院',1013),(1013020,'经管',1013),(1013021,'网络学院',1013),(1013022,'艺术设计',1013),(1013023,'计算机与信息技术学院',1013),(1013024,'计算机科学与技术',1013),(1013025,'软件学院',1013),(1013026,'远程与继续教育学院',1013),(1013027,'院系',1013),(1014001,'体育学院',1014),(1014002,'力学与建筑工程学院',1014),(1014003,'化学与环境工程学院',1014),(1014004,'建筑系',1014),(1014005,'成人教育学院',1014),(1014006,'文法学院',1014),(1014007,'机电与信息工程学院',1014),(1014008,'理学院',1014),(1014009,'管理学院',1014),(1014010,'资源与安全工程学院',1014),(1015001,'人文社会科学院',1015),(1015002,'人文社科系',1015),(1015003,'信息与通信工程系',1015),(1015004,'北京信息工程学院',1015),(1015005,'基础一部',1015),(1015006,'基础二部',1015),(1015007,'基础部',1015),(1015008,'外语系',1015),(1015009,'工商管理分院',1015),(1015010,'工商管理系',1015),(1015011,'机械工程系',1015),(1015012,'机电工程学院',1015),(1015013,'理学院',1015),(1015014,'电子信息工程系',1015),(1015015,'研究生部',1015),(1015016,'社科部',1015),(1015017,'经济管理学院',1015),(1015018,'经济贸易系',1015),(1015019,'艺术学院',1015),(1015020,'计算中心',1015),(1015021,'计算机信息系统系',1015),(1015022,'计算机及自动化系',1015),(1015023,'计算机科学与工程系',1015),(1015024,'计算机科学与技术系',1015),(1015025,'高职部',1015),(1016001,'中加工商',1016),(1016002,'人文社会科学学院',1016),(1016003,'体育教学部',1016),(1016004,'固体微结构与性能研究所',1016),(1016005,'外国语学院',1016),(1016006,'实验学院',1016),(1016007,'嵌入式实验室',1016),(1016008,'嵌入式系统实验室',1016),(1016009,'应用数理学院',1016),(1016010,'建筑与城市规划学院',1016),(1016011,'建筑工程学院',1016),(1016012,'循环经济研究院',1016),(1016013,'机械工程与应用电子技术学院',1016),(1016014,'材料科学与工程学院',1016),(1016015,'激光工程研究院',1016),(1016016,'环境与能源工程学院',1016),(1016017,'生命科学与生物工程学院',1016),(1016018,'电子信息与控制工程学院',1016),(1016019,'经济与管理学院',1016),(1016020,'继续教育学院',1016),(1016021,'耿丹学院',1016),(1016022,'艺术设计学院',1016),(1016023,'计算机学院',1016),(1016024,'软件学院',1016),(1016025,'通州分校',1016),(1017001,'信息科学与技术学院',1017),(1017002,'化学工程学院',1017),(1017003,'北方学院',1017),(1017004,'多媒体艺术设计',1017),(1017005,'文法学院',1017),(1017006,'机电工程学院',1017),(1017007,'材料科学与工程学院',1017),(1017008,'环境化学',1017),(1017009,'理学院',1017),(1017010,'生命科学与技术学院',1017),(1017011,'研究生院',1017),(1017012,'经济管理学院',1017),(1017013,'继续教育学院',1017),(1017014,'职业技术学院',1017),(1017015,'音乐科',1017),(1018001,'中德法学院',1018),(1018002,'中美法学院',1018),(1018003,'人文学院',1018),(1018004,'刑事司法学院',1018),(1018005,'商学院',1018),(1018006,'国际教育学院',1018),(1018007,'国际法学院',1018),(1018008,'外国语学院',1018),(1018009,'政治与公共管理学院',1018),(1018010,'民商经济法学院',1018),(1018011,'法学院',1018),(1018012,'法律硕士学院',1018),(1018013,'研究生院',1018),(1018014,'社会学院',1018),(1018015,'继续教育学院',1018),(1018016,'马克思主义学院',1018),(1019001,'中国语言文学系',1019),(1019002,'中德学院',1019),(1019003,'中法2+2国际课程班',1019),(1019004,'中法国际工商管理学院',1019),(1019005,'中美国际管理学院',1019),(1019006,'人文与社会科学学院',1019),(1019007,'体育部',1019),(1019008,'保险学院',1019),(1019009,'保险系',1019),(1019010,'信息学院',1019),(1019011,'公共管理学院',1019),(1019012,'卓越国际学院',1019),(1019013,'国际商学院',1019),(1019014,'国际学院',1019),(1019015,'国际经济贸易学院',1019),(1019016,'国际课程班',1019),(1019017,'国际贸易',1019),(1019018,'外语学院',1019),(1019019,'外语学院俄语系',1019),(1019020,'外语学院意大利语系',1019),(1019021,'外语学院法语系',1019),(1019022,'外语学院西班牙语系',1019),(1019023,'外语学院阿拉伯语系',1019),(1019024,'外语学院韩语系',1019),(1019025,'外贸英语',1019),(1019026,'法学院',1019),(1019027,'物流管理',1019),(1019028,'研究生部',1019),(1019029,'管理系',1019),(1019030,'继续教育学院',1019),(1019031,'英语学院',1019),(1019032,'远程教育学院',1019),(1019033,'金融学院',1019),(1019034,'高等职业教育学院',1019),(1019035,'高级研修学院',1019),(1020001,'中国少数民族语言文学学院',1020),(1020002,'中国民族理论与民族政策研究所',1020),(1020003,'体育系',1020),(1020004,'信息工程学院',1020),(1020005,'其他',1020),(1020006,'历史系',1020),(1020007,'哲学与宗教学系',1020),(1020008,'国际语言文化学院',1020),(1020009,'外国语学院',1020),(1020010,'成人教育学院',1020),(1020011,'教育学院',1020),(1020012,'数学与计算机科学学院',1020),(1020013,'文学与新闻传播学院',1020),(1020014,'民族学与社会学学院',1020),(1020015,'法学院',1020),(1020016,'物理与电子工程学院',1020),(1020017,'生命与环境科学学院',1020),(1020018,'管理学院',1020),(1020019,'经济学院',1020),(1020020,'美术学院',1020),(1020021,'舞蹈学院',1020),(1020022,'藏学研究院',1020),(1020023,'音乐学院',1020),(1020024,'预科部',1020),(1021001,'人文经管学院',1021),(1021002,'体育课部',1021),(1021003,'信息工程学院',1021),(1021004,'土地科学技术学院',1021),(1021005,'地球物理与信息技术学院',1021),(1021006,'地球科学与资源学院',1021),(1021007,'外语系',1021),(1021008,'工程技术学院',1021),(1021009,'成人教育学院',1021),(1021010,'材料科学与工程学院',1021),(1021011,'水资源与环境学院',1021),(1021012,'海洋学院',1021),(1021013,'珠宝学院',1021),(1021014,'研究生院',1021),(1021015,'网络学院',1021),(1021016,'能源学院',1021),(1021017,'艺术与传媒学院',1021),(1021018,'软件学院',1021),(1021019,'长城学院',1021),(1022001,'上海光学精密机械研究所',1022),(1022002,'上海分院',1022),(1022003,'上海天文台',1022),(1022004,'上海应用物理研究所',1022),(1022005,'上海技术物理研究所',1022),(1022006,'上海有机化学研究所',1022),(1022007,'上海生命科学研究院',1022),(1022008,'上海硅酸盐研究所',1022),(1022009,'上海药物研究所',1022),(1022010,'东北地理与农业生态研究所',1022),(1022011,'中国地质科学院',1022),(1022012,'中国气象科学研究院',1022),(1022013,'中国防卫科技学院',1022),(1022014,'乌鲁木齐天文站',1022),(1022015,'云南天文台',1022),(1022016,'亚热带农业生态研究所',1022),(1022017,'信息学院',1022),(1022018,'信息科学与工程学院',1022),(1022019,'光电研究院',1022),(1022020,'兰州分院',1022),(1022021,'兰州化学物理研究所',1022),(1022022,'兰州地质研究所',1022),(1022023,'冶金自动化研究设计院',1022),(1022024,'力学研究所',1022),(1022025,'动物研究所',1022),(1022026,'化学研究所',1022),(1022027,'北京科学仪器研制中心',1022),(1022028,'半导体研究所',1022),(1022029,'华南植物研究所',1022),(1022030,'南京分院',1022),(1022031,'南京土壤研究所',1022),(1022032,'南京地理与湖泊研究所',1022),(1022033,'南京地质古生物研究所',1022),(1022034,'南海海洋研究所',1022),(1022035,'古脊椎动物与古人类研究所',1022),(1022036,'合肥分院',1022),(1022037,'合肥智能机械研究所',1022),(1022038,'固体物理研究所',1022),(1022039,'国家天文台',1022),(1022040,'国家授时中心',1022),(1022041,'国家纳米科学中心',1022),(1022042,'地学院',1022),(1022043,'地球环境研究所',1022),(1022044,'地球科学学院',1022),(1022045,'地理科学与资源研究所',1022),(1022046,'地质与地球物理研究所',1022),(1022047,'基因组所',1022),(1022048,'声学研究所',1022),(1022049,'声学研究所东海研究站',1022),(1022050,'外语系',1022),(1022051,'大气物理研究所',1022),(1022052,'大连化学物理研究所',1022),(1022053,'安徽光学精密机械研究所',1022),(1022054,'寒区旱区环境与工程研究所',1022),(1022055,'山西煤炭化学研究所',1022),(1022056,'工程热物理研究所',1022),(1022057,'广州分院',1022),(1022058,'广州化学研究所',1022),(1022059,'广州地球化学研究所',1022),(1022060,'广州生物医药与健康研究院',1022),(1022061,'广州能源研究所',1022),(1022062,'微生物研究所',1022),(1022063,'微电子所',1022),(1022064,'心理研究所',1022),(1022065,'成都光电技术研究所',1022),(1022066,'成都分院',1022),(1022067,'成都山地灾害与环境研究所',1022),(1022068,'成都有机化学有限公司',1022),(1022069,'成都生物研究所',1022),(1022070,'成都计算所',1022),(1022071,'数学与系统科学研究院',1022),(1022072,'文献中心',1022),(1022073,'文献情报中心',1022),(1022074,'新疆分院',1022),(1022075,'新疆理化技术研究所',1022),(1022076,'新疆生态与地理研究所',1022),(1022077,'昆明分院',1022),(1022078,'昆明动物研究所',1022),(1022079,'昆明植物研究所',1022),(1022080,'本部',1022),(1022081,'植物研究所',1022),(1022082,'武汉分院',1022),(1022083,'武汉岩土力学研究所',1022),(1022084,'武汉植物研究所',1022),(1022085,'武汉物理与数学研究所',1022),(1022086,'武汉病毒研究所',1022),(1022087,'水生生物研究所',1022),(1022088,'沈阳分院',1022),(1022089,'沈阳应用生态研究所',1022),(1022090,'沈阳自动化研究所',1022),(1022091,'沈阳计算技术研究所',1022),(1022092,'测量与地球物理研究所',1022),(1022093,'渗流流体力学研究所',1022),(1022094,'物理研究所',1022),(1022095,'理化技术研究所',1022),(1022096,'理论物理研究所',1022),(1022097,'生态中心',1022),(1022098,'生态环境研究中心',1022),(1022099,'生物物理研究所',1022),(1022100,'生物系',1022),(1022101,'电子学研究所',1022),(1022102,'电工研究所',1022),(1022103,'盐湖研究所',1022),(1022104,'石家庄农业现代化研究所',1022),(1022105,'研究生院',1022),(1022106,'研究生院本部',1022),(1022107,'福建物质结构研究所',1022),(1022108,'科技政策与管理科学研究所',1022),(1022109,'空间科学与应用研究中心',1022),(1022110,'等离子体物理研究所',1022),(1022111,'管理学院',1022),(1022112,'紫金山天文台',1022),(1022113,'自动化研究所',1022),(1022114,'自然科学史研究所',1022),(1022115,'西北高原生物研究所',1022),(1022116,'西双版纳热带植物园',1022),(1022117,'西安光学精密机械研究所',1022),(1022118,'西安分院',1022),(1022119,'计算与通信工程学院',1022),(1022120,'计算技术研究所',1022),(1022121,'计算机网络信息中心',1022),(1022122,'资源与环境学院',1022),(1022123,'资环学院',1022),(1022124,'软件研究所',1022),(1022125,'过程工程研究所',1022),(1022126,'近代物理研究所',1022),(1022127,'近物所',1022),(1022128,'遗传与发育生物学研究所',1022),(1022129,'遥感卫星地面站',1022),(1022130,'遥感应用研究所',1022),(1022131,'金属研究所',1022),(1022132,'长春光机所',1022),(1022133,'长春分院',1022),(1022134,'长春应用化学研究所',1022),(1022135,'长沙大地构造研究所',1022),(1022136,'院直属地球化学研究所',1022),(1022137,'青岛海洋研究所',1022),(1022138,'青藏高原所',1022),(1022139,'高能物理研究所',1022),(1022140,'南京天文仪器研制中心',1022),(1023001,'东方学院',1023),(1023002,'东直门医院',1023),(1023003,'中药制药',1023),(1023004,'中药学院',1023),(1023005,'中药系',1023),(1023006,'台港澳中医学部',1023),(1023007,'国际学院',1023),(1023008,'基础医学院',1023),(1023009,'护理学院',1023),(1023010,'教育培训中心',1023),(1023011,'文法系',1023),(1023012,'管理学院',1023),(1023013,'继续教育学院',1023),(1023014,'远程教育学院',1023),(1023015,'针灸学院',1023),(1023016,'高职',1023),(1024001,'人文学院',1024),(1024002,'会计学院',1024),(1024003,'伪科学与现代艺术学院',1024),(1024004,'信息学院',1024),(1024005,'公共管理系',1024),(1024006,'劳动经济学院',1024),(1024007,'华侨学院',1024),(1024008,'华侨学院',1024),(1024009,'城市学院',1024),(1024010,'外语系',1024),(1024011,'安全与环境工程学院',1024),(1024012,'密云分校',1024),(1024013,'对外文化交流学院',1024),(1024014,'工商管理学院',1024),(1024015,'法学系',1024),(1024016,'经济学院',1024),(1024017,'统计学系',1024),(1024018,'统计学院',1024),(1024019,'财政税务学院',1024),(1024020,'贸经系',1024),(1024021,'金融学院',1024),(1024022,'长城旅游学院',1024),(1025001,'MBA教育中心',1025),(1025002,'中国公共财政与政策研究院',1025),(1025003,'中国经济与管理研究院',1025),(1025004,'中国金融发展研究院',1025),(1025005,'会计学院',1025),(1025006,'体育经济与管理系',1025),(1025007,'保险学院',1025),(1025008,'信息学院',1025),(1025009,'华夏管理学院',1025),(1025010,'商学院',1025),(1025011,'国防经济与管理研究院',1025),(1025012,'外语学院',1025),(1025013,'投资经济系',1025),(1025014,'政府管理学院',1025),(1025015,'文化与传媒学院',1025),(1025016,'新闻',1025),(1025017,'法学院',1025),(1025018,'社会发展学院',1025),(1025019,'税务学院',1025),(1025020,'管理工程学院',1025),(1025021,'经济学院',1025),(1025022,'经济数学系',1025),(1025023,'统计学院',1025),(1025024,'财政与公共管理学院',1025),(1025025,'财政学院',1025),(1025026,'金融学院',1025),(1026001,'信息工程学院',1026),(1026002,'动漫学院',1026),(1026003,'建筑工程学院',1026),(1026004,'成人教育学院',1026),(1026005,'文法学院',1026),(1026006,'机电工程学院',1026),(1026007,'机电工程学院自动化系',1026),(1026008,'理学院',1026),(1026009,'经济管理学院',1026),(1026010,'艺术学院',1026),(1027001,'人文与社会科学部',1027),(1027002,'会计学专业',1027),(1027003,'体育教学部',1027),(1027004,'信息与计算科学专业',1027),(1027005,'信息管理与信息系统专业',1027),(1027006,'化学工程与工艺专业',1027),(1027007,'化工学院',1027),(1027008,'国济经济与贸易专业',1027),(1027009,'土木工程专业',1027),(1027010,'地质工程专业',1027),(1027011,'外语系',1027),(1027012,'工商管理专业',1027),(1027013,'工商管理学院',1027),(1027014,'市场营销专业',1027),(1027015,'应用化学专业',1027),(1027016,'数理系',1027),(1027017,'机械设计制造及其自动化',1027),(1027018,'机电工程学院',1027),(1027019,'材料科学专业',1027),(1027020,'油气储运工程专业',1027),(1027021,'环境工程专业',1027),(1027022,'环境科学专业',1027),(1027023,'电子信息工程专业',1027),(1027024,'石油天然气工程学院',1027),(1027025,'石油工程专业',1027),(1027026,'自动化专业',1027),(1027027,'计算机科学与技术专业',1027),(1027028,'财务管理专业',1027),(1027029,'资源与信息学院',1027),(1027030,'过程装备与控制工程专业',1027),(1027031,'高职',1027),(1028001,'IPP',1028),(1028002,'国际关系研究所',1028),(1028003,'国际法系',1028),(1028004,'国际经济系',1028),(1028005,'基础教学部',1028),(1028006,'外交学系',1028),(1028007,'外语系',1028),(1028008,'成教学院',1028),(1028009,'研究生部',1028),(1028010,'英语系',1028),(1029001,'两课教研部',1029),(1029002,'中国书法文化研究所',1029),(1029003,'体育教研部',1029),(1029004,'信息工程学院',1029),(1029005,'初教院',1029),(1029006,'初等教育学院',1029),(1029007,'化学系',1029),(1029008,'历史系',1029),(1029009,'国际文化学院',1029),(1029010,'外国语学院',1029),(1029011,'大英教研部',1029),(1029012,'应用外语学院',1029),(1029013,'成教学院',1029),(1029014,'政法学院',1029),(1029015,'教育技术系',1029),(1029016,'教育科学学院',1029),(1029017,'数学科学学院',1029),(1029018,'文学院',1029),(1029019,'汉语言文学',1029),(1029020,'物理系',1029),(1029021,'生命科学学院',1029),(1029022,'科德学院',1029),(1029023,'经济管理学院',1029),(1029024,'美术学院',1029),(1029025,'艺术与传媒学院',1029),(1029026,'资环学院',1029),(1029027,'音乐学院',1029),(1030001,'导演系',1030),(1030002,'影视艺术职业学院',1030),(1030003,'戏剧文学系',1030),(1030004,'成人教育学院',1030),(1030005,'电影电视系',1030),(1030006,'舞台美术系',1030),(1030007,'艺术管理系',1030),(1030008,'表演系',1030),(1031001,'中国语言文学系',1031),(1031002,'体育教学中心',1031),(1031003,'公共管理系',1031),(1031004,'分院',1031),(1031005,'外国语言文学系',1031),(1031006,'外语教学研究中心',1031),(1031007,'文化基础部',1031),(1031008,'新闻与传播系',1031),(1031009,'法律系',1031),(1031010,'社会工作与管理系',1031),(1031011,'社会科学部',1031),(1031012,'管理系',1031),(1031013,'经济系',1031),(1031014,'经管',1031),(1031015,'职业技术学院',1031),(1031016,'计算机教学与应用中心',1031),(1031017,'计算机系',1031),(1031018,'财政金融系',1031),(1031019,'青少年工作系',1031),(1032001,'中国外语教育研究中心',1032),(1032002,'亚非学院东南亚语系马来语',1032),(1032003,'亚非学院西亚非洲语系',1032),(1032004,'亚非学院韩语系',1032),(1032005,'亚非语系',1032),(1032006,'俄语学院',1032),(1032007,'保加利亚语',1032),(1032008,'国际交流学院',1032),(1032009,'国际关系学院',1032),(1032010,'国际商学院',1032),(1032011,'培训学院',1032),(1032012,'德语系',1032),(1032013,'意大利语',1032),(1032014,'欧洲语言系',1032),(1032015,'法学院',1032),(1032016,'法语系',1032),(1032017,'法语系意大利语专业',1032),(1032018,'瑞典语',1032),(1032019,'继续教育学院',1032),(1032020,'英语',1032),(1032021,'英语学院',1032),(1032022,'西班牙语系',1032),(1032023,'西葡语系',1032),(1032024,'计算机',1032),(1032025,'阿拉伯语系',1032),(1032026,'高级翻译学院',1032),(1032027,'日语系',1032),(1033001,'人文与社会科学学院',1033),(1033002,'人文学院',1033),(1033003,'体育教学部',1033),(1033004,'信息工程系',1033),(1033005,'动力工程系',1033),(1033006,'动力系',1033),(1033007,'可再生能源学院',1033),(1033008,'商务管理',1033),(1033009,'培训学院',1033),(1033010,'外国语学院',1033),(1033011,'工商管理学院',1033),(1033012,'建筑工程系',1033),(1033013,'成人教育学院',1033),(1033014,'控制科学与工程学院',1033),(1033015,'数理学院',1033),(1033016,'机械工程学院',1033),(1033017,'法政系',1033),(1033018,'环境工程和化学专业',1033),(1033019,'电力工程系',1033),(1033020,'电子与信息工程学院',1033),(1033021,'电子与通信工程系',1033),(1033022,'电气与电子工程学院',1033),(1033023,'电气工程学院',1033),(1033024,'研究生院',1033),(1033025,'科技学院',1033),(1033026,'能源与动力工程学院',1033),(1033027,'自动化',1033),(1033028,'计算机科学与技术学院',1033),(1034001,'交通管理工程系',1034),(1034002,'侦查系',1034),(1034003,'信息安全工程系',1034),(1034004,'公安情报学系',1034),(1034005,'公安文学系',1034),(1034006,'公安管理系',1034),(1034007,'军队保卫系',1034),(1034008,'刑事科学技术系',1034),(1034009,'安全防范系',1034),(1034010,'治安系',1034),(1034011,'法律文秘',1034),(1034012,'法律系',1034),(1034013,'涉外警务系',1034),(1034014,'犯罪学系',1034),(1034015,'理科基础课教研部',1034),(1034016,'研究生大队',1034),(1034017,'研究生部',1034),(1034018,'继续教育学院',1034),(1034019,'行政管理',1034),(1034020,'警体战训教研部',1034),(1034021,'通信',1034),(1034022,'马列理论课教研部',1034),(1035001,'临床医学院',1035),(1035002,'公共卫生学院',1035),(1035003,'医药生物技术研究所',1035),(1035004,'基础医学院',1035),(1035005,'护理学院',1035),(1035006,'生物医学工程研究所',1035),(1035007,'药物所',1035),(1036001,'两课教学部',1036),(1036002,'体育中专',1036),(1036003,'体育传媒系',1036),(1036004,'国际交流中心',1036),(1036005,'外语系',1036),(1036006,'应用心理',1036),(1036007,'成教学院',1036),(1036008,'教育学院',1036),(1036009,'武术学院',1036),(1036010,'现代教育技术中心',1036),(1036011,'研究生院',1036),(1036012,'竞技体育学校武术学院',1036),(1036013,'竞技体育学院',1036),(1036014,'管理学院',1036),(1036015,'艺术系',1036),(1036016,'运动人体科学学院',1036),(1036017,'运动人体科学学院 应用心理',1036),(1036018,'高尔夫专项班',1036),(1037001,'会计学院',1037),(1037002,'传播与艺术学院',1037),(1037003,'信息工程学院',1037),(1037004,'化学与环境工程学院',1037),(1037005,'商学院',1037),(1037006,'嘉华学院',1037),(1037007,'基础部',1037),(1037008,'塑料研究所材料科学与工程系',1037),(1037009,'外语部',1037),(1037010,'应用技术学院',1037),(1037011,'数字内容学院',1037),(1037012,'数理系',1037),(1037013,'机械自动化学院',1037),(1037014,'法学院',1037),(1037015,'研究生部',1037),(1037016,'社会科学部',1037),(1037017,'经济学院',1037),(1037018,'继续教育学院',1037),(1037019,'计算机学院',1037),(1037020,'金融系',1037),(1038001,'Aller en France',1038),(1038002,'东方信息技术学院',1038),(1038003,'信息学院',1038),(1038004,'商务学院',1038),(1038005,'国际交流学院',1038),(1038006,'国际语言文化学院',1038),(1038007,'师范学院',1038),(1038008,'平谷学院',1038),(1038009,'广告学院',1038),(1038010,'广告学院',1038),(1038011,'应用文理学院',1038),(1038012,'旅游学院',1038),(1038013,'机电学院',1038),(1038014,'特殊教育学院',1038),(1038015,'生物化学工程学院',1038),(1038016,'管理学院',1038),(1038017,'继续教育学院',1038),(1038018,'网通软件职业技术学院',1038),(1038019,'自动化学院',1038),(1038020,'计算机',1038),(1039001,'……',1039),(1039002,'中医药临床医学院',1039),(1039003,'中医药学院',1039),(1039004,'儿科医学院',1039),(1039005,'公共卫生与家庭医学学院',1039),(1039006,'化学生物学与药学院',1039),(1039007,'卫生管理与教育学院',1039),(1039008,'口腔医学院',1039),(1039009,'基础医学院',1039),(1039010,'妇产医学院',1039),(1039011,'康复医学院',1039),(1039012,'护理学院',1039),(1039013,'燕京医学院',1039),(1039014,'燕京医学院',1039),(1039015,'生物医学工程学院',1039),(1039016,'第一临床医学院',1039),(1039017,'第三临床医学院',1039),(1039018,'第九临床医学院',1039),(1039019,'第二临床医学院',1039),(1039020,'第五临床医学院',1039),(1039021,'第八临床医学院',1039),(1039022,'第六临床医学院',1039),(1039023,'第四临床医学院',1039),(1039024,'精神卫生学院',1039),(1039025,'继续教育学院',1039),(1040001,'信息科技系',1040),(1040002,'公共管理系',1040),(1040003,'国际性关系',1040),(1040004,'国际政治系',1040),(1040005,'国际经济系',1040),(1040006,'左联',1040),(1040007,'文化与传播系',1040),(1040008,'日法语系',1040),(1040009,'法律系',1040),(1040010,'研究生',1040),(1040011,'英语系',1040),(1041001,'中国画学院',1041),(1041002,'人文学院',1041),(1041003,'动画系',1041),(1041004,'城市设计学院',1041),(1041005,'壁画系',1041),(1041006,'学术怎么办系',1041),(1041007,'实验电影系',1041),(1041008,'建筑学院',1041),(1041009,'油画系',1041),(1041010,'版画系',1041),(1041011,'继续教育学院',1041),(1041012,'美术史系',1041),(1041013,'艺术管理系',1041),(1041014,'设计学院',1041),(1041015,'造型学院',1041),(1041016,'雕塑系',1041),(1042001,'信息安全系',1042),(1042002,'基础学科教学部',1042),(1042003,'实验教学中心',1042),(1042004,'成人教育中心',1042),(1042005,'电子信息工程系',1042),(1042006,'科研中心',1042),(1042007,'经济管理系',1042),(1042008,'艺术系',1042),(1042009,'行政管理系',1042),(1042010,'计算机科学与技术系',1042),(1042011,'通信工程系',1042),(1043001,'公共管理系',1043),(1043002,'劳动关系系',1043),(1043003,'劳动关系系英桥高等职业学院',1043),(1043004,'基础部',1043),(1043005,'外语教学部',1043),(1043006,'安全工程系',1043),(1043007,'工会学系',1043),(1043008,'工会干部培训部',1043),(1043009,'成人教育学院',1043),(1043010,'文化传播系',1043),(1043011,'法学系',1043),(1043012,'经济管理系',1043),(1043013,'英桥学院',1043),(1044001,'中华高丽学院',1044),(1044002,'中文系',1044),(1044003,'人力资源管理系',1044),(1044004,'会计系',1044),(1044005,'公共教学部',1044),(1044006,'外语系',1044),(1044007,'女性学系',1044),(1044008,'学前教育系',1044),(1044009,'山东分院',1044),(1044010,'护理',1044),(1044011,'教育系',1044),(1044012,'法律系',1044),(1044013,'社会工作系',1044),(1044014,'经济管理系',1044),(1044015,'继续教育学院',1044),(1044016,'艺术系',1044),(1044017,'计算机系',1044),(1044018,'金融系',1044),(1045001,'人文社会科学系',1045),(1045002,'体育部',1045),(1045003,'国际教育交流学院',1045),(1045004,'土木工程系',1045),(1045005,'城市建设工程系',1045),(1045006,'基础课部',1045),(1045007,'外语部',1045),(1045008,'建筑系',1045),(1045009,'文法学院',1045),(1045010,'暖燃重点实验室',1045),(1045011,'机电工程系',1045),(1045012,'测绘与城市空间信息学院',1045),(1045013,'测绘工程系',1045),(1045014,'环境与能源工程学院',1045),(1045015,'电气与信息工程学院',1045),(1045016,'电气工程与自动化系',1045),(1045017,'管理工程系',1045),(1045018,'经济与管理工程学院',1045),(1045019,'继续教育学院',1045),(1045020,'计算机科学与技术系',1045),(1046001,'体育部',1046),(1046002,'信息与机电学院',1046),(1046003,'出版传播与管理学院',1046),(1046004,'出版系',1046),(1046005,'印刷与包装工程学院',1046),(1046006,'印刷工程系',1046),(1046007,'基础部',1046),(1046008,'研究生部',1046),(1046009,'社科部',1046),(1046010,'继续教育学院',1046),(1046011,'职业技术学院',1046),(1046012,'设计艺术学院',1046),(1047001,'人文社科学院',1047),(1047002,'体育教学部',1047),(1047003,'信息工程学院',1047),(1047004,'化学工程学院',1047),(1047005,'国际教育学院',1047),(1047006,'外语系',1047),(1047007,'工程教育中心',1047),(1047008,'数理系',1047),(1047009,'机械工程学院',1047),(1047010,'材料科学与工程系',1047),(1047011,'经济管理学院',1047),(1047012,'继续教育学院',1047),(1048001,'基础部',1048),(1048002,'建筑与环保工程系',1048),(1048003,'成教学院',1048),(1048004,'机电工程系',1048),(1048005,'经济管理系',1048),(1048006,'计算机系',1048),(1049001,'动物科学技术系',1049),(1049002,'园林系',1049),(1049003,'国际学院',1049),(1049004,'基础科学系',1049),(1049005,'外语教学部',1049),(1049006,'政法系',1049),(1049007,'植物科学技术系',1049),(1049008,'生物技术系',1049),(1049009,'经济贸易系',1049),(1049010,'继续教育学院',1049),(1049011,'职业技术学院',1049),(1049012,'食品科学系',1049),(1050001,'体育保健康复系',1050),(1050002,'体育教育系',1050),(1050003,'成人教育部',1050),(1050004,'技术学科部',1050),(1050005,'民族传统体育系',1050),(1050006,'理论学科部',1050),(1050007,'研究生部',1050),(1050008,'社会体育系',1050),(1050009,'竞技体校',1050),(1050010,'管理与新闻系',1050),(1050011,'运动训练系',1050),(1051001,'HND',1051),(1051002,'俄语系',1051),(1051003,'国际教育学院',1051),(1051004,'国际文化交流学院',1051),(1051005,'国际经济贸易学院',1051),(1051006,'对外汉语',1051),(1051007,'德语系',1051),(1051008,'旅游发展研究院',1051),(1051009,'旅游管理学院',1051),(1051010,'日语系',1051),(1051011,'朝鲜语系',1051),(1051012,'法意语系',1051),(1051013,'法政学院',1051),(1051014,'经济管理',1051),(1051015,'继续教育学院',1051),(1051016,'翻译学院',1051),(1051017,'职业技术学院',1051),(1051018,'英语系',1051),(1051019,'西葡语系',1051),(1051020,'计算机科学与技术',1051),(1051021,'财务管理',1051),(1051022,'阿拉伯语系',1051),(1051023,'国际传播学院',1051),(1052001,'会计系',1052),(1052002,'体育教学部',1052),(1052003,'信息学院',1052),(1052004,'劳动人事系',1052),(1052005,'国际合作班',1052),(1052006,'基础教学部',1052),(1052007,'外语系',1052),(1052008,'工商管理系',1052),(1052009,'成人教育学院',1052),(1052010,'法政系',1052),(1052011,'物流系',1052),(1052012,'研究生部',1052),(1052013,'管理科学与工程系',1052),(1052014,'经济学院',1052),(1052015,'经济系',1052),(1053001,'侦察系',1053),(1053002,'公共业务基础教研部',1053),(1053003,'公安科技教研部',1053),(1053004,'公安管理',1053),(1053005,'刑事侦查',1053),(1053006,'刑事科学技术',1053),(1053007,'文化教研部',1053),(1053008,'治安学',1053),(1053009,'治安管理系',1053),(1053010,'法律系',1053),(1053011,'理论教研部',1053),(1053012,'装甲兵工程学院',1053),(1053013,'警体教研部',1053),(1053014,'道路交通管理',1053),(1054001,'作曲系',1054),(1054002,'基础教育部',1054),(1054003,'声歌系',1054),(1054004,'指挥系',1054),(1054005,'民乐系',1054),(1054006,'现代电子音乐',1054),(1054007,'电子音乐中心',1054),(1054008,'管弦系',1054),(1054009,'继续教育学院',1054),(1054010,'远程音乐教育学院',1054),(1054011,'钢琴系',1054),(1054012,'音乐学系',1054),(1054013,'音乐教育系',1054),(1054014,'音乐科技部',1054),(1055001,'导演系',1055),(1055002,'戏曲文学系',1055),(1055003,'成人教育部',1055),(1055004,'新媒体艺术系',1055),(1055005,'研究生部',1055),(1055006,'舞台美术系',1055),(1055007,'艺术传媒学院',1055),(1055008,'表演系',1055),(1055009,'音乐系',1055),(1056001,'中国古典舞系',1056),(1056002,'中国民族民间舞系',1056),(1056003,'社会科学部',1056),(1056004,'社会舞蹈系',1056),(1056005,'继续教育学院',1056),(1056006,'舞蹈学系',1056),(1056007,'舞蹈编导系',1056),(1056008,'艺术传播系',1056),(1056009,'艺术设计系',1056),(1056010,'芭蕾舞系',1056),(1056011,'音乐剧系',1056),(1056012,'音乐部',1056),(1057001,'中关村学部',1057),(1057002,'信息学部',1057),(1057003,'北京城市学院',1057),(1057004,'土木工程',1057),(1057005,'培训学部',1057),(1057006,'应用技术学部',1057),(1057007,'成人教育学部',1057),(1057008,'现代技术服务学部',1057),(1057009,'理工学部',1057),(1057010,'生物技术学部',1057),(1057011,'电子信息工程',1057),(1057012,'经济管理学部',1057),(1057013,'艺术学部',1057),(1057014,'语言文化学部',1057),(1057015,'财经部',1057),(1057016,'软件工程学部',1057),(1058001,'动画学院',1058),(1058002,'国际交流学院',1058),(1058003,'基础部',1058),(1058004,'导演系',1058),(1058005,'录音系',1058),(1058006,'影视技术系',1058),(1058007,'技术研究所',1058),(1058008,'摄影学院',1058),(1058009,'摄影系',1058),(1058010,'文学系',1058),(1058011,'电影学系',1058),(1058012,'电影研究所',1058),(1058013,'研究生部',1058),(1058014,'管理系',1058),(1058015,'继续教育学院',1058),(1058016,'美术系',1058),(1058017,'表演学院',1058),(1058018,'高职学院',1058),(1059001,'人物形象设计',1059),(1059002,'商学院',1059),(1059003,'外语系',1059),(1059004,'工业设计与信息工程学院',1059),(1059005,'广告',1059),(1059006,'服装艺术与工程学院',1059),(1059007,'材料科学与工程学院',1059),(1059008,'珠宝首饰设计',1059),(1059009,'电气信息类',1059),(1059010,'继续教育学院',1059),(1059011,'美术系',1059),(1059012,'艺术类',1059),(1059013,'艺术设计学院',1059),(1059014,'莱佛士国际学院',1059),(1059015,'高职',1059),(1060001,'基础教学部',1060),(1060002,'语言与传播系',1060),(1060003,'语言与传播系',1060),(1060004,'财务与管理系',1060),(1061001,'应用外语学院',1061),(1061002,'艺术与传媒学院',1061),(1061003,'软件工程',1061),(1062001,'信息工程系',1062),(1062002,'基础部',1062),(1062003,'外语系',1062),(1062004,'机械系',1062),(1062005,'管理系',1062),(1062006,'艺术系',1062),(1063001,'信息学院',1063),(1063002,'文法院',1063),(1063003,'理工学院',1063),(1063004,'经管学院',1063),(1063005,'自考部',1063),(1064001,'���ϵ',1064),(1064002,'����ϵ',1064),(1064003,'����ϵ',1064),(1065001,'电信工程系',1065),(1065002,'电子信息工程系',1065),(1065003,'经济管理系',1065),(1065004,'自动化系',1065),(1065005,'艺术与传媒学院',1065),(1065006,'计算机科学与技术系',1065),(1066001,'临床医学院',1066),(1066002,'公共交学部',1066),(1066003,'公共卫生学院',1066),(1066004,'基础医学院',1066),(1066005,'护理学院',1066),(1066006,'网络学院',1066),(1066007,'药学院',1066),(1067001,'人文系',1067),(1067002,'国经系',1067),(1067003,'法学院',1067),(1067004,'法律系',1067),(1067005,'计算机系',1067),(1068001,'商贸管理系',1068),(1068002,'数字艺术系',1068),(1068003,'电子工程系',1068),(1068004,'网络工程系',1068),(1068005,'自动化工程系',1068),(1068006,'英语系',1068),(1068007,'计算机与信息工程系',1068),(1068008,'计算机应用系',1068),(1068009,'财经系',1068),(1068010,'软件工程',1068),(1069001,'北京现代职业技术学院',1069),(1069002,'工程学院',1069),(1069003,'财经学院',1069),(1070001,'传媒艺术学院',1070),(1070002,'国标舞系',1070),(1070003,'工艺美术系',1070),(1070004,'录音艺术系',1070),(1070005,'影视制作系',1070),(1070006,'民乐系',1070),(1070007,'流行演唱学院',1070),(1070008,'爵士乐系',1070),(1070009,'舞蹈系',1070),(1070010,'艺术管理系',1070),(1070011,'表演系',1070),(1070012,'说唱艺术系',1070),(1070013,'音乐制作系',1070),(1070014,'音乐教育系',1070),(1071001,'音乐系',1071),(1074001,'中医系',1074),(1074002,'会计系',1074),(1074003,'国际贸易系',1074),(1074004,'外语系',1074),(1074005,'工商学院',1074),(1074006,'新闻广告系',1074),(1074007,'旅游系',1074),(1074008,'法律系',1074),(1074009,'经济学院',1074),(1074010,'艺术学院',1074),(1074011,'行政管理系',1074),(1074012,'计算机系',1074),(1075001,'信息技术系',1075),(1075002,'北京农业职业学院',1075),(1075003,'北京农学院',1075),(1075004,'北京农学院',1075),(1075005,'园林系',1075),(1075006,'园艺系',1075),(1075007,'国际学院',1075),(1075008,'基础部',1075),(1075009,'文秘法律系',1075),(1075010,'水利与建筑工程系',1075),(1075011,'畜牧兽医系',1075),(1075012,'社区管理系',1075),(1075013,'经济管理系',1075),(1075014,'经济贸易系',1075),(1075015,'财会金融系',1075),(1075016,'食品系',1075),(1076001,'3S软件技术学院',1076),(1076002,'中国国学院',1076),(1076003,'中韩国际学院',1076),(1076004,'信息工程学院',1076),(1076005,'信息工程学院',1076),(1076006,'北京仁德中学',1076),(1076007,'印刷学院',1076),(1076008,'参奥特殊艺术学院',1076),(1076009,'商学院',1076),(1076010,'国术演艺系',1076),(1076011,'国防科技学院',1076),(1076012,'国际教育工程学院',1076),(1076013,'国际标业学院',1076),(1076014,'国际标业学院',1076),(1076015,'国际跆拳道系',1076),(1076016,'外语学院',1076),(1076017,'天骄影视学院',1076),(1076018,'心理系',1076),(1076019,'文化产业学院',1076),(1076020,'新闻传播学院',1076),(1076021,'旅游学院',1076),(1076022,'日语学院',1076),(1076023,'昊月国际学院',1076),(1076024,'机电工程学院',1076),(1076025,'汽车工程学院',1076),(1076026,'法学院',1076),(1076027,'现代教育学院',1076),(1076028,'现代物流学院',1076),(1076029,'现代管理学院',1076),(1076030,'生命科学学院',1076),(1076031,'电信运营学院',1076),(1076032,'社工学院',1076),(1076033,'继续教育学院',1076),(1076034,'职业经理人学院',1076),(1076035,'航空服务学院',1076),(1076036,'艺术设计学院',1076),(1076037,'计算机工程学院',1076),(1076038,'通信学院',1076),(1076039,'金融学院',1076),(1076040,'雅顿文化创意传媒学院',1076),(1076041,'青春美国际艺术学院',1076),(1077001,'商务英语',1077),(1077002,'国际商务系',1077),(1077003,'国际经济与贸易',1077),(1077004,'外贸英语',1077),(1077005,'天津学院',1077),(1077006,'工商企业管理',1077),(1077007,'建筑工程',1077),(1077008,'文法系',1077),(1077009,'旅游管理系',1077),(1077010,'汽车商务系',1077),(1077011,'生物技术',1077),(1077012,'电子商务',1077),(1077013,'经营管理系',1077),(1077014,'网络与信息工程系',1077),(1077015,'自动化工程系',1077),(1077016,'艺术设计系',1077),(1077017,'计算机科学工程系',1077),(1077018,'计算机科学技术',1077),(1077019,'金融系',1077),(1078001,'人力资源管理系',1078),(1078002,'会计学系',1078),(1078003,'传媒艺术与技术系',1078),(1078004,'国际贸易系',1078),(1078005,'声乐系',1078),(1078006,'外贸英语系',1078),(1078007,'室内设计系',1078),(1078008,'工商管理系',1078),(1078009,'影片制作管理系',1078),(1078010,'影视表演系',1078),(1078011,'旅游英语系',1078),(1078012,'日语系',1078),(1078013,'服装艺术设计系',1078),(1078014,'法律系',1078),(1078015,'法语系',1078),(1078016,'物流管理系',1078),(1078017,'环境艺术设计系',1078),(1078018,'电子商务系',1078),(1078019,'综合教育学院',1078),(1078020,'网络工程系',1078),(1078021,'航空服务学院',1078),(1078022,'装潢艺术设计系',1078),(1078023,'西班牙语系',1078),(1078024,'计算机应用系',1078),(1078025,'阿拉伯语系',1078),(1079001,'会计系',1079),(1079002,'商管系',1079),(1079003,'外语系',1079),(1079004,'新闻系',1079),(1079005,'旅游学院',1079),(1079006,'机电系',1079),(1079007,'电子信息工程',1079),(1079008,'计算机系',1079),(1079009,'金融保险系',1079),(1080001,'建筑工程',1080),(1080002,'电子信息',1080),(1080003,'电子商务',1080),(1081001,'建筑',1081),(1081002,'建筑工程技术',1081),(1081003,'旅游管理',1081),(1081004,'汽车技术服务与营销',1081),(1081005,'物业管理',1081),(1081006,'计算机',1081),(1082001,'中国歌舞团音乐舞蹈学院',1082),(1082002,'信息工程学院',1082),(1082003,'动漫与游戏学院',1082),(1082004,'北京欧美外语中学',1082),(1082005,'商学院',1082),(1082006,'国际管理学院',1082),(1082007,'应用心理学院',1082),(1082008,'文学院',1082),(1082009,'新闻传播学院',1082),(1082010,'欧美国际学院',1082),(1082011,'武术学院',1082),(1082012,'汽车学院',1082),(1082013,'法学院',1082),(1082014,'现代艺术学院',1082),(1082015,'生命科学与技术学院',1082),(1082016,'陈琳外国语学院',1082),(1083001,'动画系',1083),(1083002,'国际部',1083),(1083003,'娱乐经济系',1083),(1083004,'教育系',1083),(1083005,'经济管理系',1083),(1083006,'英语系',1083),(1083007,'计算机系',1083),(1084001,'信息工程系',1084),(1084002,'基础部',1084),(1084003,'建筑工程系',1084),(1084004,'机电工程系',1084),(1084005,'现代物流学院',1084),(1084006,'社会科学系',1084),(1084007,'经济工程系',1084),(1085001,'国际贸易',1085),(1085002,'工商管理',1085),(1085003,'工商系',1085),(1085004,'工程系',1085),(1085005,'法律系',1085),(1085006,'艺术系',1085),(1085007,'英语系',1085),(1085008,'行政新闻系',1085),(1085009,'计算机系',1085),(1085010,'财经系',1085),(1086001,'工程技术系',1086),(1086002,'工程技术系',1086),(1086003,'电信工程系',1086),(1086004,'电子工程系',1086),(1086005,'经济管理系',1086),(1086006,'艺术系',1086),(1087001,'信息系',1087),(1087002,'国际教育学院',1087),(1087003,'基础部',1087),(1087004,'工商系',1087),(1087005,'旅游系',1087),(1087006,'物流系',1087),(1087007,'立信会计学院',1087),(1087008,'艺术学院',1087),(1087009,'金融系',1087),(1088001,'外国语系',1088),(1088002,'多媒体艺术设计系',1088),(1088003,'经济管理系',1088),(1088004,'计算机应用',1088),(1088005,'计算机应用技术系',1088),(1088006,'计算机网络技术系',1088),(1088007,'计算机软件技术系',1088),(1089001,'ʷ��ϵ',1089),(1089002,'��ѧԺ',1089),(1089003,'����ϵ',1089),(1089004,'��������ϵ',1089),(1089005,'�滭ϵ',1089),(1089006,'�ۺ�����ϵ',1089),(1089007,'��̨����ϵ',1089),(1089008,'���ϵ',1089),(1089009,'����ϵ',1089),(1090001,'中国书法艺术学院',1090),(1090002,'国际会计金融学院',1090),(1090003,'国际学院',1090),(1090004,'国际工商管理学院',1090),(1090005,'国际航空服务学院',1090),(1090006,'外语学院',1090),(1090007,'对外贸易经济学院',1090),(1090008,'广告学院',1090),(1090009,'政法学院',1090),(1090010,'文学院',1090),(1090011,'服装学院',1090),(1090012,'武术学院',1090),(1090013,'法学院',1090),(1090014,'理工学院',1090),(1090015,'经济管理学院',1090),(1090016,'艺术学院',1090),(1090017,'计算机信息工程学院',1090),(1090018,'计算机学院',1090),(1091001,'剑桥秘书学院',1091),(1091002,'商务秘书',1091),(1091003,'涉外学院',1091),(1091004,'现代管理学院',1091),(1091005,'现代高等秘书系',1091),(1091006,'航空服务',1091),(1091007,'艺术学院',1091),(1092001,'物流',1092),(1092002,'环境艺术设计',1092),(1092003,'电子商务',1092),(1092004,'软件工程',1092),(1093001,'信息安全学院',1093),(1093002,'信息工程学院',1093),(1093003,'国贸',1093),(1093004,'国际学院',1093),(1093005,'文物鉴赏',1093),(1093006,'文理学院',1093),(1093007,'新闻',1093),(1093008,'旅游',1093),(1093009,'海淀校区',1093),(1093010,'科技防卫',1093),(1093011,'管理学院',1093),(1093012,'艺术',1093),(1093013,'英语',1093),(1093014,'计算机技术与应用',1093),(1093015,'软件工程',1093),(1093016,'通信工程',1093),(1093017,'青岛艺术校区',1093),(1094001,'作曲与作曲技术理论',1094),(1094002,'声乐歌剧',1094),(1094003,'成人教育部',1094),(1094004,'指挥',1094),(1094005,'民族器乐',1094),(1094006,'社会科学部',1094),(1094007,'管弦乐',1094),(1094008,'艺术管理',1094),(1094009,'钢琴',1094),(1094010,'音乐学',1094),(1094011,'音乐教育',1094),(1095001,'传媒与艺术学院',1095),(1095002,'信息工程学院',1095),(1095003,'信息工程学院',1095),(1095004,'商贸学院',1095),(1095005,'机电学院',1095),(1095006,'经济与管理学院',1095),(1096001,'北京青年政治学院',1096),(1096002,'文秘系',1096),(1096003,'法律系',1096),(1096004,'泰尔弗商务分院',1096),(1096005,'社工系',1096),(1096006,'管理系',1096),(1096007,'艺术系',1096),(1096008,'英语系',1096),(1096009,'计算机系',1096),(1096010,'青少系',1096),(1097001,'交通运输与管理学院',1097),(1097002,'会计学院',1097),(1097003,'信息工程学院',1097),(1097004,'外语学院',1097),(1097005,'工商管理学院',1097),(1097006,'文法艺术学院',1097),(1097007,'物流学院',1097),(1097008,'经济管理学院',1097),(1097009,'计算机',1097),(1098001,'信息工程系',1098),(1098002,'国际部',1098),(1098003,'基础部',1098),(1098004,'外国语言系',1098),(1098005,'工商管理2系',1098),(1098006,'工商管理系',1098),(1098007,'机电工程系',1098),(1098008,'电子工程系',1098),(1098009,'经济贸易2系',1098),(1098010,'经济贸易系',1098),(1098011,'财务会计2系',1098),(1098012,'财务会计系',1098),(1099001,'商学院',1099),(1099002,'国际学院',1099),(1099003,'外事学院',1099),(1099004,'文理学院',1099),(1099005,'日语学院',1099),(1099006,'经管学院',1099),(1099007,'翻译学院',1099),(1100001,'IT研究院',1100),(1100002,'中英采购与供应管理',1100),(1100003,'商务管理系',1100),(1100004,'建筑工程系',1100),(1100005,'现代物流管理专业',1100),(1100006,'现代经济管理系',1100),(1100007,'生命科学与技术系',1100),(1100008,'社会科学系',1100),(1100009,'自动化系',1100),(1100010,'计算机信息管理专业',1100),(1100011,'计算机科学与技术系',1100),(1100012,'计算机通信系',1100),(1100013,'调查与分析专业',1100),(1100014,'财经贸易系',1100),(1100015,'软件工程',1100),(1101001,'���ѧ',1101),(1101002,'����ѧ',1101),(1105001,'基础建设学院',1105),(1105002,'广告系',1105),(1105003,'武汉信息产业',1105),(1105004,'经济管理学院',1105),(1105005,'英语',1105),(1105006,'计算机',1105),(1105007,'院系',1105),(2001001,'上海医学院',2001),(2001002,'世界经济系',2001),(2001003,'中国语言文学系',2001),(2001004,'中法物流管理',2001),(2001005,'企业管理系',2001),(2001006,'传播学系',2001),(2001007,'保险系',2001),(2001008,'信息管理与信息系统系',2001),(2001009,'光源与照明工程系',2001),(2001010,'光科学与工程系',2001),(2001011,'公共卫生学院',2001),(2001012,'公共经济学系',2001),(2001013,'公共行政系',2001),(2001014,'内科学系',2001),(2001015,'力学与工程科学系',2001),(2001016,'化学系',2001),(2001017,'历史学系',2001),(2001018,'哲学系',2001),(2001019,'国贸',2001),(2001020,'国际关系与公共事务学院',2001),(2001021,'国际政治系',2001),(2001022,'国际经济与贸易',2001),(2001023,'国际金融系',2001),(2001024,'复旦大学继续教育学院',2001),(2001025,'复旦学院',2001),(2001026,'外文学院',2001),(2001027,'外科学系',2001),(2001028,'太平洋金融学院',2001),(2001029,'市场营销系',2001),(2001030,'广告系',2001),(2001031,'广播电视新闻系',2001),(2001032,'微电子学系',2001),(2001033,'微电子研究院',2001),(2001034,'心理学系',2001),(2001035,'护理学院',2001),(2001036,'政治学系',2001),(2001037,'数学科学学院',2001),(2001038,'文物和博物馆学系',2001),(2001039,'新闻学系',2001),(2001040,'旅游系',2001),(2001041,'日语语言文学',2001),(2001042,'材料科学系',2001),(2001043,'法医学系',2001),(2001044,'法学院',2001),(2001045,'物理学系',2001),(2001046,'环境科学与工程系',2001),(2001047,'生命科学学院',2001),(2001048,'生态与进化生物学系',2001),(2001049,'生物化学与分子生物系',2001),(2001050,'生物化学系',2001),(2001051,'生物医学研究院',2001),(2001052,'生理学与生物物理系',2001),(2001053,'电子信息科学与技术',2001),(2001054,'电子工程系',2001),(2001055,'病理学系',2001),(2001056,'社会发展与公共政策学院',2001),(2001057,'社会科学基础部',2001),(2001058,'神经生物学系',2001),(2001059,'第二军医大学',2001),(2001060,'管理学院',2001),(2001061,'管理科学系',2001),(2001062,'细胞与遗传医学系',2001),(2001063,'经济学系',2001),(2001064,'统计学系',2001),(2001065,'网络学院',2001),(2001066,'网络教育学院',2001),(2001067,'艺术系',2001),(2001068,'英语语言文学',2001),(2001069,'药学院',2001),(2001070,'计算机与信息技术系',2001),(2001071,'计算机科学与工程系',2001),(2001072,'财务金融系',2001),(2001073,'软件学院',2001),(2001074,'通信科学与工程系',2001),(2001075,'遗传学和遗传工程系',2001),(2001076,'高分子科学系',2001),(2002001,'交大密西根联合学院',2002),(2002002,'人文学院',2002),(2002003,'体育系',2002),(2002004,'信息安全工程学院',2002),(2002005,'农业与生物学院',2002),(2002006,'化学化工学院',2002),(2002007,'医学院',2002),(2002008,'医学院卫生技术学院',2002),(2002009,'嘉兴南洋学院',2002),(2002010,'国际与公共事务学院',2002),(2002011,'国际贸易',2002),(2002012,'塑性成形工程系',2002),(2002013,'外国语学院',2002),(2002014,'媒体与设计学院',2002),(2002015,'安泰经济与管理学院',2002),(2002016,'工商管理',2002),(2002017,'建筑系',2002),(2002018,'微电子学院',2002),(2002019,'微纳科学技术研究院',2002),(2002020,'思源学院',2002),(2002021,'成人教育学院',2002),(2002022,'技术学院',2002),(2002023,'护理学院',2002),(2002024,'机械与动力工程学院',2002),(2002025,'材料科学与工程学院',2002),(2002026,'核科学与工程学院',2002),(2002027,'法学院',2002),(2002028,'海外教育学院',2002),(2002029,'环境科学与工程学院',2002),(2002030,'理学院数学系',2002),(2002031,'理学院物理系',2002),(2002032,'生命科学技术学院',2002),(2002033,'生物医学工程',2002),(2002034,'电子信息与电气工程学院',2002),(2002035,'空天科学技术研究院',2002),(2002036,'网络教育学院',2002),(2002037,'联合学院',2002),(2002038,'联读班',2002),(2002039,'船舶海洋与建筑工程学院',2002),(2002040,'药学院',2002),(2002041,'计算机科学与技术',2002),(2002042,'软件学院',2002),(2003001,'CDHK',2003),(2003002,'CIMS中心',2003),(2003003,'中国语言文学系',2003),(2003004,'中德工程学院',2003),(2003005,'中德职教学院',2003),(2003006,'中德职教机械',2003),(2003007,'临床医学',2003),(2003008,'临床医学一系',2003),(2003009,'临床医学二系',2003),(2003010,'交通工程',2003),(2003011,'交通运输工程学院',2003),(2003012,'人文学院',2003),(2003013,'传播与艺术学院',2003),(2003014,'体育教学部',2003),(2003015,'信息与通信工程系',2003),(2003016,'化学系',2003),(2003017,'口腔医学院',2003),(2003018,'同科学院',2003),(2003019,'哲学与社会学系',2003),(2003020,'唐梁明柱，宋斗清拱',2003),(2003021,'国际政治研究所',2003),(2003022,'国际贸易',2003),(2003023,'土木工程学院',2003),(2003024,'地球信息科学与技术系',2003),(2003025,'地球物理系',2003),(2003026,'城市规划系',2003),(2003027,'基础医学院',2003),(2003028,'声学研究所',2003),(2003029,'女子学院',2003),(2003030,'工业设计系',2003),(2003031,'工商管理',2003),(2003032,'应用数学系',2003),(2003033,'建筑与城市规划学院',2003),(2003034,'建筑环境与设备工程',2003),(2003035,'建筑系',2003),(2003036,'建设管理与房地产系',2003),(2003037,'德语系',2003),(2003038,'控制科学与工程系院',2003),(2003039,'政治学与行政学系',2003),(2003040,'教育技术与计算中心',2003),(2003041,'数字艺术系',2003),(2003042,'文法学院',2003),(2003043,'日语系',2003),(2003044,'景观系',2003),(2003045,'机械工程学院',2003),(2003046,'材料科学与工程学院',2003),(2003047,'汽车学院',2003),(2003048,'沪西学院',2003),(2003049,'法律学系',2003),(2003050,'法政学院',2003),(2003051,'海洋地质系',2003),(2003052,'澳洲高等技术学院',2003),(2003053,'物流管理',2003),(2003054,'物理系',2003),(2003055,'环境科学与工程学院',2003),(2003056,'理论经济学系',2003),(2003057,'生命科学与技术学院',2003),(2003058,'电信学院',2003),(2003059,'电子信息工程',2003),(2003060,'电子科学与技术系',2003),(2003061,'电影学院',2003),(2003062,'电气信息类',2003),(2003063,'电气工程系',2003),(2003064,'留德预备部',2003),(2003065,'知识产权学院',2003),(2003066,'神学院',2003),(2003067,'经济与管理学院',2003),(2003068,'继续教育学院',2003),(2003069,'网络学院',2003),(2003070,'职业技术教育学院',2003),(2003071,'联邦德国研究所',2003),(2003072,'航空航天与力学学院',2003),(2003073,'艺术设计系',2003),(2003074,'英语系',2003),(2003075,'计算机科学与技术系',2003),(2003076,'软件学院',2003),(2003077,'铁道与城市轨道交通研究院',2003),(2003078,'高等技术学院',2003),(2004001,'东方房地产学院',2004),(2004002,'中国语言文学系',2004),(2004003,'中澳班',2004),(2004004,'人文社会科学学院',2004),(2004005,'传播学院',2004),(2004006,'体育学系',2004),(2004007,'俄语系',2004),(2004008,'信息学院',2004),(2004009,'光华学院经济学系',2004),(2004010,'公共管理学院',2004),(2004011,'化学系',2004),(2004012,'华光学院',2004),(2004013,'历史学系',2004),(2004014,'哲学系',2004),(2004015,'商学院信息学系',2004),(2004016,'商学院经济系',2004),(2004017,'国际关系与地区发展研究院',2004),(2004018,'地理学系',2004),(2004019,'城市与区域经济系',2004),(2004020,'大学外语部',2004),(2004021,'学前教育学系',2004),(2004022,'对外汉语系',2004),(2004023,'对外汉语远程教学中心',2004),(2004024,'工商管理系',2004),(2004025,'德语系',2004),(2004026,'心理学系',2004),(2004027,'教育信息技术系',2004),(2004028,'教育管理系华夏学院',2004),(2004029,'教育系',2004),(2004030,'数学系',2004),(2004031,'旅游学系',2004),(2004032,'日语系',2004),(2004033,'欧洲语言系',2004),(2004034,'汉语言系',2004),(2004035,'河口海岸科学研究院',2004),(2004036,'法政学院',2004),(2004037,'法语系',2004),(2004038,'物理学系',2004),(2004039,'特殊教育学系',2004),(2004040,'环境科学与技术系',2004),(2004041,'理工学院',2004),(2004042,'生物学系',2004),(2004043,'电子商务',2004),(2004044,'电子科学技术系',2004),(2004045,'社会主义阵营',2004),(2004046,'社会科学部',2004),(2004047,'统计学系',2004),(2004048,'继续教育学院',2004),(2004049,'网络教育学院',2004),(2004050,'职业技术学院',2004),(2004051,'艺术学院',2004),(2004052,'艺术教育系',2004),(2004053,'英语系',2004),(2004054,'计算中心',2004),(2004055,'计算机科学与技术系',2004),(2004056,'设计学院',2004),(2004057,'课程与教学系',2004),(2004058,'资环学院',2004),(2004059,'软件学院',2004),(2004060,'金融学系',2004),(2004061,'预科',2004),(2004062,'高等教育研究所',2004),(2005001,'J.M中心',2005),(2005002,'MBA学院',2005),(2005003,'MPAcc中心',2005),(2005004,'MPA中心',2005),(2005005,'上海国际银行金融学院',2005),(2005006,'人文学院',2005),(2005007,'会计学院',2005),(2005008,'体育教学部',2005),(2005009,'信息管理与工程学院',2005),(2005010,'公共经济与管理学院',2005),(2005011,'国际从业资格教育学院',2005),(2005012,'国际工商管理学院',2005),(2005013,'国际教育学院',2005),(2005014,'国际文化交流学院',2005),(2005015,'外语系',2005),(2005016,'应用数学系',2005),(2005017,'成人教育学院',2005),(2005018,'法学院',2005),(2005019,'留学预科学院',2005),(2005020,'经济学院',2005),(2005021,'统计学院',2005),(2005022,'职业技术学院',2005),(2005023,'金融学院',2005),(2005024,'马克思主义研究院',2005),(2006001,'中德工学院',2006),(2006002,'人文科学研究院',2006),(2006003,'体育系',2006),(2006004,'信息科学与工程学院',2006),(2006005,'化学与分子工程学院',2006),(2006006,'化工学院',2006),(2006007,'商学院',2006),(2006008,'国际教育学院',2006),(2006009,'国际经济与贸易',2006),(2006010,'外国语学院',2006),(2006011,'旅游管理',2006),(2006012,'机械与动力工程学院',2006),(2006013,'材料学院',2006),(2006014,'材料科学与工程学院',2006),(2006015,'法学院',2006),(2006016,'理学院',2006),(2006017,'理工优秀生部',2006),(2006018,'生物工程学院',2006),(2006019,'石油化工学院',2006),(2006020,'研究生院',2006),(2006021,'社会与公共管理学院',2006),(2006022,'继续教育学院',2006),(2006023,'网络教育学院',2006),(2006024,'艺术设计与传媒学院',2006),(2006025,'药学院',2006),(2006026,'计算机科学与技术',2006),(2006027,'资源与环境工程学院',2006),(2006028,'软件与信息管理学院',2006),(2007001,'国际交流学院',2007),(2007002,'国际经济贸易系',2007),(2007003,'外语学院',2007),(2007004,'成人教育学院',2007),(2007005,'新闻传播学院',2007),(2007006,'法律行政系',2007),(2007007,'生态旅游学院',2007),(2007008,'管理学院',2007),(2007009,'艺术设计学院',2007),(2007010,'计算机与电子工程学院',2007),(2007011,'财会金融学院',2007),(2007012,'食品工艺技术系',2007),(2008001,'人文学院',2008),(2008002,'体育部',2008),(2008003,'信息科学与技术学院',2008),(2008004,'化学与化工学院',2008),(2008005,'国际文化交流学院',2008),(2008006,'外语学院',2008),(2008007,'成人教育学院',2008),(2008008,'拉萨尔国际设计学院',2008),(2008009,'旅游系',2008),(2008010,'旭日工商管理学院',2008),(2008011,'服装学院',2008),(2008012,'机械工程学院',2008),(2008013,'材料科学与工程学院',2008),(2008014,'环境科学与工程学院',2008),(2008015,'理学院',2008),(2008016,'理科试验班',2008),(2008017,'纺织学院',2008),(2008018,'网络教育学院',2008),(2008019,'职业技术学院',2008),(2008020,'计算机科学与技术学院',2008),(2009001,'中德学院',2009),(2009002,'中英国际学院',2009),(2009003,'光学与电子信息工程学院',2009),(2009004,'出版印刷学院',2009),(2009005,'动力工程学院',2009),(2009006,'医疗器械学院',2009),(2009007,'商学院',2009),(2009008,'城市建设与环境工程学院',2009),(2009009,'基础学院',2009),(2009010,'外语学院',2009),(2009011,'机械工程学院',2009),(2009012,'理学院',2009),(2009013,'电气工程学院',2009),(2009014,'管理学院',2009),(2009015,'继续教育学院',2009),(2009016,'艺术设计学院',2009),(2009017,'计算机工程学院',2009),(2009018,'高等职业技术学院',2009),(2010001,'中欧工程技术学院',2010),(2010002,'国际工商管理学院',2010),(2010003,'土木工程系',2010),(2010004,'基础教学强化班',2010),(2010005,'外国语学院',2010),(2010006,'工商管理',2010),(2010007,'工商管理',2010),(2010008,'巴士汽车学院',2010),(2010009,'广告系',2010),(2010010,'影视艺术技术学院',2010),(2010011,'微电子中心',2010),(2010012,'悉尼工商与管理学院',2010),(2010013,'悉尼工商学院',2010),(2010014,'房地产学院',2010),(2010015,'数码艺术学院',2010),(2010016,'文学院',2010),(2010017,'机电工程与自动化学院',2010),(2010018,'材料科学与工程学院',2010),(2010019,'法学院',2010),(2010020,'海洋学院',2010),(2010021,'环境与化学工程学院',2010),(2010022,'理学院',2010),(2010023,'理学院 数学系',2010),(2010024,'生命科学学院',2010),(2010025,'社会学',2010),(2010026,'社会科学学院',2010),(2010027,'纳米中心',2010),(2010028,'经济管理系',2010),(2010029,'经济管理系',2010),(2010030,'美术学院',2010),(2010031,'自强学院',2010),(2010032,'计算机工程与科学学院',2010),(2010033,'通信与信息工程学院',2010),(2010034,'食品学院',2010),(2010035,'高等技术学院',2010),(2011001,'东方语学院',2011),(2011002,'俄语系',2011),(2011003,'出国培训部',2011),(2011004,'国际工商管理学院',2011),(2011005,'国际教育学院',2011),(2011006,'国际文化交流学院',2011),(2011007,'国际金融贸易学院',2011),(2011008,'德语系',2011),(2011009,'新闻传播学院',2011),(2011010,'日本文化经济学院',2011),(2011011,'法学院',2011),(2011012,'法语系',2011),(2011013,'海外合作学院',2011),(2011014,'研究生部',2011),(2011015,'立泰语言文化学院',2011),(2011016,'继续教育学院',2011),(2011017,'网络学院',2011),(2011018,'英语学院',2011),(2011019,'西方语系',2011),(2011020,'贤达经济人文学院',2011),(2011021,'高等职业教育技术学院',2011),(2011022,'高级翻译学院',2011),(2012001,'交通运输学院',2012),(2012002,'信息工程学院',2012),(2012003,'商船学院',2012),(2012004,'基础教学部',2012),(2012005,'外国语学院',2012),(2012006,'明华-上海海事大学深圳进修学院',2012),(2012007,'浦东工商管理学院',2012),(2012008,'海华高等技术学院',2012),(2012009,'海洋环境与安全工程学院',2012),(2012010,'物流工程学院',2012),(2012011,'经济管理学院',2012),(2012012,'继续教育学院',2012),(2012013,'航海系',2012),(2012014,'轮机工程',2012),(2012015,'高等技术学院',2012),(2013001,'上海市高级技工学院',2013),(2013002,'体育教学部',2013),(2013003,'化学化工学院',2013),(2013004,'城市轨道交通学院',2013),(2013005,'基础教学学院',2013),(2013006,'成人教育学院',2013),(2013007,'服装学院',2013),(2013008,'机械工程学院',2013),(2013009,'材料工程学院',2013),(2013010,'汽车工程学院',2013),(2013011,'电子电气工程学院',2013),(2013012,'社会科学教育部',2013),(2013013,'管理学院',2013),(2013014,'航空运输学院',2013),(2013015,'艺术设计学院',2013),(2014001,'人文学院',2014),(2014002,'信息学院',2014),(2014003,'国际文化交流学院',2014),(2014004,'外国语学院',2014),(2014005,'工程学院',2014),(2014006,'成人教育学院',2014),(2014007,'海洋学院',2014),(2014008,'爱恩学院',2014),(2014009,'生命科学与技术学院',2014),(2014010,'经济贸易学院',2014),(2014011,'食品学院',2014),(2014012,'高等职业技术学院',2014),(2015001,'中药学院',2015),(2015002,'医技学院',2015),(2015003,'国际教育学院',2015),(2015004,'基础医学院',2015),(2015005,'岳阳临床医学院',2015),(2015006,'护理学院',2015),(2015007,'曙光临床医学院',2015),(2015008,'研究生院',2015),(2015009,'社科部',2015),(2015010,'继续教育学院',2015),(2015011,'运动医学',2015),(2015012,'针推学院',2015),(2015013,'龙华临床医学院',2015),(2016001,'人文与传播学院',2016),(2016002,'体育学院',2016),(2016003,'商学院',2016),(2016004,'外国语学院',2016),(2016005,'天华学院',2016),(2016006,'女子文化学院',2016),(2016007,'对外汉语学院',2016),(2016008,'广告系',2016),(2016009,'建筑工程学院',2016),(2016010,'教育科学学院',2016),(2016011,'数理信息学院',2016),(2016012,'旅游学院',2016),(2016013,'机械与电子工程学院',2016),(2016014,'欧洲文化与商务学院',2016),(2016015,'法政学院',2016),(2016016,'犹他科技学院',2016),(2016017,'生命与环境学院',2016),(2016018,'美术学院',2016),(2016019,'行政学院',2016),(2016020,'谢晋影视艺术学院',2016),(2016021,'金融学院',2016),(2016022,'音乐学院',2016),(2017001,'信息技术系',2017),(2017002,'商贸系',2017),(2017003,'外语系',2017),(2017004,'文化传播系',2017),(2017005,'机电工程系',2017),(2017006,'管理系',2017),(2017007,'艺术设计系',2017),(2018001,'刑事司法系',2018),(2018002,'国际法商系',2018),(2018003,'外语系',2018),(2018004,'政治学与行政管理系',2018),(2018005,'法律系',2018),(2018006,'社会学与社会工作系',2018),(2018007,'社科系',2018),(2018008,'经济法系',2018),(2018009,'经济管理系',2018),(2019001,'国际教育学院',2019),(2019002,'外语学院',2019),(2019003,'文理学院',2019),(2019004,'机械学院',2019),(2019005,'李斌技师学院',2019),(2019006,'汽车工程系',2019),(2019007,'电子信息学院',2019),(2019008,'电气学院',2019),(2019009,'经济管理学院',2019),(2019010,'继续教育学院',2019),(2020001,'人文学院',2020),(2020002,'体育部',2020),(2020003,'国际交流学院',2020),(2020004,'外国语学院',2020),(2020005,'应用艺术设计系',2020),(2020006,'建筑工程',2020),(2020007,'成人与继续教育学院',2020),(2020008,'机电工程学院',2020),(2020009,'环境工程系',2020),(2020010,'理学院',2020),(2020011,'电子与电气工程学院',2020),(2020012,'经济管理学院',2020),(2020013,'计算机与信息学院',2020),(2021001,'体育教育部',2021),(2021002,'化学工程系',2021),(2021003,'土木与建筑工程系',2021),(2021004,'外语系',2021),(2021005,'数理教学部',2021),(2021006,'机械与自动化工程学院',2021),(2021007,'材料工程系',2021),(2021008,'环境与能源工程系',2021),(2021009,'生物与食品工程系',2021),(2021010,'社会科学系',2021),(2021011,'经济与管理工程系',2021),(2021012,'艺术设计系',2021),(2021013,'计算机科学与信息工程系',2021),(2021014,'香精香料技术与工程学院',2021),(2022001,'信息与控制工程系',2022),(2022002,'动力工程系',2022),(2022003,'国际交流学院',2022),(2022004,'外语系',2022),(2022005,'成人教育学院',2022),(2022006,'数理系',2022),(2022007,'环境工程系',2022),(2022008,'现代教育技术中心',2022),(2022009,'电力与自动化工程学院',2022),(2022010,'电力工程系',2022),(2022011,'电子与信息工程系',2022),(2022012,'社会科学系',2022),(2022013,'管理与人文学院',2022),(2022014,'经济管理系',2022),(2022015,'能源与环境工程学院',2022),(2022016,'计算机与信息工程学院',2022),(2022017,'计算机及通讯工程系',2022),(2022018,'高职学院',2022),(2023001,'WTO研究教育学院',2023),(2023002,'加州英语和商务学院',2023),(2023003,'商务外语学院',2023),(2023004,'国际交流学院',2023),(2023005,'国际经贸学院',2023),(2023006,'国际经贸研究所',2023),(2023007,'基础部',2023),(2023008,'成人教育学院',2023),(2023009,'教育技术部',2023),(2023010,'法学院',2023),(2023011,'澳曼特国际商学院',2023),(2023012,'研究生部',2023),(2023013,'金融管理学院',2023),(2024001,'人文艺术系',2024),(2024002,'会计学院',2024),(2024003,'会计系',2024),(2024004,'体育教学部',2024),(2024005,'保险系',2024),(2024006,'信息管理系',2024),(2024007,'国际教学部',2024),(2024008,'国际贸易系',2024),(2024009,'国际金融保险学院',2024),(2024010,'外语系',2024),(2024011,'工商管理系',2024),(2024012,'应用数学系',2024),(2024013,'社会科学教学部',2024),(2024014,'经济系',2024),(2024015,'财政系',2024),(2024016,'金融系',2024),(2025001,'人文社会科学教学部',2025),(2025002,'会计学系',2025),(2025003,'体育教学部',2025),(2025004,'信息科学系',2025),(2025005,'国际贸易与经济系',2025),(2025006,'外语系',2025),(2025007,'大专部',2025),(2025008,'审计学系',2025),(2025009,'工商管理系',2025),(2025010,'数学与统计系',2025),(2025011,'法律系',2025),(2025012,'涉外会计',2025),(2025013,'财务管理系',2025),(2025014,'财政与税务系',2025),(2025015,'金融系',2025),(2026001,'体育休闲',2026),(2026002,'体育教育学院',2026),(2026003,'体育新闻系',2026),(2026004,'体育社会学系',2026),(2026005,'体育科学研究所',2026),(2026006,'武术系',2026),(2026007,'竞技体育系',2026),(2026008,'经济管理学院',2026),(2026009,'继续教育学院',2026),(2026010,'运动技术学院',2026),(2026011,'运动科学学院',2026),(2026012,'附属竞技体育学校',2026),(2027001,'上音附中',2027),(2027002,'作曲指挥系',2027),(2027003,'公共基础部',2027),(2027004,'声乐系',2027),(2027005,'民乐系',2027),(2027006,'现代器乐系',2027),(2027007,'管弦系',2027),(2027008,'艺术管理系',2027),(2027009,'钢琴系',2027),(2027010,'音乐剧系',2027),(2027011,'音乐学系',2027),(2027012,'音乐工程系',2027),(2027013,'音教系',2027),(2028001,'上戏附中',2028),(2028002,'公共课教学部',2028),(2028003,'创意学院',2028),(2028004,'导演系',2028),(2028005,'戏剧文学系',2028),(2028006,'戏曲学院',2028),(2028007,'电视艺术学院',2028),(2028008,'研究生部',2028),(2028009,'继续教育学院',2028),(2028010,'舞台美术系',2028),(2028011,'舞蹈学院',2028),(2028012,'艺术管理系',2028),(2028013,'表演系',2028),(2028014,'附属戏曲学校',2028),(2028015,'附属舞蹈学校',2028),(2029001,'人文学院',2029),(2029002,'光彪学院',2029),(2029003,'公共教育学院',2029),(2029004,'商学院',2029),(2029005,'外语学院',2029),(2029006,'管理学院',2029),(2029007,'胜祥商学院',2029),(2029008,'计算机与科学技术学院',2029),(2030001,'人文学院',2030),(2030002,'信息科学技术学院',2030),(2030003,'刑事司法学院',2030),(2030004,'商学院',2030),(2030005,'国际法学院',2030),(2030006,'外语学院',2030),(2030007,'政治学与公共管理学院',2030),(2030008,'法律学院',2030),(2030009,'知识产权学院',2030),(2030010,'研究生教育院',2030),(2030011,'社会学系',2030),(2030012,'经济法学院',2030),(2030013,'继续教育学院',2030),(2036001,'传达设计学院',2036),(2036002,'数码传媒学院',2036),(2036003,'时尚设计学院',2036),(2036004,'空间与工业设计学院',2036),(2036005,'美术学院',2036),(2036006,'表演艺术学院',2036),(2037001,'临床医学（五年制）',2037),(2037002,'临床医学（八年制）',2037),(2037003,'基础医学',2037),(2037004,'护理学院',2037),(2037005,'法医学',2037),(2038001,'保险系',2038),(2038002,'国际经济与贸易',2038),(2038003,'新闻系',2038),(2038004,'经济系',2038),(2038005,'金融学',2038),(2038006,'金融服务系',2038),(2038007,'金融管理系',2038),(2039001,'国际交流学院',2039),(2039002,'外语学院',2039),(2039003,'数码学院',2039),(2039004,'旅游会展学院',2039),(2039005,'经济管理学院',2039),(2041001,'国际交流合作学院',2041),(2041002,'国际合作交流学院',2041),(2042001,'出版与传播系',2042),(2042002,'出版系',2042),(2042003,'印刷包装工程系',2042),(2042004,'印刷系',2042),(2042005,'印刷设备工程系',2042),(2042006,'艺术系',2042),(2043001,'影视动画',2043),(2043002,'流行音乐学院',2043),(2043003,'编导',2043),(2043004,'表演系',2043),(2044001,'机电系',2044),(2044002,'电子工程',2044),(2044003,'经济管理系',2044),(2045001,'人文科学',2045),(2045002,'信息工程系',2045),(2045003,'应用艺术系',2045),(2045004,'经管一系',2045),(2045005,'经管二系',2045),(2046001,'人文艺术系',2046),(2046002,'公共管理系',2046),(2046003,'经济管理系',2046),(2047001,'商务系',2047),(2047002,'德语系',2047),(2047003,'文法系',2047),(2047004,'日语系',2047),(2047005,'机电系',2047),(2047006,'法语系',2047),(2047007,'英语系',2047),(2047008,'计算机系',2047),(2047009,'韩语系',2047),(2048001,'工艺美术系',2048),(2048002,'数码系',2048),(2048003,'环境艺术系',2048),(2048004,'视觉传达系',2048),(2050001,'外语系',2050),(2050002,'法律系',2050),(2050003,'管理系',2050),(2050004,'经济系',2050),(2051001,'交通运输',2051),(2051002,'信息工程学院',2051),(2051003,'商船学院',2051),(2051004,'外语系',2051),(2051005,'机电工程系',2051),(2051006,'物流工程学院',2051),(2051007,'管理系',2051),(2051008,'经济管理学院',2051),(2051009,'航海技术系',2051),(2052001,'建筑系',2052),(2052002,'护理系',2052),(2052003,'经管系',2052),(2053001,'土木系',2053),(2053002,'外语系',2053),(2053003,'外语系',2053),(2053004,'管理系',2053),(2054001,'汽车工程系',2054),(2054002,'经济管理系',2054),(2054003,'航空机电系',2054),(2054004,'轨道交通',2054),(2055001,'上海科技学院',2055),(2056001,'国际商务',2056),(2056002,'护理',2056),(2056003,'航运物流系',2056),(2057001,'旅游日语',2057),(2057002,'旅游管理',2057),(2057003,'旅游英语',2057),(2057004,'酒店管理系',2057),(2059001,'动科系',2059),(2059002,'应用外语系',2059),(2059003,'植科系',2059),(2060001,'护理',2060),(2061001,'信息与控制工程学院',2061),(2061002,'华世影视艺术学院',2061),(2061003,'卫生技术与护理学院',2061),(2061004,'国际商务与管理学院',2061),(2061005,'外语学院',2061),(2061006,'孔祥东音乐艺术学院',2061),(2061007,'报关与国际货运',2061),(2061008,'机电工程学院',2061),(2061009,'材料工程学院',2061),(2061010,'汽车工程学院',2061),(2061011,'美术设计学院',2061),(2062001,'信息管理学院',2062),(2062002,'外语系',2062),(2062003,'电子与自动化系',2062),(2062004,'经贸与管理系',2062),(2062005,'继续教育学院',2062),(2062006,'计算机科学系',2062),(2062007,'软件学院',2062),(2063001,'应用外语与法律系',2063),(2063002,'汽车数控系',2063),(2063003,'经贸管理系',2063),(2063004,'计算机',2063),(2064001,'人文系',2064),(2064002,'学前教育',2064),(2064003,'经管系',2064),(2064004,'计算机系',2064),(2065001,'医学影像设备系',2065),(2065002,'医学影像设备系',2065),(2065003,'医械系',2065),(2065004,'医电系',2065),(2065005,'医疗器械与食品学院',2065),(2065006,'管理系',2065),(2066001,'中美护理',2066),(2066002,'护理',2066),(2068001,'中华学院',2068),(2068002,'机电一体化',2068),(2068003,'模具设计与制造',2068),(2068004,'物流管理',2068),(2068005,'环境',2068),(2068006,'电气自动化',2068),(2068007,'营销与策划',2068),(2069001,'外语系',2069),(2069002,'应用技术系',2069),(2069003,'管理系',2069),(2069004,'经济系',2069),(2070001,'���(ע����ʦ)רҵ',2070),(2070002,'����Ӣ��',2070),(2070003,'�г�Ӫ��רҵ',2070),(2070004,'����רҵ',2070),(2070005,'��װ���רҵ',2070),(2070006,'��������',2070),(2070007,'��������רҵ',2070),(3001001,'信息技术科学学院',3001),(3001002,'化学学院',3001),(3001003,'医学院',3001),(3001004,'历史学院',3001),(3001005,'周恩来政府管理学院',3001),(3001006,'哲学系',3001),(3001007,'商学院',3001),(3001008,'外国语学院',3001),(3001009,'数学学院',3001),(3001010,'文学院',3001),(3001011,'汉语言文化学院',3001),(3001012,'法学院',3001),(3001013,'泰达学院',3001),(3001014,'泰达生物技术学院',3001),(3001015,'深圳金融工程学院',3001),(3001016,'滨海学院',3001),(3001017,'物理学院',3001),(3001018,'环境科学与工程学院',3001),(3001019,'生命科学学院',3001),(3001020,'研究生院',3001),(3001021,'经济学院',3001),(3001022,'软件学院',3001),(3001023,'远程教育学院',3001),(3001024,'马克思主义教育学院',3001),(3002001,'中视影视学院',3002),(3002002,'仁爱学院',3002),(3002003,'农业与生物工程学院',3002),(3002004,'化工学院',3002),(3002005,'化工学院',3002),(3002006,'国际教育学院',3002),(3002007,'土木工程系',3002),(3002008,'工业设计系',3002),(3002009,'建工学院',3002),(3002010,'建筑学院',3002),(3002011,'建筑工程学院',3002),(3002012,'成人教育学院',3002),(3002013,'机械工程学院',3002),(3002014,'材料科学与工程学院',3002),(3002015,'法学',3002),(3002016,'环境科学与工程学院',3002),(3002017,'理学院',3002),(3002018,'电子信息工程学院',3002),(3002019,'电气与自动化工程学院',3002),(3002020,'研究生院',3002),(3002021,'社会科学与外国语学院',3002),(3002022,'管理学院',3002),(3002023,'精密仪器与光电子工程学院',3002),(3002024,'继续教育学院',3002),(3002025,'网络教育学院',3002),(3002026,'职业技术教育学院',3002),(3002027,'自动化学院',3002),(3002028,'自动化学院',3002),(3002029,'药物科学与技术学院',3002),(3002030,'计算机科学与技术学院',3002),(3002031,'软件学院',3002),(3003001,'中法计',3003),(3003002,'人文与法律学院',3003),(3003003,'体育部',3003),(3003004,'信息工程学院',3003),(3003005,'化工学院',3003),(3003006,'土木工程学院',3003),(3003007,'城市学院',3003),(3003008,'外国语学院',3003),(3003009,'廊坊分校',3003),(3003010,'廊坊分院',3003),(3003011,'廊坊校区',3003),(3003012,'建筑与艺术设计',3003),(3003013,'建筑与艺术设计学院',3003),(3003014,'机械学院',3003),(3003015,'材料学院',3003),(3003016,'理学院',3003),(3003017,'电气与自动化学院',3003),(3003018,'研究生学院',3003),(3003019,'管理学院',3003),(3003020,'经济系',3003),(3003021,'继续教育学院',3003),(3003022,'能源与环境工程学院',3003),(3003023,'计算机科学与软件学院',3003),(3004001,'体育科学学院',3004),(3004002,'体育竞赛训练中心',3004),(3004003,'初等教育学院',3004),(3004004,'化学与生命科学学院',3004),(3004005,'历史文化学院',3004),(3004006,'国际女子学院',3004),(3004007,'城市与环境科学学院',3004),(3004008,'外国语学院',3004),(3004009,'学前教育学院',3004),(3004010,'影视艺术学院',3004),(3004011,'政治与行政学院',3004),(3004012,'教育学院',3004),(3004013,'数学科学学院',3004),(3004014,'文学院',3004),(3004015,'新闻传播学院',3004),(3004016,'法学院',3004),(3004017,'津沽学院',3004),(3004018,'物理与电子信息学院',3004),(3004019,'管理学院',3004),(3004020,'经济学院',3004),(3004021,'艺术学院',3004),(3004022,'计算机与信息工程学院',3004),(3004023,'马克思主义学院',3004),(3005001,'人文与法学院',3005),(3005002,'信息与通信工程学院',3005),(3005003,'国际教育学院',3005),(3005004,'外国语学院',3005),(3005005,'工商学院',3005),(3005006,'应用技术和继续教育学院',3005),(3005007,'机电学院',3005),(3005008,'材料科学与化学工程学院',3005),(3005009,'理学院',3005),(3005010,'研究生部',3005),(3005011,'管理学院',3005),(3005012,'红桥校区',3005),(3005013,'纺织学院',3005),(3005014,'经济学院',3005),(3005015,'艺术与服装学院',3005),(3005016,'计算机技术与自动化学院',3005),(3005017,'软件学院',3005),(3006001,'体育教学部',3006),(3006002,'包装与印刷工程学院',3006),(3006003,'国际学院',3006),(3006004,'外国语学院',3006),(3006005,'成人教育学院',3006),(3006006,'机械工程学院',3006),(3006007,'材料科学与化学工程学院',3006),(3006008,'法政学院',3006),(3006009,'海洋科学与工程学院',3006),(3006010,'理学院',3006),(3006011,'生物工程学院',3006),(3006012,'电子信息与自动化学院',3006),(3006013,'经济与管理学院',3006),(3006014,'艺术设计学院',3006),(3006015,'计算机科学与信息工程学院',3006),(3006016,'邢台学院',3006),(3006017,'食品工程与生物技术学院',3006),(3007001,'交通学院',3007),(3007002,'体育教学部',3007),(3007003,'信息技术研究所',3007),(3007004,'光电信息与电子工程系',3007),(3007005,'化学与化工学院',3007),(3007006,'北辰校区',3007),(3007007,'华信软件学院',3007),(3007008,'国际工商学院',3007),(3007009,'国际教育学院',3007),(3007010,'图书馆',3007),(3007011,'外国语学院',3007),(3007012,'文学与法政学院',3007),(3007013,'日语系',3007),(3007014,'机械工程学院',3007),(3007015,'材料物理研究所',3007),(3007016,'材料科学与工程学院',3007),(3007017,'法政学院',3007),(3007018,'海运学院',3007),(3007019,'环境科学与安全工程学院',3007),(3007020,'理学院',3007),(3007021,'生物与化学工程学院',3007),(3007022,'电子信息与通信工程学院',3007),(3007023,'管理学院',3007),(3007024,'经济与管理学院',3007),(3007025,'继续教育学院',3007),(3007026,'职业技术学院',3007),(3007027,'自动化',3007),(3007028,'自动化与能源工程学院',3007),(3007029,'艺术学院',3007),(3007030,'西青校区',3007),(3007031,'计算机科学与工程系',3007),(3007032,'计算机科学与技术学院',3007),(3008001,'中西医结合国际学院',3008),(3008002,'临床七年',3008),(3008003,'体育部',3008),(3008004,'公共卫生学院',3008),(3008005,'医学人文科学系',3008),(3008006,'医学影像系',3008),(3008007,'医学检验',3008),(3008008,'口腔医学院',3008),(3008009,'基础医学院',3008),(3008010,'外语教学部',3008),(3008011,'实验动物科学部',3008),(3008012,'护理学院',3008),(3008013,'生物医学工程系',3008),(3008014,'眼视光学院',3008),(3008015,'研究生院',3008),(3008016,'社科部',3008),(3008017,'第一临床医学院',3008),(3008018,'第二临床医学院',3008),(3008019,'继续教育学院',3008),(3008020,'药学院',3008),(3008021,'运动康复与健康',3008),(3009001,'中药学院',3009),(3009002,'体育部',3009),(3009003,'公共课教学部',3009),(3009004,'医疗系',3009),(3009005,'国际教育学院',3009),(3009006,'基础医学院',3009),(3009007,'实验教学部',3009),(3009008,'护理系',3009),(3009009,'文理部',3009),(3009010,'涉外护理',3009),(3009011,'研究生处',3009),(3009012,'社会科学部',3009),(3009013,'继续教育学院',3009),(3009014,'针灸系',3009),(3010001,'人文学院',3010),(3010002,'会计系',3010),(3010003,'商学院',3010),(3010004,'国际交流学院',3010),(3010005,'实验班',3010),(3010006,'成人教育学院',3010),(3010007,'政法',3010),(3010008,'旅游学院',3010),(3010009,'法学院',3010),(3010010,'海关班',3010),(3010011,'理工学院',3010),(3010012,'研究生院',3010),(3010013,'经济学院',3010),(3010014,'职业技术学院',3010),(3010015,'艺术学院',3010),(3010016,'金融系',3010),(3011001,'乘务学院',3011),(3011002,'交通工程学院',3011),(3011003,'人文社会科学学院',3011),(3011004,'体育部',3011),(3011005,'商务英语',3011),(3011006,'安全科学与工程学院',3011),(3011007,'机电工程学院',3011),(3011008,'民航安全技术管理',3011),(3011009,'理学院',3011),(3011010,'电子信息工程学院',3011),(3011011,'研究生院',3011),(3011012,'空中交通管理学院',3011),(3011013,'空港',3011),(3011014,'管理学院',3011),(3011015,'经济与管理学院',3011),(3011016,'继续教育学院',3011),(3011017,'职业技术学院',3011),(3011018,'航空工程学院',3011),(3011019,'航空机电设备维修',3011),(3011020,'航空自动化学院',3011),(3011021,'计算机科学技术学院',3011),(3011022,'飞机机电设备维修',3011),(3011023,'飞行学院',3011),(3012001,'体育部',3012),(3012002,'土木工程系',3012),(3012003,'基础学科部',3012),(3012004,'外语系',3012),(3012005,'建工系',3012),(3012006,'建筑与规划工程系',3012),(3012007,'成教学院',3012),(3012008,'机电系',3012),(3012009,'材料工程系',3012),(3012010,'材料科学与工程系',3012),(3012011,'热能工程系',3012),(3012012,'环境与市政工程系',3012),(3012013,'环境工程系',3012),(3012014,'电子与信息工程系',3012),(3012015,'社科部',3012),(3012016,'管理工程系',3012),(3012017,'能源与机械工程系',3012),(3012018,'艺术系',3012),(3012019,'规划与建筑系',3012),(3012020,'高职学院',3012),(3013001,'人文系',3013),(3013002,'体育教研室',3013),(3013003,'农学系',3013),(3013004,'动科系',3013),(3013005,'园艺系',3013),(3013006,'基础部',3013),(3013007,'机电系',3013),(3013008,'水产系',3013),(3013009,'水利系',3013),(3013010,'生物工程',3013),(3013011,'生物工程系',3013),(3013012,'电子系',3013),(3013013,'社科系',3013),(3013014,'社科系',3013),(3013015,'经管系',3013),(3013016,'计算机系',3013),(3013017,'食品系',3013),(3014001,'商贸管理系',3014),(3014002,'外语系',3014),(3014003,'数理与信息科学系',3014),(3014004,'机械工程系',3014),(3014005,'汽车工程系',3014),(3014006,'电子工程系',3014),(3014007,'职业教育管理系',3014),(3014008,'自动化工程系',3014),(3014009,'艺术系',3014),(3014010,'计算机系',3014),(3014011,'高等职业教育技术部',3014),(3015001,'东语学院',3015),(3015002,'亚非',3015),(3015003,'体育部',3015),(3015004,'国际商学院',3015),(3015005,'基础课部',3015),(3015006,'思政部',3015),(3015007,'教育技术系',3015),(3015008,'日语学院',3015),(3015009,'汉文化传播学院',3015),(3015010,'涉外法政学院',3015),(3015011,'研究生部',3015),(3015012,'管理学院',3015),(3015013,'经法学院',3015),(3015014,'继续教育学院',3015),(3015015,'英语学院',3015),(3015016,'西语学院',3015),(3015017,'西语学院俄语系',3015),(3015018,'西语学院德语系',3015),(3015019,'西语学院意大利语系',3015),(3015020,'西语学院法语系',3015),(3015021,'西语学院西班牙语系',3015),(3015022,'计算机',3015),(3015023,'韩语系',3015),(3016001,'中国语言文学院',3016),(3016002,'会计系',3016),(3016003,'信息工程学院',3016),(3016004,'公共管理学院',3016),(3016005,'化工与制药学院',3016),(3016006,'国际教育学院',3016),(3016007,'土建学院',3016),(3016008,'外国语言文学院',3016),(3016009,'宝德学院',3016),(3016010,'工商管理学院',3016),(3016011,'心理学院',3016),(3016012,'数学院',3016),(3016013,'旅游与酒店管理',3016),(3016014,'旅游管理学院',3016),(3016015,'机械工程学院',3016),(3016016,'法学院',3016),(3016017,'法政学院',3016),(3016018,'理学院',3016),(3016019,'生物工程学院',3016),(3016020,'生物技术及食品科学学院',3016),(3016021,'生物科学院',3016),(3016022,'电气信息学院',3016),(3016023,'管理学院',3016),(3016024,'管理学院珠宝系',3016),(3016025,'管理科学与工程学院',3016),(3016026,'经济学院',3016),(3016027,'经贸学院',3016),(3016028,'能源动力学院',3016),(3016029,'艺术学院',3016),(3016030,'轻工纺织食品学院',3016),(3016031,'高职学院',3016),(3017001,'体育健康教育系',3017),(3017002,'体育教育',3017),(3017003,'体育文化艺术系',3017),(3017004,'教育科学系',3017),(3017005,'民族传统体育系',3017),(3017006,'法学',3017),(3017007,'研究生部',3017),(3017008,'社会体育与管理系',3017),(3017009,'社会科学与外语教学部',3017),(3017010,'竞技运动训练部',3017),(3017011,'继续教育学院',3017),(3017012,'运动人体科学系',3017),(3017013,'运动训练科学系',3017),(3018001,'作曲系',3018),(3018002,'基础部',3018),(3018003,'声乐系',3018),(3018004,'天音附中',3018),(3018005,'戏剧影视系',3018),(3018006,'民乐系',3018),(3018007,'现代音乐系',3018),(3018008,'研究生部',3018),(3018009,'管弦系',3018),(3018010,'舞蹈系',3018),(3018011,'艺术管理系',3018),(3018012,'键盘系',3018),(3018013,'音乐学系',3018),(3018014,'音乐教育系',3018),(3019001,'中国画系',3019),(3019002,'成人教育学院',3019),(3019003,'现代艺术学院',3019),(3019004,'社会科学教学部',3019),(3019005,'绘雕艺术实验中心',3019),(3019006,'美术史论系',3019),(3019007,'职业学院',3019),(3019008,'艺术设计实验中心',3019),(3019009,'设计艺术学院',3019),(3019010,'造型艺术学院',3019),(3020001,'外语系',3020),(3020002,'电脑艺术设计',3020),(3020003,'经济管理系',3020),(3020004,'计算机系',3020),(3021001,'商务经济系',3021),(3021002,'国际语言学院',3021),(3021003,'外语系',3021),(3021004,'应用语言系',3021),(3021005,'机电工程系',3021),(3021006,'法政系',3021),(3021007,'滨海外事学院',3021),(3021008,'滨海学院',3021),(3021009,'环境科学',3021),(3021010,'电子科学',3021),(3021011,'经济管理系',3021),(3021012,'艺术系',3021),(3021013,'计算机工程系',3021),(3022001,'信息工程系',3022),(3022002,'基础部',3022),(3022003,'应用化学系',3022),(3022004,'机电工程系',3022),(3022005,'环境工程系',3022),(3022006,'经济管理系',3022),(3023001,'建工系',3023),(3023002,'机电系',3023),(3023003,'燃气',3023),(3023004,'管理工程系',3023),(3025001,'应用',3025),(3025002,'机电技术',3025),(3025003,'机电系',3025),(3025004,'电子系',3025),(3025005,'经济管理系',3025),(3025006,'网络系',3025),(3025007,'计算机应用系',3025),(3025008,'软件学院',3025),(3026001,'会计系',3026),(3026002,'商务管理系',3026),(3026003,'国际贸易一系',3026),(3026004,'国际贸易二系',3026),(3026005,'经贸外语系',3026),(3027001,'信息工程系',3027),(3027002,'建筑工程系',3027),(3027003,'机电工程系',3027),(3027004,'石油与化学工程系',3027),(3027005,'管理工程系',3027),(3027006,'艺术系',3027),(3028001,'国际贸易系',3028),(3028002,'外语系',3028),(3028003,'工商系',3028),(3028004,'建工系',3028),(3028005,'房经系',3028),(3028006,'艺术系',3028),(3028007,'计算机系',3028),(3029001,'人文与法学院',3029),(3029002,'工商学院',3029),(3029003,'机械电子学院',3029),(3029004,'机电',3029),(3029005,'经济管理学院',3029),(3029006,'艺术与服装学院',3029),(3031001,'交通管理',3031),(3031002,'公安管理',3031),(3031003,'刑事侦查',3031),(3031004,'刑事技术',3031),(3031005,'治安',3031),(3031006,'法律事务',3031),(3031007,'法律文秘',3031),(3031008,'管理',3031),(3031009,'网络',3031),(3032001,'经贸管理系',3032),(3032002,'航海',3032),(3032003,'轮机管理',3032),(3033001,'外语系',3033),(3033002,'数控',3033),(3033003,'机电系',3033),(3033004,'经管系',3033),(3033005,'计算机',3033),(3034001,'基础教学部',3034),(3034002,'汽车工程系',3034),(3034003,'物流工程系',3034),(3034004,'经济管理系',3034),(3034005,'航运工程系',3034),(3034006,'路桥工程系',3034),(3035001,'外语系',3035),(3035002,'工学院',3035),(3035003,'经贸学院',3035),(3035004,'计算机系',3035),(3036001,'����ϵ',3036),(3036002,'���ӹ���ϵ',3036),(3036003,'����ϵ',3036),(3036004,'��óϵ',3036),(3036005,'����ϵ',3036),(3036006,'����ѧԺ',3036),(3037001,'国际学院',3037),(3037002,'机械工程系',3037),(3037003,'电子信息与自动化系',3037),(3037004,'经济管理系',3037),(3037005,'艺术工程系',3037),(3037006,'计算机系',3037),(3038001,'��ҩϵ',3038),(3038002,'���﹤��ְҵ����ѧԺ',3038),(3039001,'信息工程系',3039),(3039002,'应用技术系',3039),(3039003,'机电工程系',3039),(3039004,'电气工程系',3039),(3039005,'石油化工系',3039),(3039006,'管理工程系',3039),(3040001,'土木工程',3040),(3040002,'电信系',3040),(3040003,'运输',3040),(3041001,'信息工程系',3041),(3041002,'应用外语系',3041),(3041003,'机械工程系',3041),(3041004,'现代艺术系',3041),(3041005,'生物化工系',3041),(3041006,'电子工程系',3041),(3041007,'管理工程系',3041),(3042001,'冶金工程系',3042),(3042002,'机械系',3042),(3042003,'电子信息工程系',3042),(3042004,'电气工程系',3042),(3042005,'经管系',3042),(3043001,'公卫系',3043),(3043002,'医学系',3043),(3043003,'医学系',3043),(3043004,'口腔系',3043),(3043005,'护理系',3043),(3043006,'药学系',3043),(3045001,'印刷工程系',3045),(3045002,'国际交流学院',3045),(3045003,'机电学院',3045),(3045004,'生物与环境工程学院',3045),(3045005,'电子信息工程学院',3045),(3045006,'社会管理系',3045),(3045007,'经济与管理学院',3045),(3045008,'经管学院',3045),(3045009,'艺术工程学院',3045),(3045010,'视光工程系',3045),(3046001,'信息工程系',3046),(3046002,'商务日语',3046),(3046003,'基础课部',3046),(3046004,'外贸外语系',3046),(3046005,'机械工程系',3046),(3046006,'经济管理系',3046),(3046007,'自动化工程系',3046),(3047001,'Ӱ��ϵ',3047),(3047002,'����ϵ',3047),(3047003,'���ù���ϵ',3047),(3047004,'����ϵ',3047),(3050001,'国际工商管理系',3050),(3057001,'经济管理系',3057),(4001001,'人文艺术学院',4001),(4001002,'会计',4001),(4001003,'体育学院',4001),(4001004,'光电工程学院',4001),(4001005,'动力工程学院',4001),(4001006,'化学化工学院',4001),(4001007,'后勤工程学院',4001),(4001008,'土木工程学院',4001),(4001009,'城市学院',4001),(4001010,'城市建设与环境工程学院',4001),(4001011,'城市科技学院',4001),(4001012,'城市科技学院',4001),(4001013,'外国语学院',4001),(4001014,'工程造价',4001),(4001015,'建筑城规学院',4001),(4001016,'建筑系',4001),(4001017,'建设管理与房地产学院',4001),(4001018,'数理学院',4001),(4001019,'文学与新闻传媒学院',4001),(4001020,'文学与新闻传播学院',4001),(4001021,'旅游管理',4001),(4001022,'机械工程学院',4001),(4001023,'材料科学与工程学院',4001),(4001024,'法学院',4001),(4001025,'生物工程学院',4001),(4001026,'电气工程学院',4001),(4001027,'研究生院',4001),(4001028,'第三军医大学',4001),(4001029,'经济与工商管理学院',4001),(4001030,'继续教育学院',4001),(4001031,'美术学院--国画系',4001),(4001032,'美术学院--油画系',4001),(4001033,'美视电影学院',4001),(4001034,'自动化学院',4001),(4001035,'艺术学院',4001),(4001036,'计算机学院',4001),(4001037,'贸易与行政学院',4001),(4001038,'资源及环境科学学院',4001),(4001039,'软件学院',4001),(4001040,'通信工程学院',4001),(4002001,'人文学院',4002),(4002002,'体育学院',4002),(4002003,'信息学院',4002),(4002004,'农学与生命科学学院',4002),(4002005,'制药工程',4002),(4002006,'动物医学系',4002),(4002007,'动物科技学院',4002),(4002008,'化学化工学院',4002),(4002009,'历史文化与旅游学院',4002),(4002010,'商贸系',4002),(4002011,'园艺园林学院',4002),(4002012,'地理科学学院',4002),(4002013,'基础科技学院',4002),(4002014,'外国语学院',4002),(4002015,'天籁影视学院',4002),(4002016,'工商学院',4002),(4002017,'工程技术学院',4002),(4002018,'影视学院',4002),(4002019,'心理学院',4002),(4002020,'政治与公共管理学院',4002),(4002021,'政法学院',4002),(4002022,'教育学院',4002),(4002023,'教育管理学院',4002),(4002024,'数学与统计学院',4002),(4002025,'数学与财经学院',4002),(4002026,'文化与社会发展学院',4002),(4002027,'文学院',4002),(4002028,'新闻传媒学院',4002),(4002029,'材料科学与工程学院',4002),(4002030,'植物保护学院',4002),(4002031,'水产与水文学院',4002),(4002032,'法学院',4002),(4002033,'物理学院',4002),(4002034,'理工学院',4002),(4002035,'生命科学学院',4002),(4002036,'生物技术学院',4002),(4002037,'电子信息工程学院',4002),(4002038,'社会学与公共管理院',4002),(4002039,'管理学院',4002),(4002040,'纺织服装学院',4002),(4002041,'经济学院',4002),(4002042,'经济管理学院',4002),(4002043,'继续教育学院',4002),(4002044,'美术学院',4002),(4002045,'育才学院',4002),(4002046,'育才学院工商学院',4002),(4002047,'药学院',4002),(4002048,'蚕学与生物技术学院',4002),(4002049,'蚕学与系统生物学研究所',4002),(4002050,'计算机与信息科学学院',4002),(4002051,'资源环境学院',4002),(4002052,'音乐学院',4002),(4002053,'预科部',4002),(4002054,'食品科学学院',4002),(4002055,'高等职业技术学院',4002),(4003001,'中文系',4003),(4003002,'体育系',4003),(4003003,'初等教育学院',4003),(4003004,'化学学院',4003),(4003005,'历史与文博学院',4003),(4003006,'地理科学学院',4003),(4003007,'外国语学院',4003),(4003008,'学前教育学院',4003),(4003009,'影视传媒学院',4003),(4003010,'成人教育学院',4003),(4003011,'政治与社会学院',4003),(4003012,'教育学院',4003),(4003013,'数学与计算机科学学院',4003),(4003014,'文学与新闻学院',4003),(4003015,'旅游学院',4003),(4003016,'服装学院',4003),(4003017,'涉外商贸学院',4003),(4003018,'涉外商贸学院',4003),(4003019,'物理学与信息技术学院',4003),(4003020,'特殊教育学院',4003),(4003021,'生命科学学院',4003),(4003022,'社会工作系',4003),(4003023,'管理学院',4003),(4003024,'经济与政治学院',4003),(4003025,'经济与管理学院',4003),(4003026,'美术学院',4003),(4003027,'职业技术学院',4003),(4003028,'自考学院',4003),(4003029,'音乐学院',4003),(4004001,'体育部',4004),(4004002,'刑事侦查学院',4004),(4004003,'史迪威国际学院',4004),(4004004,'外语学院',4004),(4004005,'应用法学院',4004),(4004006,'政治与公共事务学院',4004),(4004007,'新闻传播学院',4004),(4004008,'民商法学院',4004),(4004009,'法学院',4004),(4004010,'狱政管理',4004),(4004011,'研究生部',4004),(4004012,'管理学院',4004),(4004013,'经济学院',4004),(4004014,'经济贸易法学院',4004),(4004015,'继续教育学院',4004),(4004016,'行政法学院',4004),(4005001,'交通运输学院',4005),(4005002,'人文学院',4005),(4005003,'体育部',4005),(4005004,'土木建筑学院',4005),(4005005,'基础部',4005),(4005006,'外国语学院',4005),(4005007,'实验教学部',4005),(4005008,'应用技术学院',4005),(4005009,'机电与汽车工程学院',4005),(4005010,'机电学院',4005),(4005011,'河海学院',4005),(4005012,'理学院',4005),(4005013,'研究生院',4005),(4005014,'社科部',4005),(4005015,'管理学院',4005),(4005016,'继续教育学院',4005),(4005017,'航海学院',4005),(4005018,'计算机与信息学院',4005),(4005019,'财经学院',4005),(4005020,'通信学院',4005),(4006001,'传媒艺术学院',4006),(4006002,'体育学院',4006),(4006003,'光电工程学院',4006),(4006004,'外国语学院',4006),(4006005,'工商管理',4006),(4006006,'应用技术学院',4006),(4006007,'成人教育学院',4006),(4006008,'法学院',4006),(4006009,'生物信息学院',4006),(4006010,'移通学院',4006),(4006011,'经济管理学院',4006),(4006012,'自动化学院',4006),(4006013,'计算机学院',4006),(4006014,'软件学院',4006),(4006015,'通信与信息工程学院',4006),(4007001,'中医药学院',4007),(4007002,'临床学院',4007),(4007003,'体育工作部',4007),(4007004,'儿科学院',4007),(4007005,'公共卫生学院',4007),(4007006,'医学影像系',4007),(4007007,'医学检验系',4007),(4007008,'口腔医学院',4007),(4007009,'基础医学院',4007),(4007010,'外国语部',4007),(4007011,'应用技术学院',4007),(4007012,'护理学院',4007),(4007013,'护理系',4007),(4007014,'核医学',4007),(4007015,'生物医学工程系',4007),(4007016,'研究生院',4007),(4007017,'第三军医大学',4007),(4007018,'第二临床学院',4007),(4007019,'管理学院',4007),(4007020,'药学院',4007),(4007021,'附属口腔医院',4007),(4007022,'麻醉学系',4007),(4008001,'会计学院',4008),(4008002,'体育学院',4008),(4008003,'区域经济研究院',4008),(4008004,'商务策划学院',4008),(4008005,'国际商学院',4008),(4008006,'外语学院',4008),(4008007,'应用技术学院',4008),(4008008,'应用经济系',4008),(4008009,'思想政治理论课教研部',4008),(4008010,'成人教育学院',4008),(4008011,'政治与社会发展学院',4008),(4008012,'文学与新闻学院',4008),(4008013,'旅游学院',4008),(4008014,'机械与包装工程学院',4008),(4008015,'法学院',4008),(4008016,'派斯学院',4008),(4008017,'环境与生物工程学院',4008),(4008018,'现代国际设计艺术学院',4008),(4008019,'理学院',4008),(4008020,'管理学院',4008),(4008021,'经济贸易学院',4008),(4008022,'统计学院',4008),(4008023,'融智学院',4008),(4008024,'计算机科学与信息工程学院',4008),(4008025,'设计艺术学院',4008),(4008026,'财政金融学院',4008),(4009001,'人文社会科学系',4009),(4009002,'体育系',4009),(4009003,'冶金与材料工程学院',4009),(4009004,'化学与生物工程学院',4009),(4009005,'化工学院',4009),(4009006,'后勤工程学院',4009),(4009007,'外语系',4009),(4009008,'安全工程学院',4009),(4009009,'建筑工程学院',4009),(4009010,'成人教育学院',4009),(4009011,'数理系',4009),(4009012,'机械工程学院',4009),(4009013,'生物系',4009),(4009014,'电子信息工程学院',4009),(4009015,'石油工程学院',4009),(4009016,'管理学院',4009),(4009017,'经济系',4009),(4009018,'自考办',4009),(4009019,'艺术系',4009),(4010001,'人文社会科学学院',4010),(4010002,'会计学院',4010),(4010003,'体育教学部',4010),(4010004,'商贸信息学院',4010),(4010005,'外国语学院',4010),(4010006,'工商管理学院',4010),(4010007,'工程训练中心',4010),(4010008,'应用技术学院',4010),(4010009,'成人教育学院',4010),(4010010,'数理学院',4010),(4010011,'材料科学与工程学院',4010),(4010012,'现代教育技术中心',4010),(4010013,'生物工程学院',4010),(4010014,'电子信息与自动化学院',4010),(4010015,'经济与贸易学院',4010),(4010016,'计算机科学与工程学院',4010),(4010017,'通信与电子工程学院',4010),(4010018,'重庆汽车学院',4010),(4011001,'中国语言文学系',4011),(4011002,'体育系',4011),(4011003,'初等教育学院',4011),(4011004,'化学及环境科学系',4011),(4011005,'历史旅游文化系',4011),(4011006,'外国语言文学系',4011),(4011007,'大学外语教学部',4011),(4011008,'应用技术学院',4011),(4011009,'教师教育学院',4011),(4011010,'数学系',4011),(4011011,'民族学院',4011),(4011012,'物理学及电子信息工程系',4011),(4011013,'生命科学系',4011),(4011014,'管理科学系',4011),(4011015,'经商学院',4011),(4011016,'经济与法学系',4011),(4011017,'美术学院',4011),(4011018,'计算机科学系',4011),(4011019,'音乐学院',4011),(4012001,'中国语言文学系',4012),(4012002,'中文系',4012),(4012003,'体育部',4012),(4012004,'俄语系',4012),(4012005,'出国培训部',4012),(4012006,'南方翻译学院',4012),(4012007,'国际文化交流学院',4012),(4012008,'国际文化交流学院(英二系)',4012),(4012009,'国际法商学院',4012),(4012010,'对外汉语',4012),(4012011,'应用外语学院',4012),(4012012,'应用技术学院',4012),(4012013,'德语系',4012),(4012014,'新闻传播学院',4012),(4012015,'日语系',4012),(4012016,'汉语国际推广',4012),(4012017,'法语系',4012),(4012018,'留学生部',4012),(4012019,'研究生部',4012),(4012020,'管理学院',4012),(4012021,'经贸系',4012),(4012022,'继续教育学院',4012),(4012023,'翻译系',4012),(4012024,'英语系',4012),(4012025,'英语语言文化系',4012),(4012026,'西班牙语系',4012),(4012027,'重庆南方翻译学院',4012),(4012028,'重庆通信学院',4012),(4012029,'阿拉伯语',4012),(4012030,'韩语系',4012),(4013001,'中国画系',4013),(4013002,'工业设计系',4013),(4013003,'建筑艺术系',4013),(4013004,'影视艺术系',4013),(4013005,'油画系',4013),(4013006,'版画系',4013),(4013007,'继续教育学院',4013),(4013008,'美术学系',4013),(4013009,'美术教育系',4013),(4013010,'视觉传达',4013),(4013011,'设计艺术系',4013),(4013012,'雕塑系',4013),(4013013,'高等艺术职业学院',4013),(4014001,'体育系',4014),(4014002,'化学与环境工程系',4014),(4014003,'外国语系',4014),(4014004,'工商管理系',4014),(4014005,'应用技术学院',4014),(4014006,'建筑工程系',4014),(4014007,'成人教育学院',4014),(4014008,'政治法律系',4014),(4014009,'数学与计算机学院',4014),(4014010,'文学与新闻学院',4014),(4014011,'民族学系',4014),(4014012,'物理与电子工程学院',4014),(4014013,'生物系',4014),(4014014,'经济贸易系',4014),(4014015,'美术学院',4014),(4015001,'中文系',4015),(4015002,'体育系',4015),(4015003,'化学与环境科学系',4015),(4015004,'基础学院',4015),(4015005,'外国语系',4015),(4015006,'应用技术学院',4015),(4015007,'教育科学系',4015),(4015008,'数学与计算机科学系',4015),(4015009,'文学与传媒系',4015),(4015010,'法律与政治系',4015),(4015011,'物理学与电子信息工程系',4015),(4015012,'生命科学系',4015),(4015013,'经济与管理系',4015),(4015014,'美术系',4015),(4015015,'陈子庄美术学院',4015),(4015016,'音乐系',4015),(4016001,'商务英语',4016),(4016002,'工商管理',4016),(4016003,'应用电子',4016),(4016004,'建筑系',4016),(4016005,'营销与策划',4016),(4016006,'计算机网络管理',4016),(4017001,'工商管理系',4017),(4017002,'建筑系',4017),(4017003,'民政学院',4017),(4018001,'动力工程系',4018),(4018002,'电力系',4018),(4018003,'管理科学系',4018),(4018004,'计算机科学系',4018),(4019001,'传媒系',4019),(4019002,'工商系',4019),(4019003,'建筑工程',4019),(4019004,'技师学院',4019),(4019005,'电子信息系',4019),(4019006,'计算机系',4019),(4019007,'通信工程系',4019),(4020001,'人文社科系',4020),(4020002,'机电信息系',4020),(4020003,'电子工程系',4020),(4020004,'管理工程系',4020),(4020005,'管理系',4020),(4020006,'艺术系',4020),(4020007,'计算机工程系',4020),(4021001,'基础教学部',4021),(4021002,'建筑工程与艺术设计系',4021),(4021003,'成人教育学院',4021),(4021004,'机电工程系',4021),(4021005,'经济政法系',4021),(4021006,'经济管理系',4021),(4021007,'计算机',4021),(4021008,'资源与勘测工程系',4021),(4022001,'人文社科系',4022),(4022002,'传媒艺术系',4022),(4022003,'商务策划学院',4022),(4022004,'工程技术系',4022),(4022005,'旅游学院',4022),(4022006,'法学院',4022),(4022007,'环境与生物工程学院',4022),(4022008,'管理学院',4022),(4022009,'经济贸易学院',4022),(4022010,'统计学院',4022),(4022011,'融智学院',4022),(4022012,'设计艺术学院',4022),(4022013,'财政金融学院',4022),(4022014,'财经管理系',4022),(4023001,'工商贸易系',4023),(4023002,'建艺系',4023),(4023003,'机械工程学院',4023),(4023004,'汽车工程系',4023),(4023005,'经济管理系',4023),(4023006,'自动化系',4023),(4023007,'计算机科学系',4023),(4026001,'机电',4026),(4029001,'中医系',4029),(4029002,'医学系',4029),(4029003,'护理系',4029),(4030001,'农业与生物工程系',4030),(4030002,'机械系',4030),(4030003,'电子信息工程系',4030),(4030004,'经济贸易系',4030),(4030005,'艺术与教育系',4030),(4031001,'��Ϣ����ϵ',4031),(4031002,'����ϵ',4031),(4031003,'ˮ������ϵ',4031),(4031004,'��������',4031),(4032001,'工商管理',4032),(4032002,'教育学院',4032),(4032003,'机电学院',4032),(4032004,'机电系',4032),(4032005,'科技学院',4032),(4032006,'经贸学院',4032),(4032007,'计科系',4032),(4032008,'计算机艺术系',4032),(4032009,'软三系',4032),(4032010,'软件学院',4032),(4032011,'通信学院',4032),(4033001,'护理',4033),(4033002,'药学',4033),(4034001,'IT营销系',4034),(4034002,'中专部',4034),(4034003,'商务管理系',4034),(4034004,'基础部',4034),(4034005,'工商管理系',4034),(4034006,'工程造价系',4034),(4034007,'成人教育学院',4034),(4034008,'数字艺术系',4034),(4034009,'机电工程系',4034),(4034010,'电子商务',4034),(4034011,'电子技术系',4034),(4034012,'网络技术系',4034),(4034013,'软件一系',4034),(4034014,'软件二系',4034),(4035001,'会计系',4035),(4035002,'工商管理系',4035),(4035003,'建筑工程系',4035),(4035004,'机电工程系',4035),(4035005,'电子系',4035),(4035006,'经济政法系',4035),(4035007,'计算机系',4035),(4035008,'车辆工程系',4035),(4036001,'中文系',4036),(4036002,'体育系',4036),(4036003,'工商管理系',4036),(4036004,'教育系',4036),(4036005,'数学系',4036),(4036006,'旅游系',4036),(4036007,'物管系',4036),(4036008,'生命科学与化学系',4036),(4036009,'美术系',4036),(4036010,'英语系',4036),(4036011,'计算机与现代教育系',4036),(4038001,'人文学院',4038),(4038002,'土木工程学院',4038),(4038003,'电气信息学院',4038),(4038004,'经济管理学院',4038),(4039001,'工商学院',4039),(4039002,'文新院',4039),(4039003,'理工学院',4039),(4041001,'中文系',4041),(4041002,'外国语言文学系',4041),(4041003,'经济系',4041),(5001001,'临床医学院',5001),(5001002,'交通学院',5001),(5001003,'人文与管理学院',5001),(5001004,'人文学院',5001),(5001005,'信息科学与工程学院',5001),(5001006,'光信息科学与技术学院',5001),(5001007,'光电科学系',5001),(5001008,'军体部',5001),(5001009,'国际经贸学院',5001),(5001010,'土木工程学院',5001),(5001011,'基础学部',5001),(5001012,'外国语学院',5001),(5001013,'外语学院',5001),(5001014,'威海校区材料科学与工程学院',5001),(5001015,'威海校区汽车工程学院',5001),(5001016,'威海校区软件学院',5001),(5001017,'媒体技术与艺术系',5001),(5001018,'实验学院',5001),(5001019,'市政学院',5001),(5001020,'建筑学院',5001),(5001021,'成人教育学院',5001),(5001022,'数学系',5001),(5001023,'机器人所',5001),(5001024,'机电学院',5001),(5001025,'材料科学与工程学院',5001),(5001026,'汽车工程学院',5001),(5001027,'法学院',5001),(5001028,'海洋学院',5001),(5001029,'深圳研究生院',5001),(5001030,'焊接技术与工程',5001),(5001031,'物理系',5001),(5001032,'理学院',5001),(5001033,'理学院生命科学与工程系',5001),(5001034,'电信院',5001),(5001035,'电子与信息技术研究院',5001),(5001036,'电气学院',5001),(5001037,'研究生院',5001),(5001038,'管理学院',5001),(5001039,'经济管理',5001),(5001040,'继续教育学院',5001),(5001041,'能源学院',5001),(5001042,'航天学院',5001),(5001043,'计算机学院',5001),(5001044,'计算机科学与技术',5001),(5001045,'计算机科学与技术学院',5001),(5001046,'软件学院',5001),(5001047,'远程教育学院',5001),(5001048,'食品研究院',5001),(5001049,'食品科学与工程学院',5001),(5002001,'人文社会科学学院',5002),(5002002,'体育军事训练部',5002),(5002003,'信息与通信工程学院',5002),(5002004,'动力与能源工程学院',5002),(5002005,'国际合作教育学院',5002),(5002006,'外语系',5002),(5002007,'工业设计',5002),(5002008,'工程力学',5002),(5002009,'工程训练中心',5002),(5002010,'建筑工程学院',5002),(5002011,'成人教育学院',5002),(5002012,'机电工程学院',5002),(5002013,'材化学院',5002),(5002014,'材料科学与化学工程学院',5002),(5002015,'核科学与技术学院',5002),(5002016,'水声工程学院',5002),(5002017,'测控技术与仪器',5002),(5002018,'理学院',5002),(5002019,'研究生院',5002),(5002020,'经济管理学院',5002),(5002021,'自动化学院',5002),(5002022,'航天工程系',5002),(5002023,'船舶工程学院',5002),(5002024,'计算机科学与技术学院',5002),(5002025,'预科',5002),(5002026,'飞行技术',5002),(5003001,'交通运输工程学院',5003),(5003002,'人文社会科学学院',5003),(5003003,'体育部',5003),(5003004,'信息与计算机工程学院',5003),(5003005,'园林学院',5003),(5003006,'土木工程学院',5003),(5003007,'外国语学院',5003),(5003008,'工程技术学院',5003),(5003009,'成人教育学院',5003),(5003010,'机电工程学院',5003),(5003011,'材料科学与工程学院',5003),(5003012,'林学院',5003),(5003013,'理学院',5003),(5003014,'生命科学学院',5003),(5003015,'电子信息工程',5003),(5003016,'研究生部',5003),(5003017,'经济管理学院',5003),(5003018,'职业技术学院',5003),(5003019,'野生动物资源学院',5003),(5004001,'人文社会科学学院',5004),(5004002,'人文社科部',5004),(5004003,'体育部',5004),(5004004,'农学院',5004),(5004005,'动物医学学院',5004),(5004006,'动物科学技术学院',5004),(5004007,'园艺学院',5004),(5004008,'国际文化教育学院',5004),(5004009,'工程学院',5004),(5004010,'应用技术学院',5004),(5004011,'摄影系',5004),(5004012,'新闻传媒系',5004),(5004013,'水利与建筑学院',5004),(5004014,'法学院',5004),(5004015,'理学院',5004),(5004016,'生命科学学院',5004),(5004017,'电子信息系',5004),(5004018,'研究生学院',5004),(5004019,'经济管理学院',5004),(5004020,'继续教育中心',5004),(5004021,'艺术学院',5004),(5004022,'规划与发展学院',5004),(5004023,'资源与环境学院',5004),(5004024,'金融',5004),(5004025,'食品学院',5004),(5005001,'S-PBL班',5005),(5005002,'临床',5005),(5005003,'临床七年制',5005),(5005004,'临床医学系',5005),(5005005,'公共卫生学院',5005),(5005006,'医学信息',5005),(5005007,'卫生法学',5005),(5005008,'卫生管理学院',5005),(5005009,'口腔医学院',5005),(5005010,'哈医大肿瘤医院',5005),(5005011,'地方病控制中心',5005),(5005012,'基础医学七年制',5005),(5005013,'基础医学院',5005),(5005014,'基础部',5005),(5005015,'大庆校区',5005),(5005016,'影像',5005),(5005017,'成人教育学院',5005),(5005018,'护理学院',5005),(5005019,'护理系',5005),(5005020,'检验系',5005),(5005021,'法学专业',5005),(5005022,'生物信息系',5005),(5005023,'研究生学院',5005),(5005024,'第一临床医学院',5005),(5005025,'第二临床医学院',5005),(5005026,'第四临床医学院',5005),(5005027,'药学系',5005),(5005028,'药学院',5005),(5005029,'麻醉',5005),(5006001,'中医药研究院',5006),(5006002,'临床医学院',5006),(5006003,'人文与管理学院',5006),(5006004,'佳木斯学院',5006),(5006005,'制药工程',5006),(5006006,'医疗保险',5006),(5006007,'国际教育学院',5006),(5006008,'基础医学院',5006),(5006009,'成人教育学院',5006),(5006010,'护理系',5006),(5006011,'生物技术',5006),(5006012,'研究生院',5006),(5006013,'药学院',5006),(5006014,'药物制剂',5006),(5006015,'针灸推拿学院',5006),(5006016,'黑龙江中医药大学佳木斯学院',5006),(5007001,'人文系',5007),(5007002,'体育部',5007),(5007003,'土木工程系',5007),(5007004,'外语系',5007),(5007005,'建筑系',5007),(5007006,'成教学院',5007),(5007007,'数学系',5007),(5007008,'旅游管理',5007),(5007009,'昆仑旅游学院',5007),(5007010,'机电工程系',5007),(5007011,'材料工程系',5007),(5007012,'汽车工程系',5007),(5007013,'测绘工程系',5007),(5007014,'电子工程系',5007),(5007015,'社科系',5007),(5007016,'管理工程系',5007),(5007017,'管理系',5007),(5007018,'经济管理',5007),(5007019,'职教学院',5007),(5007020,'计算机科学技术系',5007),(5007021,'资产评估与管理',5007),(5008001,'IEC',5008),(5008002,'人文社会科学学院',5008),(5008003,'利民校区',5008),(5008004,'国际教育学院',5008),(5008005,'土木工程',5008),(5008006,'外语系',5008),(5008007,'安全工程学院',5008),(5008008,'嵩山校区',5008),(5008009,'建筑工程学院',5008),(5008010,'成人教育学院',5008),(5008011,'数力系',5008),(5008012,'机械工程学院',5008),(5008013,'材料科学与工程学院',5008),(5008014,'材料系',5008),(5008015,'电子信息工程',5008),(5008016,'电气与信息工程学院',5008),(5008017,'经济管理学院',5008),(5008018,'计算机与信息工程学院',5008),(5008019,'计算机网络',5008),(5008020,'财务管理',5008),(5008021,'资源与环境学院',5008),(5008022,'资源与环境工程学院',5008),(5008023,'鸡西校区',5008),(5009001,'人文学院',5009),(5009002,'体育学院',5009),(5009003,'初等教育学院',5009),(5009004,'哈学院',5009),(5009005,'哈尔滨职业技术学院',5009),(5009006,'外语学院',5009),(5009007,'心理',5009),(5009008,'摄影',5009),(5009009,'政法与经济管理学院',5009),(5009010,'政法学院',5009),(5009011,'教育科学学院',5009),(5009012,'数学与计算机学院',5009),(5009013,'理工学院',5009),(5009014,'理工学院土木工程',5009),(5009015,'生命科学与化学学院',5009),(5009016,'继续教育学院',5009),(5009017,'艺术与设计学院',5009),(5009018,'财经与管理学院',5009),(5010001,'体育系',5010),(5010002,'民族传统体育系',5010),(5010003,'社会体育系',5010),(5010004,'运动人体科学系',5010),(5010005,'运动系',5010),(5011001,'人文社会科学学部',5011),(5011002,'体育教研部',5011),(5011003,'公共外语教研部',5011),(5011004,'外国语学部',5011),(5011005,'建筑工程',5011),(5011006,'建筑工程与机械工程学部',5011),(5011007,'机电工程学部',5011),(5011008,'管理学部',5011),(5011009,'经济与贸易学部',5011),(5011010,'艺术设计学部',5011),(5011011,'计算机科学与电器工程学部',5011),(5011012,'食品与环境工程学部',5011),(5012001,'专科部',5012),(5012002,'东方学院',5012),(5012003,'东语学院',5012),(5012004,'人民武装学院',5012),(5012005,'伊春分院',5012),(5012006,'体育教研部',5012),(5012007,'俄语学院',5012),(5012008,'信息科学与技术学院',5012),(5012009,'信息管理学院',5012),(5012010,'农学院',5012),(5012011,'化学化工与材料学院',5012),(5012012,'北戴河学院',5012),(5012013,'历史文化旅游学院',5012),(5012014,'哲学与公共管理学院',5012),(5012015,'国防教育学院',5012),(5012016,'国际文化教育学院',5012),(5012017,'外语教研部',5012),(5012018,'对外汉语',5012),(5012019,'工商管理',5012),(5012020,'市场营销',5012),(5012021,'应用技术学院',5012),(5012022,'建筑工程学院',5012),(5012023,'成人教育学院',5012),(5012024,'指挥学院',5012),(5012025,'教育学院',5012),(5012026,'数学科学学院',5012),(5012027,'文学院',5012),(5012028,'新闻传播学院',5012),(5012029,'旅游与酒店管理',5012),(5012030,'机电工程学院',5012),(5012031,'水利电力学院',5012),(5012032,'法学院',5012),(5012033,'满族语言文化研究中心',5012),(5012034,'物理科学与技术学院',5012),(5012035,'生命科学学院',5012),(5012036,'电子工程学院',5012),(5012037,'研究生学院',5012),(5012038,'经济与工商管理学院',5012),(5012039,'职业技术学院',5012),(5012040,'艺术学院',5012),(5012041,'英语',5012),(5012042,'西语学院',5012),(5012043,'计算机科学技术学院',5012),(5012044,'资源与环境',5012),(5012045,'软件学院',5012),(5012046,'通信工程',5012),(5012047,'马列教研部',5012),(5013001,'会计学院',5013),(5013002,'会计学院 CGA',5013),(5013003,'体育军事教学部',5013),(5013004,'印刷工程',5013),(5013005,'国际教育学院',5013),(5013006,'国际经济与贸易',5013),(5013007,'土木与制冷工程学院',5013),(5013008,'基础科学学院',5013),(5013009,'外语学院',5013),(5013010,'工商管理',5013),(5013011,'工商管理学院',5013),(5013012,'新闻学',5013),(5013013,'旅游烹饪学院',5013),(5013014,'法学院',5013),(5013015,'物流学院',5013),(5013016,'环境工程',5013),(5013017,'生物工程系',5013),(5013018,'电子商务',5013),(5013019,'研究生院',5013),(5013020,'社会工作',5013),(5013021,'社会科学教学部',5013),(5013022,'经济学院',5013),(5013023,'继续教育学院',5013),(5013024,'艺术设计',5013),(5013025,'药学院',5013),(5013026,'计算机与信息工程学院',5013),(5013027,'财政与公共管理学院',5013),(5013028,'轻工学院',5013),(5013029,'金融学院',5013),(5013030,'食品工程学院',5013),(5014001,'中文系',5014),(5014002,'人文学院',5014),(5014003,'体育',5014),(5014004,'体育科学学院',5014),(5014005,'俄语系',5014),(5014006,'化学系',5014),(5014007,'历史系',5014),(5014008,'商学系',5014),(5014009,'国际文化交流学院',5014),(5014010,'外国语学院',5014),(5014011,'对外汉语',5014),(5014012,'应用技术学院',5014),(5014013,'成人教育学院',5014),(5014014,'政法与经济管理学院',5014),(5014015,'教育科学与技术学院',5014),(5014016,'教育系',5014),(5014017,'数学与应用数学',5014),(5014018,'数学与计算机科学学院',5014),(5014019,'数学系',5014),(5014020,'日语系',5014),(5014021,'物理系',5014),(5014022,'理化学院',5014),(5014023,'生命与环境科学学院',5014),(5014024,'生物科学',5014),(5014025,'经法系',5014),(5014026,'经济管理',5014),(5014027,'继续教育学院',5014),(5014028,'职业技术学院',5014),(5014029,'艺术学院',5014),(5014030,'艺术系',5014),(5014031,'英语系',5014),(5014032,'计广',5014),(5015001,'体语教学部',5015),(5015002,'公共外语教学部',5015),(5015003,'动画系',5015),(5015004,'化学与环境工程学院',5015),(5015005,'化工学院',5015),(5015006,'后备军官学院',5015),(5015007,'国际文化教育学院',5015),(5015008,'外国语学院',5015),(5015009,'应用科学学院',5015),(5015010,'建筑工程学院',5015),(5015011,'机械动力工程学院',5015),(5015012,'材料科学与工程学院',5015),(5015013,'法学院',5015),(5015014,'测控技术与通信工程学院',5015),(5015015,'电子信息工程',5015),(5015016,'电气与电子工程学院',5015),(5015017,'研究生部',5015),(5015018,'经济管理学院',5015),(5015019,'继续教育学院',5015),(5015020,'网络工程',5015),(5015021,'自动化',5015),(5015022,'自动化学院',5015),(5015023,'艺术学院',5015),(5015024,'计算机科学与技术学院',5015),(5015025,'软件学院',5015),(5015026,'马列主义教研部',5015),(5016001,'临床医学院',5016),(5016002,'人文学院',5016),(5016003,'体育学院',5016),(5016004,'信息电子技术学院',5016),(5016005,'化学与药学院',5016),(5016006,'口腔医学院',5016),(5016007,'国际学院',5016),(5016008,'基础医学院',5016),(5016009,'基础教育学院',5016),(5016010,'外国语学院',5016),(5016011,'应用技术学院',5016),(5016012,'康复医学院',5016),(5016013,'建筑工程学院',5016),(5016014,'教育系',5016),(5016015,'机械工程学院',5016),(5016016,'材料科学与工程学院',5016),(5016017,'理学院',5016),(5016018,'生命科学学院',5016),(5016019,'经济管理学院',5016),(5016020,'继续教育学院',5016),(5016021,'美术学院',5016),(5016022,'警官职业学院',5016),(5016023,'音乐学院',5016),(5017001,'人文学院',5017),(5017002,'人文社会科学学院',5017),(5017003,'体育学院',5017),(5017004,'化学与化学工程学院',5017),(5017005,'国际交流学院',5017),(5017006,'外语学院',5017),(5017007,'应用技术学院',5017),(5017008,'教育与传媒学院',5017),(5017009,'机械工程学院',5017),(5017010,'机电系',5017),(5017011,'理学院',5017),(5017012,'生命科学与工程学院',5017),(5017013,'社会科学教研部',5017),(5017014,'经济管理学院',5017),(5017015,'继续教育学院',5017),(5017016,'艺术学院',5017),(5017017,'计算机与控制工程学院',5017),(5017018,'轻工纺织学院',5017),(5017019,'通信与电子工程学院',5017),(5018001,'临床医学',5018),(5018002,'体育部',5018),(5018003,'公共卫生系',5018),(5018004,'医学技术系',5018),(5018005,'口腔医学',5018),(5018006,'基础医学系',5018),(5018007,'妇产',5018),(5018008,'成人及继续教育学院',5018),(5018009,'护理学系',5018),(5018010,'社科系',5018),(5018011,'第一临床医学院',5018),(5018012,'第三临床医学院',5018),(5018013,'第二临床医学院',5018),(5018014,'第四临床医学院',5018),(5018015,'精神医学与心理学系',5018),(5018016,'药学系',5018),(5019001,'人文社会科学学院',5019),(5019002,'信息技术学院',5019),(5019003,'军事体育部',5019),(5019004,'动物科学技术学院',5019),(5019005,'动物科技学院',5019),(5019006,'工程学院',5019),(5019007,'市场营销',5019),(5019008,'应用技术学院',5019),(5019009,'文理学院',5019),(5019010,'植物科学技术学院',5019),(5019011,'现代教育技术中心',5019),(5019012,'生命科学技术学院',5019),(5019013,'经济管理学院',5019),(5019014,'继续教育学院',5019),(5019015,'食品学院',5019),(5019016,'高等职业技术学院',5019),(5020001,'人文科学学院',5020),(5020002,'体育部',5020),(5020003,'化学化工学院',5020),(5020004,'土木建筑工程学院',5020),(5020005,'地球科学学院',5020),(5020006,'外语系',5020),(5020007,'大庆石油学院秦皇岛分院',5020),(5020008,'工业设计系',5020),(5020009,'应用技术学院',5020),(5020010,'数学科学与技术学院',5020),(5020011,'旅游管理系',5020),(5020012,'机械科学与工程学院',5020),(5020013,'现代教育技术中心',5020),(5020014,'电子科学学院',5020),(5020015,'电气信息工程学院',5020),(5020016,'石油与天然气研究中心',5020),(5020017,'石油工程学院',5020),(5020018,'石油节能技术研究开发中心',5020),(5020019,'研究生院',5020),(5020020,'秦皇岛应用技术学院',5020),(5020021,'经济管理学院',5020),(5020022,'继续教育学院',5020),(5020023,'艺术学院',5020),(5020024,'计算机与信息技术学院',5020),(5020025,'过程装备与控制工程',5020),(5021001,'中文系',5021),(5021002,'体育系',5021),(5021003,'初等教育学院',5021),(5021004,'化学化工系',5021),(5021005,'外国语学院',5021),(5021006,'工商管理与法律系',5021),(5021007,'成人教育学院',5021),(5021008,'数学系',5021),(5021009,'物理与电气信息工程系',5021),(5021010,'现代教育技术中心',5021),(5021011,'生命科学系',5021),(5021012,'社会科学系',5021),(5021013,'艺术学院',5021),(5021014,'艺术系',5021),(5021015,'计算机科学与信息技术系',5021),(5022001,'临床医学系',5022),(5022002,'体育教学部',5022),(5022003,'制药工程',5022),(5022004,'医学影像系',5022),(5022005,'医药营销',5022),(5022006,'卫生经济管理学院',5022),(5022007,'图书馆',5022),(5022008,'基础医学部',5022),(5022009,'外语部',5022),(5022010,'成人教育学院',5022),(5022011,'护理系',5022),(5022012,'教育技术与信息中心',5022),(5022013,'社会科学部',5022),(5022014,'药学系',5022),(5022015,'麻醉',5022),(5023001,'中文系',5023),(5023002,'体育系',5023),(5023003,'化学系',5023),(5023004,'历史系',5023),(5023005,'商务英语系',5023),(5023006,'外语系',5023),(5023007,'政法系',5023),(5023008,'教育系',5023),(5023009,'数学系',5023),(5023010,'机电系',5023),(5023011,'欧亚语系',5023),(5023012,'物理系',5023),(5023013,'生物系',5023),(5023014,'管理系',5023),(5023015,'美术系',5023),(5023016,'艺术系',5023),(5023017,'英语教育系',5023),(5023018,'计算机科学与技术系',5023),(5024001,'中文系',5024),(5024002,'体育系',5024),(5024003,'化学系',5024),(5024004,'史地系',5024),(5024005,'地理与旅游管理系',5024),(5024006,'基础部',5024),(5024007,'外语系',5024),(5024008,'实验中心',5024),(5024009,'成人教育部',5024),(5024010,'政治系',5024),(5024011,'政法与经济管理系',5024),(5024012,'数学与计算科学系',5024),(5024013,'数学系',5024),(5024014,'物理系',5024),(5024015,'电教中心',5024),(5024016,'社会科学系',5024),(5024017,'绥化学院',5024),(5024018,'网络信息',5024),(5024019,'艺术系',5024),(5024020,'计算机科学与技术系',5024),(5025001,'中文系',5025),(5025002,'体育与运动科学系',5025),(5025003,'体育系',5025),(5025004,'俄语系',5025),(5025005,'公共管理与社会科学系',5025),(5025006,'初等教育系',5025),(5025007,'化学与化学工程系',5025),(5025008,'历史与旅游文化系',5025),(5025009,'国际教育交流合作中心',5025),(5025010,'外事处',5025),(5025011,'外语系',5025),(5025012,'政史',5025),(5025013,'教育心理',5025),(5025014,'教育科学与技术系',5025),(5025015,'数学与应用数学系',5025),(5025016,'汉语言文学系',5025),(5025017,'物理与电子信息工程系',5025),(5025018,'理化',5025),(5025019,'电教系',5025),(5025020,'经济管理系',5025),(5025021,'美术系',5025),(5025022,'英语系',5025),(5025023,'计算机科学与技术系',5025),(5025024,'音乐系',5025),(5026001,'临床医学系',5026),(5026002,'口腔医学系',5026),(5026003,'康复治疗技术',5026),(5026004,'护理系',5026),(5027001,'人文科学系',5027),(5027002,'公共课教学部',5027),(5027003,'化学工程系',5027),(5027004,'工商管理系',5027),(5027005,'技术培训中心',5027),(5027006,'机电工程系',5027),(5027007,'炼化工程',5027),(5027008,'石油工程',5027),(5027009,'继续教育培训部',5027),(5027010,'计算机应用技术系',5027),(5028001,'医学技术系',5028),(5028002,'师范教育系',5028),(5028003,'林管系',5028),(5028004,'电子工程系',5028),(5029001,'供热通风与空调工程技术',5029),(5029002,'供用电技术',5029),(5029003,'动力系',5029),(5029004,'发电厂及电力系统',5029),(5029005,'检测技术及应用',5029),(5029006,'火电厂集控动作',5029),(5029007,'电力系统继电保护与自动化',5029),(5029008,'电厂化学',5029),(5029009,'电场热能动力装置',5029),(5029010,'计算机应用技术',5029),(5029011,'财务会计',5029),(5029012,'通信技术',5029),(5030001,'信息管理系',5030),(5030002,'外语系',5030),(5030003,'外贸系',5030),(5030004,'数码艺术系',5030),(5030005,'电子商务系',5030),(5030006,'网络工程',5030),(5030007,'计算机应用系',5030),(5030008,'软件技术',5030),(5031001,'会计系',5031),(5031002,'商务英语',5031),(5031003,'投资与理财',5031),(5031004,'投资保险',5031),(5031005,'文秘系',5031),(5031006,'法律系',5031),(5031007,'管理系',5031),(5031008,'计算机',5031),(5031009,'金融系',5031),(5032001,'城市建设系',5032),(5032002,'城市轨道交通工程技术',5032),(5032003,'工程机械应用与维护',5032),(5032004,'工程测量技术',5032),(5032005,'工程监理',5032),(5032006,'工程造价',5032),(5032007,'建筑工程技术',5032),(5032008,'建筑装饰工程',5032),(5032009,'检测技术及应用',5032),(5032010,'物流管理',5032),(5032011,'电脑艺术设计',5032),(5032012,'计算机网络技术',5032),(5032013,'道路桥梁工程技术',5032),(5032014,'铁道工程技术',5032),(5032015,'铁道建设系',5032),(5032016,'铁道桥梁工程技术',5032),(5034001,'书记官',5034),(5034002,'会计',5034),(5034003,'会计电算化',5034),(5034004,'商务文秘',5034),(5034005,'商务英语',5034),(5034006,'土木工程系',5034),(5034007,'市政工程技术',5034),(5034008,'广告设计与制作',5034),(5034009,'建筑工程技术',5034),(5034010,'建筑工程管理',5034),(5034011,'影视动画',5034),(5034012,'数控技术',5034),(5034013,'旅游管理',5034),(5034014,'服装设计',5034),(5034015,'机械工程系',5034),(5034016,'机电一体化技术',5034),(5034017,'机电分院',5034),(5034018,'模具设计与制作',5034),(5034019,'汽车检测与维修技术',5034),(5034020,'法律事务',5034),(5034021,'物流管理',5034),(5034022,'环境艺术设计',5034),(5034023,'生物制药',5034),(5034024,'电子信息工程技术',5034),(5034025,'电子商务',5034),(5034026,'电气工程系',5034),(5034027,'电气自动化技术',5034),(5034028,'电脑艺术设计',5034),(5034029,'经济贸易系',5034),(5034030,'给排水工程技术',5034),(5034031,'联合办学',5034),(5034032,'航空服务',5034),(5034033,'艺术系',5034),(5034034,'装潢艺术设计',5034),(5034035,'计算机多媒体技术',5034),(5034036,'计算机应用技术',5034),(5034037,'财务信息管理',5034),(5034038,'软件技术',5034),(5034039,'连锁经营管理',5034),(5034040,'金融管理与实物',5034),(5034041,'高级护理',5034),(5035001,'中文',5035),(5035002,'体育',5035),(5035003,'外语系',5035),(5035004,'建筑',5035),(5035005,'数理系',5035),(5035006,'文史系',5035),(5035007,'计算机科学教育系',5035),(5037001,'人力资源管理',5037),(5037002,'人文社会科学系',5037),(5037003,'会计电算化',5037),(5037004,'会计统计系',5037),(5037005,'公共事业管理',5037),(5037006,'商务英语',5037),(5037007,'国际商务',5037),(5037008,'城市热能网络技术',5037),(5037009,'工商管理系',5037),(5037010,'工程造价',5037),(5037011,'市场营销',5037),(5037012,'广告设计与制作',5037),(5037013,'应用电子技术',5037),(5037014,'房地产 与物业管理',5037),(5037015,'投资与理财',5037),(5037016,'数控技术',5037),(5037017,'文秘与办公自动化',5037),(5037018,'旅游与酒店管理',5037),(5037019,'旅游英语',5037),(5037020,'机械制造与自动化',5037),(5037021,'机械工程系',5037),(5037022,'机电一体化技术',5037),(5037023,'模具设计与制造',5037),(5037024,'注册会计师',5037),(5037025,'热能',5037),(5037026,'焊接技术及自动化',5037),(5037027,'物流管理',5037),(5037028,'环境监测与治理技术',5037),(5037029,'电子信息工程技术',5037),(5037030,'电子商务',5037),(5037031,'电子工程系',5037),(5037032,'电气自动化技术',5037),(5037033,'税务会计',5037),(5037034,'经贸外语系',5037),(5037035,'计算机',5037),(5037036,'计算机多媒体技术',5037),(5037037,'计算机应用技术',5037),(5037038,'计算机网络技术',5037),(5037039,'财政金融贸易系',5037),(5037040,'资产评估与管理',5037),(5037041,'金融保险',5037),(5038001,'交通管理',5038),(5038002,'公共安全管理',5038),(5038003,'公安特警',5038),(5038004,'刑事技术',5038),(5038005,'刑侦',5038),(5038006,'安全管理与现代文秘',5038),(5038007,'文秘',5038),(5038008,'治安管理',5038),(5038009,'法律',5038),(5038010,'法律事务',5038),(5038011,'法律预科',5038),(5038012,'社会工作',5038),(5038013,'网监',5038),(5038014,'计算机',5038),(5039001,'中国古建筑工程技术',5039),(5039002,'供热通风与空调工程技术',5039),(5039003,'园林景观设计',5039),(5039004,'城市燃气工程技术',5039),(5039005,'城镇规划',5039),(5039006,'工程监理',5039),(5039007,'工程造价',5039),(5039008,'市场营销',5039),(5039009,'市政工程技术',5039),(5039010,'市政工程系',5039),(5039011,'建筑与城市规划系',5039),(5039012,'建筑工程技术系',5039),(5039013,'建筑工程管理',5039),(5039014,'建筑工程项目管理',5039),(5039015,'建筑施工',5039),(5039016,'建筑水电技术',5039),(5039017,'建筑电气工程技术',5039),(5039018,'建筑经济管理',5039),(5039019,'建筑装潢',5039),(5039020,'建筑装潢工程技术',5039),(5039021,'建筑设备',5039),(5039022,'建筑设备工程技术',5039),(5039023,'房地产经营与评估',5039),(5039024,'数控技术',5039),(5039025,'旅游管理',5039),(5039026,'服装设计',5039),(5039027,'机械制造与自动化',5039),(5039028,'机电工程技术系',5039),(5039029,'材料工程技术',5039),(5039030,'材料系',5039),(5039031,'染整技术',5039),(5039032,'楼宇智能化工程技术',5039),(5039033,'水工业技术',5039),(5039034,'热能',5039),(5039035,'物业管理',5039),(5039036,'物流管理',5039),(5039037,'环境检测与治理技术',5039),(5039038,'现代纺织技术',5039),(5039039,'电子信息工程技术',5039),(5039040,'电气自动化技术',5039),(5039041,'电脑艺术设计',5039),(5039042,'给排水工程技术',5039),(5039043,'艺术设计系',5039),(5039044,'计算机应用技术',5039),(5039045,'通风空调与制冷',5039),(5039046,'道路桥梁工程技术',5039),(5040001,'信息工程系',5040),(5040002,'师范部',5040),(5040003,'建筑工程系',5040),(5040004,'机电工程系',5040),(5040005,'材料工程系',5040),(5040006,'生态工程系',5040),(5040007,'经济管理系',5040),(5041001,'合作办学',5041),(5041002,'国际交流中心',5041),(5041003,'外语系',5041),(5041004,'数控',5041),(5041005,'旅游管理',5041),(5041006,'汽车系',5041),(5041007,'经管系',5041),(5041008,'美术系',5041),(5041009,'计算机系',5041),(5041010,'酒店烹饪系',5041),(5041011,'食品系',5041),(5042001,'工程部',5042),(5043001,'中文',5043),(5043002,'动物科学与医学系',5043),(5043003,'英语教育',5043),(5043004,'韩国语',5043),(5044001,'信息科学系',5044),(5044002,'建筑工程系',5044),(5044003,'森林资源系',5044),(5045001,'农学系',5045),(5045002,'医学系',5045),(5045003,'师范系',5045),(5045004,'机电工程系',5045),(5045005,'牧医系',5045),(5045006,'管理工程系',5045),(5045007,'经贸系',5045),(5046001,'人文科学系',5046),(5046002,'医学系',5046),(5046003,'师范系',5046),(5046004,'报关',5046),(5046005,'机电工程系',5046),(5046006,'法律系',5046),(5046007,'管理工程系',5046),(5046008,'绿色食品加工系',5046),(5047001,'人文社科系',5047),(5047002,'信息工程系',5047),(5047003,'农业工程系',5047),(5047004,'农业自动化',5047),(5047005,'机电工程系',5047),(5047006,'机电系',5047),(5047007,'村村大学生',5047),(5047008,'汽车工程',5047),(5047009,'经济管理系',5047),(5047010,'自动化系',5047),(5048001,'信息工程学院',5048),(5048002,'农学院',5048),(5048003,'制药工程学院',5048),(5048004,'动物科技学院',5048),(5048005,'机电工程学院',5048),(5048006,'机电系',5048),(5048007,'社会人文学院',5048),(5048008,'经济贸易',5048),(5048009,'财务管理学院',5048),(5049001,'信息工程系',5049),(5049002,'农学系',5049),(5049003,'制药系',5049),(5049004,'园艺系',5049),(5049005,'基础部',5049),(5049006,'外语系',5049),(5049007,'日语系',5049),(5049008,'机电工程系',5049),(5049009,'汽车工程系',5049),(5049010,'畜牧兽医系',5049),(5049011,'经济管理系',5049),(5049012,'财务管理系',5049),(5051001,'信息工程系',5051),(5051002,'商贸系',5051),(5051003,'培训部',5051),(5051004,'基础部',5051),(5051005,'外语系',5051),(5051006,'工商管理系',5051),(5051007,'工艺美术系',5051),(5051008,'广厦学院',5051),(5051009,'德强商务学院',5051),(5051010,'成教部',5051),(5051011,'旅游',5051),(5051012,'机电系',5051),(5051013,'药学院',5051),(5051014,'财经系',5051),(5051015,'金融系',5051),(5052001,'应用技术系',5052),(5052002,'生态工程',5052),(5052003,'生态经济系',5052),(5052004,'生物技术系',5052),(5052005,'资源环境系',5052),(5053001,'信息工程系',5053),(5053002,'农学系',5053),(5053003,'基础部',5053),(5053004,'水产系',5053),(5053005,'汽车工程系',5053),(5053006,'生物工程',5053),(5053007,'畜牧兽医',5053),(5053008,'经济管理',5053),(5053009,'资源环境系',5053),(5054001,'司法行政管理系',5054),(5054002,'法律',5054),(5054003,'经济管理系',5054),(5054004,'计算机',5054),(5055001,'信息工程系',5055),(5055002,'电子工程',5055),(5055003,'管理工程系',5055),(5055004,'网络工程',5055),(5055005,'自动控制系',5055),(5055006,'计算机',5055),(5055007,'计算机工程系',5055),(5055008,'通信工程',5055),(5056001,'动物医学系',5056),(5056002,'动物科学系',5056),(5056003,'生物工程系',5056),(5058001,'东语系',5058),(5058002,'体育学院',5058),(5058003,'外语',5058),(5058004,'安全与环境工程系',5058),(5058005,'室内设计',5058),(5058006,'师范学院',5058),(5058007,'文法系',5058),(5058008,'理工系',5058),(5058009,'电气与信息工程系',5058),(5058010,'经济管理系',5058),(5058011,'经济系',5058),(5058012,'美术系',5058),(5058013,'西方语言系',5058),(5058014,'计算机与信息工程系',5058),(5058015,'计算机系',5058),(5059001,'中文系',5059),(5059002,'化工系',5059),(5059003,'外语系',5059),(5059004,'建工学院',5059),(5059005,'成教学院',5059),(5059006,'机电系',5059),(5059007,'法律系',5059),(5059008,'管理系',5059),(5059009,'艺术系',5059),(5061001,'中文系',5061),(5061002,'主持与播音',5061),(5061003,'体育系',5061),(5061004,'外语系',5061),(5061005,'学前教育',5061),(5061006,'心理咨询',5061),(5061007,'教育系',5061),(5061008,'数学系',5061),(5061009,'旅游管理',5061),(5061010,'普师',5061),(5061011,'理工系',5061),(5061012,'电脑艺术设计',5061),(5061013,'社会科学',5061),(5061014,'美术系',5061),(5061015,'计算机系',5061),(5061016,'音乐系',5061),(5062001,'临床',5062),(5062002,'交通与建筑系',5062),(5062003,'外语系',5062),(5062004,'机电系',5062),(5062005,'经济管理系',5062),(5062006,'艺术系',5062),(5062007,'计算机系',5062),(5063001,'中文系',5063),(5063002,'伊春分院',5063),(5063003,'外语系',5063),(5063004,'法律系',5063),(5063005,'经济管理系',5063),(5063006,'美术系',5063),(5063007,'计算机系',5063),(5063008,'音乐系',5063),(5064001,'中文系',5064),(5064002,'体育系',5064),(5064003,'化学教育',5064),(5064004,'历史教育',5064),(5064005,'园林技术',5064),(5064006,'外语系',5064),(5064007,'思想政治教育',5064),(5064008,'政法系',5064),(5064009,'数学与应用数学',5064),(5064010,'数学教育',5064),(5064011,'汉语言文学',5064),(5064012,'法律事务',5064),(5064013,'物理教育',5064),(5064014,'现代教育技术',5064),(5064015,'生物教育',5064),(5064016,'生物科学',5064),(5064017,'艺术系',5064),(5064018,'英语教育',5064),(5064019,'计算机信息管理',5064),(5064020,'计算机应用技术',5064),(5064021,'计算机应用管理',5064),(5064022,'语文教育',5064),(5065001,'人文科学系',5065),(5065002,'人文系',5065),(5065003,'会计与审计',5065),(5065004,'土木工程',5065),(5065005,'城市规划',5065),(5065006,'城市道路桥梁工程技术',5065),(5065007,'外语系',5065),(5065008,'工程机械运用与维护',5065),(5065009,'建筑工程技术',5065),(5065010,'建筑系',5065),(5065011,'数学系',5065),(5065012,'数控技术',5065),(5065013,'旅游管理',5065),(5065014,'昆仑旅游学院',5065),(5065015,'机电一体化技术',5065),(5065016,'机电工程系',5065),(5065017,'材料与化学工程系',5065),(5065018,'汽车工程系',5065),(5065019,'汽车运用技术',5065),(5065020,'测绘工程系',5065),(5065021,'测量工程技术',5065),(5065022,'电子工程系',5065),(5065023,'社科部',5065),(5065024,'管理系',5065),(5065025,'职业技术学院',5065),(5065026,'计算机应用技术',5065),(5065027,'计算机科学与技术系',5065),(5065028,'资产评估与管理',5065),(5066001,'公安管理',5066),(5066002,'司法会计',5066),(5066003,'司法文秘',5066),(5066004,'律师事务',5066),(5066005,'法律',5066),(5066006,'法律事务',5066),(5066007,'监所管理',5066),(5066008,'经济法',5066),(5066009,'经济犯罪侦查',5066),(5066010,'计算机',5066),(5066011,'计算机犯罪侦察',5066),(5067001,'土木工程系',5067),(5067002,'基础教育系',5067),(5067003,'机电工程系',5067),(5067004,'机车车辆系',5067),(5067005,'电信工程系',5067),(5067006,'经济管理系',5067),(5067007,'计算机工程系',5067),(5067008,'运输管理系',5067),(5067009,'铁道工程系',5067),(5069001,'商务英语',5069),(5069002,'学前教育',5069),(5069003,'学前英语',5069),(5069004,'环保',5069),(5069005,'艺术设计',5069),(5069006,'英语教育',5069),(5069007,'计算机',5069),(5069008,'音像技术',5069),(5070001,'外语系',5070),(5070002,'机电系',5070),(5070003,'经管系',5070),(5070004,'艺术系',5070),(5070005,'计控系',5070),(5070006,'韩语系',5070),(5071001,'中文系',5071),(5071002,'体育系',5071),(5071003,'公教部',5071),(5071004,'化学系',5071),(5071005,'政史系',5071),(5071006,'教育技术系',5071),(5071007,'数学系',5071),(5071008,'物理系',5071),(5071009,'生物系',5071),(5071010,'艺术系',5071),(5071011,'英语系',5071),(5071012,'计算机系',5071),(5072001,'人文系',5072),(5072002,'商学系',5072),(5073001,'会计系',5073),(5073002,'外语系',5073),(5074001,'石油工程',5074),(5077001,'经济系',5077),(5078001,'建筑服装艺术系',5078),(5078002,'计算机',5078),(6001001,'交通学院',6001),(6001002,'人兽共患病研究所',6001),(6001003,'仪器科学与电气工程学院',6001),(6001004,'体育学院',6001),(6001005,'公共卫生学院',6001),(6001006,'公共外语教育学院',6001),(6001007,'公共计算机教学与研究中心',6001),(6001008,'军需科技学院',6001),(6001009,'农学部公共教学中心',6001),(6001010,'化学学院',6001),(6001011,'口腔医学院',6001),(6001012,'哲学社会学院',6001),(6001013,'商学院',6001),(6001014,'地球探测科学与技术学院',6001),(6001015,'地球科学学院',6001),(6001016,'基础医学院',6001),(6001017,'外国语学院',6001),(6001018,'外贸学院',6001),(6001019,'实验动物中心',6001),(6001020,'工商管理学院',6001),(6001021,'应用技术学院',6001),(6001022,'建设工程学院',6001),(6001023,'护理学院',6001),(6001024,'数学学院',6001),(6001025,'文学院',6001),(6001026,'机械科学与工程学院',6001),(6001027,'材料科学与工程学院',6001),(6001028,'植物科学学院',6001),(6001029,'汽车工程学院',6001),(6001030,'法学院',6001),(6001031,'物理学院',6001),(6001032,'环境与资源学院',6001),(6001033,'珠海学院',6001),(6001034,'生命科学学院',6001),(6001035,'生物与农业工程学院',6001),(6001036,'电子科学与工程学院',6001),(6001037,'畜牧兽医学院',6001),(6001038,'研究生院',6001),(6001039,'第一临床医学院',6001),(6001040,'第三临床医学院',6001),(6001041,'第二临床医学院',6001),(6001042,'管理学院',6001),(6001043,'经济信息学院',6001),(6001044,'经济学院',6001),(6001045,'艺术学院',6001),(6001046,'药学院',6001),(6001047,'行政学院',6001),(6001048,'计算机科学与技术学院',6001),(6001049,'软件学院',6001),(6001050,'远程教育学院',6001),(6001051,'通信工程学院',6001),(6001052,'马克思主义学院',6001),(6002001,'人文学院',6002),(6002002,'传媒科学学院',6002),(6002003,'体育学院',6002),(6002004,'化学学院',6002),(6002005,'历史文化学院',6002),(6002006,'商学院',6002),(6002007,'国际关系学院',6002),(6002008,'城市与环境科学学院',6002),(6002009,'外国语学院',6002),(6002010,'对外经贸学院',6002),(6002011,'政法学院',6002),(6002012,'教育科学学院',6002),(6002013,'教育部对日留学预备学校',6002),(6002014,'数学与统计学院',6002),(6002015,'文学院',6002),(6002016,'物理学院',6002),(6002017,'生命科学学院',6002),(6002018,'研究生院',6002),(6002019,'经济学院',6002),(6002020,'继续教育学院',6002),(6002021,'网络教育学院',6002),(6002022,'美术学院',6002),(6002023,'职业教育学院',6002),(6002024,'计算机科学技术系',6002),(6002025,'软件学院',6002),(6002026,'音乐学院',6002),(6003001,'e部落',6003),(6003002,'人文学院',6003),(6003003,'光华',6003),(6003004,'光华学院',6003),(6003005,'国际文化交流学院',6003),(6003006,'外国语学院',6003),(6003007,'成人教育学院',6003),(6003008,'旅游学院',6003),(6003009,'机械工程学院',6003),(6003010,'特殊教育学院',6003),(6003011,'理学院',6003),(6003012,'生物科学技术学院',6003),(6003013,'电子信息工程学院',6003),(6003014,'空军航空大学',6003),(6003015,'管理学院',6003),(6003016,'经济学院',6003),(6003017,'经济系',6003),(6003018,'美术学院',6003),(6003019,'美术学院',6003),(6003020,'莱佛士国际学院',6003),(6003021,'计算机科学与技术学院',6003),(6003022,'长春大学',6003),(6003023,'隔壁的大学',6003),(6003024,'音乐学院',6003),(6004001,'中药材学院',6004),(6004002,'人文学院',6004),(6004003,'信息技术学院',6004),(6004004,'农学院',6004),(6004005,'动物科学技术学院',6004),(6004006,'发展学院',6004),(6004007,'园艺学院',6004),(6004008,'国际交流学院',6004),(6004009,'外国语学院',6004),(6004010,'工程技术学院',6004),(6004011,'成人教育学院',6004),(6004012,'生命科学学院',6004),(6004013,'研究生部',6004),(6004014,'经济管理学院',6004),(6004015,'资源与环境学院',6004),(6004016,'食品科学与工程学院',6004),(6005001,'人文管理学院',6005),(6005002,'体育教学部',6005),(6005003,'国际教育学院',6005),(6005004,'基础医学院',6005),(6005005,'成人教育学院',6005),(6005006,'护理学院',6005),(6005007,'研究生学院(处)',6005),(6005008,'社会科学部',6005),(6005009,'第一临床学院',6005),(6005010,'继续教育学院',6005),(6005011,'职业技术学院',6005),(6005012,'药学院',6005),(6005013,'针灸推拿学院',6005),(6006001,'体育部',6006),(6006002,'信息工程学院',6006),(6006003,'化学工程学院',6006),(6006004,'国际交流学院',6006),(6006005,'外国语学院',6006),(6006006,'媒体技术与传播系',6006),(6006007,'工商管理',6006),(6006008,'应用技术学院',6006),(6006009,'建筑工程学院',6006),(6006010,'服装系',6006),(6006011,'服装表演',6006),(6006012,'理学院',6006),(6006013,'电气工程学院',6006),(6006014,'研究生部',6006),(6006015,'社会科学学院',6006),(6006016,'经济管理学院',6006),(6006017,'能源与机械工程学院',6006),(6006018,'自动化工程学院',6006),(6006019,'艺术学院',6006),(6006020,'输配电工程系',6006),(6007001,'人文社会科学部',6007),(6007002,'体育教学部',6007),(6007003,'信息与控制工程学院',6007),(6007004,'化学与制药工程学院',6007),(6007005,'化工与材料工程学院',6007),(6007006,'外国语学院',6007),(6007007,'成人教育学院',6007),(6007008,'机电工程学院',6007),(6007009,'环境与生物工程学院',6007),(6007010,'理学院',6007),(6007011,'经济管理学院',6007),(6008001,'交通科学与工程学院',6008),(6008002,'体育教研部',6008),(6008003,'土木工程学院',6008),(6008004,'基础科学部',6008),(6008005,'外国语学院',6008),(6008006,'市政与环境工程学院',6008),(6008007,'建筑与规划学院',6008),(6008008,'成人教育学院',6008),(6008009,'文法学院',6008),(6008010,'材料科学与工程学院',6008),(6008011,'电气与电子信息工程学院',6008),(6008012,'管理学院',6008),(6008013,'职业技术学院',6008),(6008014,'艺术设计学院',6008),(6008015,'计算机科学与工程学院',6008),(6009001,'勘查与测绘学院',6009),(6009002,'土木工程学院',6009),(6009003,'外语系',6009),(6009004,'建筑与设计学院',6009),(6009005,'机电工程学院',6009),(6009006,'水利与环境工程学院',6009),(6009007,'理学院',6009),(6009008,'电气与信息工程学院',6009),(6009009,'管理学院',6009),(6009010,'继续教育学院',6009),(6009011,'能源动力学院',6009),(6009012,'软件学院',6009),(6010001,'体育学院',6010),(6010002,'信息技术学院',6010),(6010003,'化学学院',6010),(6010004,'历史学院',6010),(6010005,'国际交流学院',6010),(6010006,'城市与环境科学学院',6010),(6010007,'外语学院',6010),(6010008,'成人教育学院',6010),(6010009,'政法学院',6010),(6010010,'教育科学学院',6010),(6010011,'数学学院',6010),(6010012,'文理学院',6010),(6010013,'汉语言文学学院',6010),(6010014,'物理学院',6010),(6010015,'生命科学学院',6010),(6010016,'美术学院',6010),(6010017,'音乐学院',6010),(6011001,'信息工程学院',6011),(6011002,'基础科学系',6011),(6011003,'外国语言文学系',6011),(6011004,'工商管理学院',6011),(6011005,'机电工程学院',6011),(6011006,'生物与食品工程学院',6011),(6011007,'社会科学部',6011),(6011008,'经济技术学院',6011),(6011009,'继续教育学院',6011),(6011010,'艺术学院',6011),(6012001,'体育部',6012),(6012002,'俄语系',6012),(6012003,'信息技术部',6012),(6012004,'双语学院',6012),(6012005,'国际交流学院',6012),(6012006,'国际商学院',6012),(6012007,'应用学院',6012),(6012008,'德育部',6012),(6012009,'德语系',6012),(6012010,'日语系',6012),(6012011,'法语系',6012),(6012012,'英教学院',6012),(6012013,'英翻学院',6012),(6012014,'西班牙语系',6012),(6012015,'韩语系',6012),(6012016,'高职学院',6012),(6013001,'会计系',6013),(6013002,'体育部',6013),(6013003,'公共管理系',6013),(6013004,'国际交流学院',6013),(6013005,'国际经济系',6013),(6013006,'外语系',6013),(6013007,'外语部',6013),(6013008,'工商系',6013),(6013009,'干部培训部',6013),(6013010,'成人教育学院',6013),(6013011,'数学系',6013),(6013012,'新闻系',6013),(6013013,'法学系',6013),(6013014,'研究生部',6013),(6013015,'税务系',6013),(6013016,'经济信息管理系',6013),(6013017,'经济系',6013),(6013018,'计算机系',6013),(6013019,'金融系',6013),(6013020,'食品科学与工程',6013),(6013021,'马列部',6013),(6014001,'五环体育舞蹈学校',6014),(6014002,'体育人文社会学系',6014),(6014003,'体育系',6014),(6014004,'成人教育部',6014),(6014005,'武术系',6014),(6014006,'竞技教育系',6014),(6014007,'竞技系',6014),(6014008,'运动人体科学系',6014),(6014009,'运动系',6014),(6015001,'动画学院',6015),(6015002,'戏剧学院',6015),(6015003,'成人教育学院',6015),(6015004,'现代传媒学院',6015),(6015005,'现代艺术学院',6015),(6015006,'美术学院',6015),(6015007,'舞蹈学院',6015),(6015008,'设计学院',6015),(6015009,'音乐学院',6015),(6015010,'高职学院',6015),(6016001,'人文学院',6016),(6016002,'体育教研部',6016),(6016003,'信息传播工程学院',6016),(6016004,'信息管理系',6016),(6016005,'军事教研部',6016),(6016006,'化学工程学院',6016),(6016007,'国际经济与贸易',6016),(6016008,'基础科学学院',6016),(6016009,'外国语学院',6016),(6016010,'工商管理',6016),(6016011,'工商管理学院',6016),(6016012,'工程训练中心',6016),(6016013,'成人教育学院',6016),(6016014,'机电工程学院',6016),(6016015,'材料工程学院',6016),(6016016,'法学院',6016),(6016017,'生物工程学院',6016),(6016018,'电子商务',6016),(6016019,'电气与电子工程学院',6016),(6016020,'白城工学院',6016),(6016021,'艺术设计学院',6016),(6016022,'葫芦岛学院',6016),(6016023,'计算机信息网络中心',6016),(6016024,'计算机科学与工程学院',6016),(6016025,'证券投资与管理',6016),(6016026,'软件学院',6016),(6016027,'软件职业技术学院',6016),(6016028,'轻纺工程系',6016),(6016029,'马克思主义理论与思想品德教研部',6016),(6016030,'高等教育研究所',6016),(6016031,'高等职业技术学院',6016),(6017001,'光电工程学院',6017),(6017002,'军体部',6017),(6017003,'化学与环境工程学院',6017),(6017004,'国际交流学院',6017),(6017005,'外语学院',6017),(6017006,'应用技术学院',6017),(6017007,'成人教育学院',6017),(6017008,'文学院',6017),(6017009,'机电工程学院',6017),(6017010,'材料科学与工程学院',6017),(6017011,'法学院',6017),(6017012,'王大珩学院',6017),(6017013,'理学院',6017),(6017014,'生命科学学院',6017),(6017015,'电子信息工程学院',6017),(6017016,'经济管理学院',6017),(6017017,'计算机科学技术学院',6017),(6017018,'马克思主义学院',6017),(6018001,'人文社会科学学院',6018),(6018002,'体育学院',6018),(6018003,'农学院',6018),(6018004,'医学部',6018),(6018005,'外国语学院',6018),(6018006,'工学院',6018),(6018007,'师范学院',6018),(6018008,'成人教育学院',6018),(6018009,'护理学院',6018),(6018010,'朝鲜—韩国学学院',6018),(6018011,'汉语言文化学院',6018),(6018012,'法学院',6018),(6018013,'理学院',6018),(6018014,'研究生院',6018),(6018015,'科学技术学院',6018),(6018016,'经济管理学院',6018),(6018017,'艺术学院',6018),(6018018,'预科',6018),(6019001,'交通建筑工程学院',6019),(6019002,'体育学院',6019),(6019003,'公共卫生学院',6019),(6019004,'化学与生物学院',6019),(6019005,'医学检验学院',6019),(6019006,'历史文化学院',6019),(6019007,'口腔医学院',6019),(6019008,'国际教育交流学院',6019),(6019009,'基础医学院',6019),(6019010,'外语学院',6019),(6019011,'大学外语教研部',6019),(6019012,'师范分院',6019),(6019013,'成人与继续教育学院',6019),(6019014,'护理学院',6019),(6019015,'政法学院',6019),(6019016,'教育技术中心',6019),(6019017,'教育科学学院',6019),(6019018,'数学学院',6019),(6019019,'文学院',6019),(6019020,'机械工程学院',6019),(6019021,'林学院',6019),(6019022,'物理学院',6019),(6019023,'电气信息工程学院',6019),(6019024,'第一临床医学院',6019),(6019025,'经济管理学院',6019),(6019026,'美术学院',6019),(6019027,'职业技术学院',6019),(6019028,'药学院',6019),(6019029,'计算机科学技术学院',6019),(6019030,'软件学院',6019),(6019031,'音乐学院',6019),(6020001,'“一村一名大学生”项目',6020),(6020002,'中药科学系',6020),(6020003,'体育部',6020),(6020004,'信息科学系',6020),(6020005,'动物医学系',6020),(6020006,'动物科学系',6020),(6020007,'基础科学部',6020),(6020008,'外语系',6020),(6020009,'机械系',6020),(6020010,'植物科学系',6020),(6020011,'生物工程系',6020),(6020012,'社会科学部',6020),(6020013,'经济管理系',6020),(6020014,'食品科学系',6020),(6021001,'临床医学院',6021),(6021002,'人文社科部',6021),(6021003,'公共卫生系',6021),(6021004,'军体部',6021),(6021005,'医学影像系',6021),(6021006,'口腔系',6021),(6021007,'基础医学院',6021),(6021008,'护理学院',6021),(6021009,'检验系',6021),(6021010,'生物医学工程系',6021),(6021011,'继续教育学院',6021),(6021012,'药学院',6021),(6022001,'体育学院',6022),(6022002,'信息技术学院',6022),(6022003,'化学学院',6022),(6022004,'历史文化学院',6022),(6022005,'国际文化交流学院',6022),(6022006,'外国语学院',6022),(6022007,'应用工程学院',6022),(6022008,'政法学院',6022),(6022009,'教育技术与传播学院',6022),(6022010,'教育科学学院',6022),(6022011,'数学学院',6022),(6022012,'文学院',6022),(6022013,'旅游与地理科学学院',6022),(6022014,'物理学院',6022),(6022015,'环境工程学院',6022),(6022016,'生命科学学院',6022),(6022017,'研究生院',6022),(6022018,'管理学院',6022),(6022019,'经济学院',6022),(6022020,'继续教育学院',6022),(6022021,'美术学院',6022),(6022022,'计算机学院',6022),(6022023,'音乐学院',6022),(6022024,'马克思主义学院',6022),(6023001,'中文系',6023),(6023002,'中韩交流中心',6023),(6023003,'体育系',6023),(6023004,'化学系',6023),(6023005,'历史系',6023),(6023006,'土木工程系',6023),(6023007,'地理系',6023),(6023008,'外语系',6023),(6023009,'成人教育学院',6023),(6023010,'政教部',6023),(6023011,'政法系',6023),(6023012,'教育技术系',6023),(6023013,'教育系',6023),(6023014,'数学系',6023),(6023015,'机械电子工程系',6023),(6023016,'物理系',6023),(6023017,'生物系',6023),(6023018,'经济管理系',6023),(6023019,'美术系',6023),(6023020,'计算机系',6023),(6023021,'音乐系',6023),(6024001,'中文系',6024),(6024002,'体育系',6024),(6024003,'制药与食品科学系',6024),(6024004,'化学系',6024),(6024005,'历史地理系',6024),(6024006,'外语系',6024),(6024007,'大学外语教学部',6024),(6024008,'工商管理系',6024),(6024009,'成人教育学院',6024),(6024010,'政法系',6024),(6024011,'教育科学系',6024),(6024012,'数学系',6024),(6024013,'物理系',6024),(6024014,'生物系',6024),(6024015,'美术系',6024),(6024016,'计算机系',6024),(6024017,'音乐系',6024),(6025001,'中西医',6025),(6025002,'临床',6025),(6025003,'医学影象',6025),(6025004,'医疗美容',6025),(6025005,'口腔',6025),(6025006,'护理',6025),(6025007,'药学',6025),(6027001,'会计系',6027),(6027002,'外贸学院',6027),(6027003,'德语',6027),(6027004,'文化基础部',6027),(6027005,'社会科学教研部',6027),(6027006,'经济管理系',6027),(6027007,'计算机系',6027),(6027008,'金融系',6027),(6028001,'产业后勤部',6028),(6028002,'信息管理工程系',6028),(6028003,'培训管理部',6028),(6028004,'机电工程系',6028),(6028005,'汽车工程系',6028),(6028006,'高职部',6028),(6029001,'会计系',6029),(6029002,'信息',6029),(6029003,'国际经济与贸易',6029),(6029004,'工商管理',6029),(6029005,'法学',6029),(6029006,'电子商务',6029),(6029007,'计算机多媒体',6029),(6029008,'软件',6029),(6029009,'金融',6029),(6030001,'中医学',6030),(6030002,'中药制药技术',6030),(6030003,'中西医结合',6030),(6030004,'临床医学',6030),(6030005,'医学影像学',6030),(6030006,'医学系',6030),(6030007,'口腔医学',6030),(6030008,'国际交流部',6030),(6030009,'妇幼卫生',6030),(6030010,'护理系',6030),(6030011,'生物制药技术',6030),(6030012,'生物工程',6030),(6030013,'生物技术及应用',6030),(6030014,'药学系',6030),(6030015,'药物制剂技术',6030),(6030016,'针炙推拿学',6030),(6030017,'预防医学',6030),(6031001,'中国传媒大学吉林函授站',6031),(6031002,'企业管理英语',6031),(6031003,'传媒学院',6031),(6031004,'信息学院',6031),(6031005,'商务网络开发',6031),(6031006,'商务英语',6031),(6031007,'商贸学院',6031),(6031008,'培训学院',6031),(6031009,'工商管理',6031),(6031010,'工程学院',6031),(6031011,'市场营销专业',6031),(6031012,'影视广告专业',6031),(6031013,'影视表演专业',6031),(6031014,'成人自考教育',6031),(6031015,'报关员专业',6031),(6031016,'播音与主持专业',6031),(6031017,'数控加工技术专业',6031),(6031018,'数控技术专业',6031),(6031019,'旅游学院',6031),(6031020,'旅游服务与管理',6031),(6031021,'旅游礼仪与公关',6031),(6031022,'旅游英语',6031),(6031023,'机电一体化技术专业',6031),(6031024,'机电应用技术专业',6031),(6031025,'汽车学院',6031),(6031026,'消防工程专业',6031),(6031027,'温士顿学院',6031),(6031028,'烹饪',6031),(6031029,'焊接技术专业',6031),(6031030,'现代物流专业',6031),(6031031,'电子',6031),(6031032,'电子商务专业',6031),(6031033,'电子技术应用专业',6031),(6031034,'电气自动化技术专业',6031),(6031035,'电算会计专业',6031),(6031036,'电脑美术设计专业',6031),(6031037,'电视节目制作专业',6031),(6031038,'网络工程',6031),(6031039,'英语零起点',6031),(6031040,'计算机应用技术',6031),(6031041,'计算机网络技术',6031),(6031042,'软件技术',6031),(6031043,'酒店服务与管理',6031),(6031044,'食品与生物技术学院',6031),(6032001,'公共事业管理系',6032),(6032002,'哥本哈根商学院',6032),(6032003,'国际商务学院',6032),(6032004,'国际汉语学院',6032),(6032005,'城市学院',6032),(6032006,'学前教育系',6032),(6032007,'广播电视系',6032),(6032008,'应用日语系',6032),(6032009,'数学教育系',6032),(6032010,'文学院',6032),(6032011,'服装学院',6032),(6032012,'法律系',6032),(6032013,'生物工程学院',6032),(6032014,'经贸俄语系',6032),(6032015,'舞蹈系',6032),(6032016,'英语学院',6032),(6032017,'视觉艺术系',6032),(6032018,'计算机科学与技术系',6032),(6032019,'设计学院',6032),(6032020,'韩国语系',6032),(6032021,'音乐系',6032),(6033001,'会计',6033),(6033002,'信息系',6033),(6033003,'商务英语',6033),(6033004,'基础部',6033),(6033005,'社科部',6033),(6033006,'经济信息',6033),(6033007,'经济管理系',6033),(6033008,'财税',6033),(6033009,'贸易系',6033),(6033010,'金融系',6033),(6034001,'信息管理与信息系统',6034),(6034002,'工商管理',6034),(6034003,'计算机',6034),(6034004,'通信工程',6034),(6034005,'酒店与旅游管理',6034),(6035001,'工商管理系',6035),(6035002,'旅游系',6035),(6035003,'机械及自动化工程系',6035),(6035004,'材料工程系',6035),(6035005,'电气自动化',6035),(6035006,'计算机工程系',6035),(6037001,'信息工程系',6037),(6037002,'化学工程系',6037),(6037003,'商学院',6037),(6037004,'工商管理',6037),(6037005,'机电工程系',6037),(6037006,'经济贸易系',6037),(6037007,'经贸',6037),(6037008,'计算机',6037),(6038001,'交通管理',6038),(6038002,'侦查系',6038),(6038003,'刑事技术',6038),(6038004,'卧底系',6038),(6038005,'基础部',6038),(6038006,'文秘',6038),(6038007,'治安系',6038),(6038008,'法学',6038),(6038009,'经济犯罪侦察',6038),(6038010,'警体部',6038),(6038011,'计算机',6038),(6038012,'韩语',6038),(6039001,'土建工程系',6039),(6039002,'戴尔特国际商学院',6039),(6039003,'汽车工程',6039),(6039004,'电子工程',6039),(6039005,'管理工程系',6039),(6039006,'道路与桥梁工程系',6039),(6040001,'会计系',6040),(6040002,'基础部',6040),(6040003,'成教部',6040),(6040004,'本科部',6040),(6040005,'生物系',6040),(6040006,'计算机系',6040),(6040007,'贸易系',6040),(6040008,'食工系',6040),(6042001,'人文艺术系',6042),(6042002,'体育教研部',6042),(6042003,'外语系',6042),(6042004,'工商管理系',6042),(6042005,'旅游管理系',6042),(6042006,'社会科学教研部',6042),(6042007,'经济贸易系',6042),(6043001,'刑事侦察',6043),(6043002,'刑事执行',6043),(6043003,'司法信息',6043),(6043004,'司法助理',6043),(6043005,'司法警务',6043),(6043006,'司法鉴定',6043),(6043007,'应用法制心理技术',6043),(6043008,'法律',6043),(6043009,'法律事务',6043),(6043010,'法律文秘',6043),(6043011,'行政执行',6043),(6044001,'信息管理系',6044),(6044002,'信息系',6044),(6044003,'建筑工程系',6044),(6044004,'机电工程系',6044),(6044005,'经济管理系',6044),(6044006,'资源工程系',6044),(6045001,'吉林师范大学应用工程学院',6045),(6045002,'外语系',6045),(6045003,'教育传媒系',6045),(6045004,'机械工程系',6045),(6045005,'管理',6045),(6046001,'油气开采',6046),(6046002,'石油工程',6046),(6048001,'人文科学系',6048),(6048002,'会计系',6048),(6048003,'国际商务系',6048),(6048004,'外语系',6048),(6048005,'外贸学院',6048),(6048006,'工商管理系',6048),(6048007,'政治与公共教学部',6048),(6048008,'计算机系',6048),(6048009,'财政金融系',6048),(6048010,'资源与环境管理系',6048),(6049001,'人文社科系',6049),(6049002,'信息工程系',6049),(6049003,'外语学院',6049),(6049004,'机械工程系',6049),(6049005,'管理系',6049),(6049006,'经济系',6049),(6049007,'美术学院',6049),(6049008,'音乐学院',6049),(6050001,'外语系',6050),(6050002,'旅游系',6050),(6050003,'经管系',6050),(6050004,'艺术系',6050),(6051001,'信息管理系',6051),(6051002,'制药工程',6051),(6051003,'印刷技术系',6051),(6051004,'商贸系',6051),(6051005,'外语系',6051),(6051006,'工商管理系',6051),(6051007,'法学系',6051),(6051008,'电子信息系',6051),(6051009,'自动化',6051),(6051010,'计算机系',6051),(6052001,'动画系',6052),(6052002,'广告学系',6052),(6052003,'广播电视新闻学系',6052),(6052004,'数字媒体艺术系',6052),(6052005,'艺术设计系',6052),(6053001,'人文分院',6053),(6053002,'传媒艺术学院',6053),(6053003,'信息工程分院',6053),(6053004,'光电工程分院',6053),(6053005,'光电科学分院',6053),(6053006,'机械工程分院',6053),(6053007,'电子工程分院',6053),(6054001,'会计系',6054),(6054002,'信息系',6054),(6054003,'国际经济系',6054),(6054004,'法学外语系',6054),(6054005,'管理系',6054),(6054006,'金融系',6054),(6055001,'传媒艺术学院',6055),(6055002,'外国语学院',6055),(6055003,'工商管理学院',6055),(6055004,'旅游管理学院',6055),(6055005,'机械工程学院',6055),(6055006,'汽车工程学院',6055),(6055007,'生物与食品学院',6055),(6055008,'电子信息工程学院',6055),(6055009,'计算机学院',6055),(6055010,'财经管理学院',6055),(6056001,'中文系',6056),(6056002,'体育系',6056),(6056003,'地理系',6056),(6056004,'外语系',6056),(6056005,'政法系',6056),(6056006,'教育系',6056),(6056007,'数学系',6056),(6056008,'电子信息科学系',6056),(6056009,'管理系',6056),(6056010,'艺术系',6056),(6056011,'计算机科学系',6056),(6057001,'机车车辆系',6057),(6057002,'经济管理系',6057),(6057003,'计算机信息工程系',6057),(6057004,'运输工程系',6057),(6058001,'土木工程系',6058),(6058002,'工业工程系',6058),(6058003,'经济管理系',6058),(6058004,'网络信息工程系',6058),(6059001,'土木工程系',6059),(6059002,'城建系',6059),(6059003,'基础科学系',6059),(6059004,'管理系',6059),(6059005,'艺术设计系',6059),(6060001,'信息工程系',6060),(6060002,'土木工程系',6060),(6060003,'外语系',6060),(6060004,'建筑系',6060),(6060005,'环境工程系',6060),(6060006,'管理工程系',6060),(6060007,'艺术设计系',6060),(6060008,'计算机科学与技术系',6060),(7001001,'MBA',7001),(7001002,'人文社会科学学院',7001),(7001003,'人文社会科学学院（中文系）',7001),(7001004,'公共事业管理',7001),(7001005,'创新院',7001),(7001006,'化学工程与工艺（英语强化）',7001),(7001007,'化工学院',7001),(7001008,'国家示范性软件学院',7001),(7001009,'国防教育学院',7001),(7001010,'国际文化交流学院',7001),(7001011,'土木水利学院',7001),(7001012,'城市学院',7001),(7001013,'外国语学院',7001),(7001014,'工程力学系',7001),(7001015,'工程管理',7001),(7001016,'广播电视新闻',7001),(7001017,'应用数学系',7001),(7001018,'建筑与艺术学院',7001),(7001019,'建筑系',7001),(7001020,'成人教育学院',7001),(7001021,'机械工程学院',7001),(7001022,'材料科学与工程学院',7001),(7001023,'毕业系',7001),(7001024,'汽车工程学院',7001),(7001025,'汽车工程系',7001),(7001026,'法学',7001),(7001027,'海军大连舰艇学院',7001),(7001028,'物流管理',7001),(7001029,'物理与光电工程学院',7001),(7001030,'环境与生命学院',7001),(7001031,'电子与信息工程学院',7001),(7001032,'电气工程与应用电子技术系',7001),(7001033,'石油化工学院',7001),(7001034,'研究生院',7001),(7001035,'管理学院',7001),(7001036,'经济系',7001),(7001037,'继续教育学院',7001),(7001038,'网络学院',7001),(7001039,'网络工程',7001),(7001040,'网络教育学院',7001),(7001041,'能源与动力学院',7001),(7001042,'自动化',7001),(7001043,'船舶工程学院',7001),(7001044,'英双',7001),(7001045,'计算机系',7001),(7001046,'软件学院',7001),(7001047,'过程装备与控制工程',7001),(7001048,'预科',7001),(7002001,'东北大学秦皇岛分校',7002),(7002002,'东北大学秦皇岛校区',7002),(7002003,'东软信息学院',7002),(7002004,'中荷生物医学与信息工程学院',7002),(7002005,'体育部',7002),(7002006,'信息学院',7002),(7002007,'信息学院自动化仪表系',7002),(7002008,'商贸系',7002),(7002009,'城市规划',7002),(7002010,'城市规划系',7002),(7002011,'基础学院',7002),(7002012,'外国语学院',7002),(7002013,'大连东软信息学院',7002),(7002014,'大连艺术学院',7002),(7002015,'工业设计',7002),(7002016,'工业设计系',7002),(7002017,'工商管理学院',7002),(7002018,'成人教育学院',7002),(7002019,'文法学院',7002),(7002020,'机械学院',7002),(7002021,'材料与冶金学院',7002),(7002022,'理学院',7002),(7002023,'研究生院',7002),(7002024,'秦皇岛分校',7002),(7002025,'秦皇岛校区',7002),(7002026,'经济系',7002),(7002027,'继续教育学院',7002),(7002028,'网络学院',7002),(7002029,'网络教育学院',7002),(7002030,'自动化',7002),(7002031,'自己学习学院',7002),(7002032,'艺术学院',7002),(7002033,'计算机科学与技术',7002),(7002034,'资土学院',7002),(7002035,'资源与土木工程学院',7002),(7002036,'软件学院',7002),(7003001,'中文',7003),(7003002,'亚澳商学院',7003),(7003003,'人文学院',7003),(7003004,'人文科技学院',7003),(7003005,'信息科学与技术学院',7003),(7003006,'制药工程系',7003),(7003007,'化学科学与工程学院',7003),(7003008,'历史学院',7003),(7003009,'历史文化学院',7003),(7003010,'历史系',7003),(7003011,'哲学与公共管理学院',7003),(7003012,'国际关系学院',7003),(7003013,'外国留学生院',7003),(7003014,'外国语学院',7003),(7003015,'工商管理学院',7003),(7003016,'广告学院',7003),(7003017,'广播影视学院',7003),(7003018,'数学学院',7003),(7003019,'数学系',7003),(7003020,'文化传播学院',7003),(7003021,'文学院',7003),(7003022,'新华国际商学院',7003),(7003023,'日本研究所',7003),(7003024,'本山艺术学院',7003),(7003025,'法学院',7003),(7003026,'物理学院',7003),(7003027,'环境学院',7003),(7003028,'环境科学系',7003),(7003029,'生命科学学院',7003),(7003030,'电子商务',7003),(7003031,'留学生院',7003),(7003032,'研究生学院',7003),(7003033,'经济学院',7003),(7003034,'计算机系',7003),(7003035,'资源与环境学院',7003),(7003036,'轻型产业学院',7003),(7004001,'交通工程与物流学院',7004),(7004002,'人文社会科学学院',7004),(7004003,'信息工程学院',7004),(7004004,'其他',7004),(7004005,'其他学院',7004),(7004006,'外国语学院',7004),(7004007,'数学系',7004),(7004008,'机电与材料工程学院',7004),(7004009,'法学院',7004),(7004010,'港务学院',7004),(7004011,'物理系',7004),(7004012,'环境科学与工程学院',7004),(7004013,'研究生院',7004),(7004014,'经济与管理学院',7004),(7004015,'继续教育学院',7004),(7004016,'继续教育学院',7004),(7004017,'自动化与电气工程学院',7004),(7004018,'航海',7004),(7004019,'航海学院',7004),(7004020,'船机修造',7004),(7004021,'计算机科学与技术学院',7004),(7004022,'轮机工程',7004),(7004023,'轮机工程学院',7004),(7005001,'J.M教育中心',7005),(7005002,'MBA学院',7005),(7005003,'MPAcc教育中心',7005),(7005004,'MPA教育中心',7005),(7005005,'东北财经',7005),(7005006,'人力资源',7005),(7005007,'人文学院',7005),(7005008,'会计',7005),(7005009,'会计学院',7005),(7005010,'信息工程学院',7005),(7005011,'公共管理学院',7005),(7005012,'公司管理',7005),(7005013,'国际商务外语学院',7005),(7005014,'国际商学院',7005),(7005015,'国际汉语言文化学院',7005),(7005016,'国际经济贸易学院',7005),(7005017,'富虹经济学院',7005),(7005018,'工商管理学院',7005),(7005019,'成人教育学院',7005),(7005020,'数学与数量经济学院',7005),(7005021,'数量经济系',7005),(7005022,'新闻传播学院',7005),(7005023,'旅游与酒店管理学院',7005),(7005024,'法学院',7005),(7005025,'津桥商学院',7005),(7005026,'津桥商学院',7005),(7005027,'津桥商学院(开发区)',7005),(7005028,'电子商务学院',7005),(7005029,'研究生部',7005),(7005030,'社会学系',7005),(7005031,'精神病院',7005),(7005032,'经济信息系',7005),(7005033,'经济系',7005),(7005034,'统计学院',7005),(7005035,'统计系',7005),(7005036,'网络教育学院',7005),(7005037,'职业技术学院',7005),(7005038,'自学考试学院',7005),(7005039,'自考学院',7005),(7005040,'财政税务学院',7005),(7005041,'金广建设管理学院',7005),(7005042,'金融学院',7005),(7006001,'人文学院',7006),(7006002,'体育学院',7006),(7006003,'信息工程学院',7006),(7006004,'医学院',7006),(7006005,'国际学院',7006),(7006006,'国际文化交流学院',7006),(7006007,'女子学院',7006),(7006008,'工业设计',7006),(7006009,'师范学院',7006),(7006010,'建筑工程学院',7006),(7006011,'旅游学院',7006),(7006012,'日语学院',7006),(7006013,'服装设计',7006),(7006014,'机械工程学院',7006),(7006015,'法学院',7006),(7006016,'物流',7006),(7006017,'物流工程',7006),(7006018,'物理科学与技术学院',7006),(7006019,'环境与化学工程学院',7006),(7006020,'生物工程学院',7006),(7006021,'研究生部',7006),(7006022,'经济管理学院',7006),(7006023,'美术学院',7006),(7006024,'艺术研究院',7006),(7006025,'英语学院',7006),(7006026,'运动人体科学院',7006),(7006027,'音乐学院',7006),(7007001,'中日友好大连人才培训中心',7007),(7007002,'交通运输工程学院',7007),(7007003,'人文社科部',7007),(7007004,'体育工作部',7007),(7007005,'信息工程学院',7007),(7007006,'外语系',7007),(7007007,'大连职业技术学院',7007),(7007008,'成人教育学院',7007),(7007009,'数理系',7007),(7007010,'机械工程学院',7007),(7007011,'材料科学与工程学院',7007),(7007012,'爱恩国际学院',7007),(7007013,'环境与化学工程学院',7007),(7007014,'现代轨道交通研究院',7007),(7007015,'电气信息学院',7007),(7007016,'研究生部',7007),(7007017,'管理学院',7007),(7007018,'艺术系',7007),(7007019,'计算机',7007),(7007020,'计算机网络',7007),(7007021,'轨道交通技术学院',7007),(7007022,'软件学院',7007),(7007023,'高等职业技术学院',7007),(7008001,'七年制',7008),(7008002,'中山学院',7008),(7008003,'中山学院(中山校区)',7008),(7008004,'中山学院(星海校区)',7008),(7008005,'中山学院护理系',7008),(7008006,'中山学院（中山校区）',7008),(7008007,'中山学院（星海校区）',7008),(7008008,'中心实验室',7008),(7008009,'临床医学',7008),(7008010,'体育教研部',7008),(7008011,'免疫教研室',7008),(7008012,'医学影像学系',7008),(7008013,'医学心理系',7008),(7008014,'医药营销',7008),(7008015,'卫生学教研室',7008),(7008016,'口腔医学院',7008),(7008017,'国际教育学院',7008),(7008018,'基础医学院',7008),(7008019,'外语教研室',7008),(7008020,'妇产科学系',7008),(7008021,'寄生虫教研室',7008),(7008022,'影像艺术学院',7008),(7008023,'微生态教研室',7008),(7008024,'微生物学教研室',7008),(7008025,'成人教育学院',7008),(7008026,'护理系',7008),(7008027,'机能实验室',7008),(7008028,'检验医学院',7008),(7008029,'现代教育技术部',7008),(7008030,'生物化学与分子生物学教研室',7008),(7008031,'生物学教研室',7008),(7008032,'生物技术',7008),(7008033,'生理学教研室',7008),(7008034,'病理学教研室',7008),(7008035,'病理生理学教研室',7008),(7008036,'研究生院',7008),(7008037,'社会科学与管理科学学院',7008),(7008038,'组织学与胚胎学教研室',7008),(7008039,'美容医学院',7008),(7008040,'药学院',7008),(7008041,'解剖学教研室',7008),(7008042,'运动医学',7008),(7008043,'针灸推拿系',7008),(7008044,'附属卫生学校',7008),(7008045,'预防医学',7008),(7008046,'高等职业技术学院',7008),(7008047,'麻醉学',7008),(7009001,'体育学院',7009),(7009002,'化学化工学院',7009),(7009003,'历史文化旅游学院',7009),(7009004,'国际商学院',7009),(7009005,'国际职业学院',7009),(7009006,'城市与环境学院',7009),(7009007,'外国语学院',7009),(7009008,'外语学院',7009),(7009009,'对外汉语学院（原国际文化交流学院）',7009),(7009010,'影视艺术学院',7009),(7009011,'影视艺术学院',7009),(7009012,'政治与行政学院',7009),(7009013,'教育学院',7009),(7009014,'教育学院（田家炳教育书院）',7009),(7009015,'数学学院',7009),(7009016,'文学院',7009),(7009017,'新闻',7009),(7009018,'旅游与饭店管理',7009),(7009019,'法学院',7009),(7009020,'海华学院',7009),(7009021,'海华学院',7009),(7009022,'海华学院',7009),(7009023,'物理与电子技术学院',7009),(7009024,'生命科学学院',7009),(7009025,'研究生院',7009),(7009026,'管理学院',7009),(7009027,'继续教育学院',7009),(7009028,'美术学院',7009),(7009029,'职业中专',7009),(7009030,'计算机与信息技术学院',7009),(7009031,'附属中学',7009),(7009032,'音乐学院',7009),(7010001,'东北少数民族研究院',7010),(7010002,'体育教学部',7010),(7010003,'国际文化交流学院',7010),(7010004,'土木建筑工程学院',7010),(7010005,'外国语言文化学院',7010),(7010006,'大连民族学院',7010),(7010007,'成人教育学院',7010),(7010008,'文法学院',7010),(7010009,'机电信息工程学院',7010),(7010010,'民族干部培训部',7010),(7010011,'理学院',7010),(7010012,'理学院预科部',7010),(7010013,'生命科学学院',7010),(7010014,'经济管理学院',7010),(7010015,'计算机科学与工程学院',7010),(7010016,'设计学院',7010),(7010017,'预科',7010),(7011001,'体育教学部',7011),(7011002,'信息科学与工程学院',7011),(7011003,'化工与材料学院',7011),(7011004,'国际交流学院',7011),(7011005,'城市学院',7011),(7011006,'外国语学院',7011),(7011007,'大连职业技术学院',7011),(7011008,'工艺美术系',7011),(7011009,'成人教育学院',7011),(7011010,'服装学院',7011),(7011011,'机械工程与自动化学院',7011),(7011012,'现代教育技术部',7011),(7011013,'生物与食品工程学院',7011),(7011014,'研究生部',7011),(7011015,'管理与社会科学学院',7011),(7011016,'纺织工程',7011),(7011017,'纺织轻工学院',7011),(7011018,'经贸管理系',7011),(7011019,'职业技术学院（金州）',7011),(7011020,'艺术与信息工程学院',7011),(7011021,'艺术与信息工程学院（金州）',7011),(7011022,'艺术设计学院',7011),(7011023,'艺术设计系',7011),(7012001,'人文法律系',7012),(7012002,'信息工程学院',7012),(7012003,'商务信息学院',7012),(7012004,'土木工程学院',7012),(7012005,'基础系',7012),(7012006,'外语系',7012),(7012007,'大连水产学院',7012),(7012008,'大连水产学院职业技术学院',7012),(7012009,'建筑工程系',7012),(7012010,'成人教育学院',7012),(7012011,'机械工程学院',7012),(7012012,'机电工程系',7012),(7012013,'水产养殖',7012),(7012014,'海洋工程学院',7012),(7012015,'海洋环境工程学院',7012),(7012016,'理学院',7012),(7012017,'生命科学与技术学院',7012),(7012018,'留学生部',7012),(7012019,'研究生院',7012),(7012020,'经济管理学院',7012),(7012021,'职业技术学院',7012),(7012022,'计算机系',7012),(7012023,'食品工程系',7012),(7013001,'体育教学部',7013),(7013002,'俄语系',7013),(7013003,'信息管理与信息系统(日语强化)',7013),(7013004,'公共外语教学部',7013),(7013005,'国际培训学院',7013),(7013006,'国际艺术学院',7013),(7013007,'大外培训学院',7013),(7013008,'应用英语学院',7013),(7013009,'德语系',7013),(7013010,'文化传播学院',7013),(7013011,'旅游管理学院',7013),(7013012,'日本语学院',7013),(7013013,'日语',7013),(7013014,'汉学院',7013),(7013015,'法语系',7013),(7013016,'研究生部',7013),(7013017,'社会科学部',7013),(7013018,'继续教育学院',7013),(7013019,'英语学院',7013),(7013020,'西班牙语',7013),(7013021,'软件学院',7013),(7013022,'阿拉伯语',7013),(7013023,'韩国语系',7013),(7014001,'信息系',7014),(7014002,'国贸系',7014),(7014003,'外语系',7014),(7014004,'管理系',7014),(7014005,'财经系',7014),(7015001,'人文与旅游学院',7015),(7015002,'人资系',7015),(7015003,'会计系',7015),(7015004,'体育学院',7015),(7015005,'信息工程学院',7015),(7015006,'信息工程学院',7015),(7015007,'公共外语教学部',7015),(7015008,'国际商学院',7015),(7015009,'外国语学院',7015),(7015010,'工商管理学院',7015),(7015011,'师范学院',7015),(7015012,'建筑工程学院',7015),(7015013,'成人教育学院',7015),(7015014,'政法学院',7015),(7015015,'教育学院',7015),(7015016,'文化传媒学院',7015),(7015017,'新民师范学院',7015),(7015018,'旅游与地理科学学院',7015),(7015019,'旅游管理',7015),(7015020,'机械工程学院',7015),(7015021,'汽车技术服务',7015),(7015022,'理学院',7015),(7015023,'生物与环境工程',7015),(7015024,'研究生部',7015),(7015025,'社会科学教学部',7015),(7015026,'科技工程学院',7015),(7015027,'空乘专业',7015),(7015028,'经济学院',7015),(7015029,'继续教育学院',7015),(7015030,'美术学院',7015),(7015031,'职业技术学院',7015),(7015032,'自然科学系',7015),(7015033,'艺术工程学院',7015),(7015034,'计算机',7015),(7015035,'通信工程',7015),(7015036,'音乐学院',7015),(7015037,'高职',7015),(7015038,'高职院',7015),(7016001,'会计',7016),(7016002,'信息学院',7016),(7016003,'信息工程系',7016),(7016004,'信息科学与工程学院',7016),(7016005,'化工学院',7016),(7016006,'国防教育学院',7016),(7016007,'外国语学院',7016),(7016008,'工商管理',7016),(7016009,'应用技术学院',7016),(7016010,'成人教育学院',7016),(7016011,'文法学院',7016),(7016012,'机械工程学院',7016),(7016013,'机械工程系',7016),(7016014,'材料学院',7016),(7016015,'材料科学与工程学院',7016),(7016016,'汽车与交通学院',7016),(7016017,'环境与化学工程学院',7016),(7016018,'理学院',7016),(7016019,'研究生学院',7016),(7016020,'经济管理学院',7016),(7016021,'经管学院',7016),(7016022,'继续教育学院',7016),(7016023,'艺术设计学院',7016),(7016024,'装备工程学院',7016),(7016025,'高等职业技术学院',7016),(7017001,'信息科学与工程学院',7017),(7017002,'国际教育学院',7017),(7017003,'外语学院',7017),(7017004,'工程学院',7017),(7017005,'建筑工程学院',7017),(7017006,'成人教育学院',7017),(7017007,'文法学院',7017),(7017008,'机械工程学院',7017),(7017009,'机械设计制造及其自动化',7017),(7017010,'材料科学与工程学院',7017),(7017011,'理学院',7017),(7017012,'电气工程学院',7017),(7017013,'石油化工学院',7017),(7017014,'研究生学院',7017),(7017015,'管理学院',7017),(7017016,'经济学院',7017),(7017017,'软件学院',7017),(7017018,'高等职业技术学院',7017),(7018001,'交通与机械工程学院',7018),(7018002,'体育部',7018),(7018003,'信息与控制工程学院',7018),(7018004,'国际学院',7018),(7018005,'土木工程学院',7018),(7018006,'城市建设学院',7018),(7018007,'城建学院',7018),(7018008,'外语学院',7018),(7018009,'工商管理系',7018),(7018010,'市政与环境学院',7018),(7018011,'建筑与规划学院',7018),(7018012,'建筑工程',7018),(7018013,'文法学院',7018),(7018014,'材料科学与工程学院',7018),(7018015,'理学院',7018),(7018016,'管理学院',7018),(7018017,'经济管理系',7018),(7018018,'继续教育学院',7018),(7018019,'职业技术学院',7018),(7018020,'艺术学院',7018),(7019001,'信息与电气工程学院',7019),(7019002,'农学院',7019),(7019003,'园艺学院',7019),(7019004,'土地与环境学院',7019),(7019005,'基础部',7019),(7019006,'工程学院',7019),(7019007,'应用技术学院',7019),(7019008,'成教院',7019),(7019009,'林学院',7019),(7019010,'植物保护学院',7019),(7019011,'水利学院',7019),(7019012,'沈阳炮兵学院',7019),(7019013,'理学院',7019),(7019014,'生物科学技术学院',7019),(7019015,'畜牧兽医学院',7019),(7019016,'研究生部',7019),(7019017,'科学技术学院',7019),(7019018,'经济贸易学院',7019),(7019019,'计算机',7019),(7019020,'食品学院',7019),(7019021,'高等职业技术学院',7019),(7020001,'信息工程学院',7020),(7020002,'医学技术系',7020),(7020003,'卫校',7020),(7020004,'国际教育学院',7020),(7020005,'基础医学院',7020),(7020006,'大连校区',7020),(7020007,'护理学院',7020),(7020008,'护理系',7020),(7020009,'杏林学院',7020),(7020010,'生物技术系',7020),(7020011,'研究生学院',7020),(7020012,'第一临床学院',7020),(7020013,'经济管理学院',7020),(7020014,'继续教育学院',7020),(7020015,'职业技术学院',7020),(7020016,'药学系',7020),(7020017,'药学院',7020),(7020018,'针灸推拿学院',7020),(7021001,'中药学院',7021),(7021002,'制药工程学院',7021),(7021003,'医疗器械系',7021),(7021004,'基础学院',7021),(7021005,'工商管理学院',7021),(7021006,'成人教育学院',7021),(7021007,'格兰芬多',7021),(7021008,'生命科学与生物制药学院',7021),(7021009,'研究生院',7021),(7021010,'药学院',7021),(7021011,'高等职业技术学院',7021),(7022001,'人力资源开发学院',7022),(7022002,'体育科学学院',7022),(7022003,'信息技术学院',7022),(7022004,'化学与生命科学学院',7022),(7022005,'国际商学院',7022),(7022006,'国际教育学院',7022),(7022007,'外国语学院',7022),(7022008,'戏剧艺术学院',7022),(7022009,'成人教育学院',7022),(7022010,'教师专业发展学院',7022),(7022011,'教育学院',7022),(7022012,'教育技术学院',7022),(7022013,'教育科学学院',7022),(7022014,'数学与系统科学学院',7022),(7022015,'文学院',7022),(7022016,'旅游管理学院',7022),(7022017,'法学院',7022),(7022018,'法律系',7022),(7022019,'渤海学院',7022),(7022020,'物理科学与技术学院',7022),(7022021,'社会学学院',7022),(7022022,'科信软件学院',7022),(7022023,'管理学院',7022),(7022024,'经济与管理学院',7022),(7022025,'美术与设计学院',7022),(7022026,'美术系',7022),(7022027,'职业技术学院',7022),(7022028,'表演系',7022),(7022029,'计算机',7022),(7022030,'软件学院',7022),(7022031,'音乐学院',7022),(7022032,'马克思主义学院',7022),(7022033,'高职院',7022),(7023001,'交通事故处理',7023),(7023002,'侦察',7023),(7023003,'侦查系',7023),(7023004,'保密',7023),(7023005,'公安基础教研部',7023),(7023006,'公安视听技术专业',7023),(7023007,'刑事犯罪侦查',7023),(7023008,'刑事犯罪侦查二学位',7023),(7023009,'刑事科学技术',7023),(7023010,'刑事科学技术二学位',7023),(7023011,'刑侦',7023),(7023012,'刑侦二学位',7023),(7023013,'基础教研部',7023),(7023014,'文检专业',7023),(7023015,'治安管理',7023),(7023016,'法化专业',7023),(7023017,'法医系',7023),(7023018,'法学院',7023),(7023019,'法律教研部',7023),(7023020,'涉外警务',7023),(7023021,'痕检专业',7023),(7023022,'研究生',7023),(7023023,'社会科学教研部',7023),(7023024,'禁毒专业',7023),(7023025,'经济犯罪侦查系',7023),(7023026,'行动技术',7023),(7023027,'警体教研部',7023),(7023028,'警犬技术系',7023),(7023029,'计算机犯罪侦查系',7023),(7024001,'体育部',7024),(7024002,'信息工程学院',7024),(7024003,'化学工程学院',7024),(7024004,'外语系',7024),(7024005,'应用化学学院',7024),(7024006,'数理系',7024),(7024007,'机械工程学院',7024),(7024008,'材料科学与工程学院',7024),(7024009,'沈阳化工',7024),(7024010,'环境与生物工程学院',7024),(7024011,'研究生院',7024),(7024012,'社科部',7024),(7024013,'科亚学院',7024),(7024014,'经济管理学院',7024),(7024015,'计算机科学与技术学院',7024),(7025001,'北方科技学院',7025),(7025002,'北方软件学院',7025),(7025003,'后备军官学院',7025),(7025004,'外语系',7025),(7025005,'安全工程学院',7025),(7025006,'工业设计系',7025),(7025007,'机械与汽车学院',7025),(7025008,'材料工程系',7025),(7025009,'民航学院',7025),(7025010,'沈航成人教育学院',7025),(7025011,'沈阳航空工业学院',7025),(7025012,'沈阳航空职业技术学院',7025),(7025013,'理学系',7025),(7025014,'电子工程系',7025),(7025015,'研究生部',7025),(7025016,'空军后备军官学院',7025),(7025017,'管理系',7025),(7025018,'经济系',7025),(7025019,'自动控制系',7025),(7025020,'航空宇航工程学院',7025),(7025021,'艺术设计系',7025),(7025022,'计算机学院',7025),(7025023,'重修学院',7025),(7025024,'飞行器动力与能源工程学院',7025),(7026001,'体育部',7026),(7026002,'信息工程系',7026),(7026003,'公共外语部',7026),(7026004,'动力工程系',7026),(7026005,'国际教育部',7026),(7026006,'基础教学部',7026),(7026007,'技术经济系',7026),(7026008,'政治法律系',7026),(7026009,'机械工程系',7026),(7026010,'电气工程系',7026),(7026011,'社会科学教学部',7026),(7026012,'管理工程系',7026),(7026013,'自动控制工程系',7026),(7026014,'英语系',7026),(7027001,'临床',7027),(7027002,'临床医学系',7027),(7027003,'临床英文',7027),(7027004,'体育部',7027),(7027005,'医学实验技术',7027),(7027006,'医学影像',7027),(7027007,'医学生物',7027),(7027008,'卫生管理系',7027),(7027009,'口腔医学',7027),(7027010,'基础部',7027),(7027011,'外语部',7027),(7027012,'成人教育学院',7027),(7027013,'护理学院',7027),(7027014,'检验',7027),(7027015,'社科部',7027),(7027016,'药学',7027),(7027017,'视光学院',7027),(7027018,'附属卫校',7027),(7027019,'预防医学系',7027),(7027020,'高职学院',7027),(7027021,'麻醉系',7027),(7028001,'人文科学系',7028),(7028002,'体育教育系',7028),(7028003,'成人教育部',7028),(7028004,'民族传统体育系',7028),(7028005,'沈体体育俱乐部',7028),(7028006,'研究生部',7028),(7028007,'社会体育专业',7028),(7028008,'竞技体校、附属体校',7028),(7028009,'管理系',7028),(7028010,'运动人体科学系',7028),(7028011,'运动训练系',7028),(7029001,'国画系',7029),(7029002,'基础教学部',7029),(7029003,'大连校区',7029),(7029004,'工业设计系',7029),(7029005,'成人教育学院',7029),(7029006,'摄影系',7029),(7029007,'文化传播与管理系',7029),(7029008,'文化研究中心',7029),(7029009,'染织服装设计系',7029),(7029010,'油画系',7029),(7029011,'版画系',7029),(7029012,'环境艺术设计系',7029),(7029013,'美术史论系',7029),(7029014,'美院附属中学',7029),(7029015,'艺术设计',7029),(7029016,'视觉传达',7029),(7029017,'视觉传达系动画专业',7029),(7030001,'乐器工艺系',7030),(7030002,'作曲系',7030),(7030003,'共同课教学部',7030),(7030004,'南校区',7030),(7030005,'国际音乐教育中心',7030),(7030006,'声乐教育系',7030),(7030007,'声乐系',7030),(7030008,'戏剧影视表演系',7030),(7030009,'民乐系',7030),(7030010,'民族声乐系',7030),(7030011,'流行音乐系',7030),(7030012,'电子琴系',7030),(7030013,'研究生部',7030),(7030014,'社会科学部',7030),(7030015,'管弦系',7030),(7030016,'舞蹈系',7030),(7030017,'艺术传媒系',7030),(7030018,'艺术商务与管理',7030),(7030019,'艺术文学系',7030),(7030020,'钢琴系',7030),(7030021,'附属中等舞蹈学校',7030),(7030022,'附属中等音乐学校',7030),(7030023,'附属大连音乐舞蹈学校',7030),(7030024,'音乐学系',7030),(7030025,'音乐教育系',7030),(7031001,'七年制',7031),(7031002,'临床',7031),(7031003,'临床医学院',7031),(7031004,'临床医药学院',7031),(7031005,'人文社会科学部',7031),(7031006,'信息管理与信息系统系',7031),(7031007,'公共卫生学院',7031),(7031008,'医学影像系',7031),(7031009,'医学检验学系',7031),(7031010,'医学美容',7031),(7031011,'口腔医学院',7031),(7031012,'基础医学院',7031),(7031013,'护理学院',7031),(7031014,'沈阳炮兵学院',7031),(7031015,'法医学院',7031),(7031016,'理工学部',7031),(7031017,'生物医学工程学系',7031),(7031018,'生物科学与技术',7031),(7031019,'病理学系',7031),(7031020,'研究生院',7031),(7031021,'第一临床学院',7031),(7031022,'第三临床学院',7031),(7031023,'第二临床学院',7031),(7031024,'第四临床学院',7031),(7031025,'药学系',7031),(7031026,'运动医学系',7031),(7031027,'预防医学',7031),(7031028,'高等职业技术学院',7031),(7032001,'军体部',7032),(7032002,'力学与工程学院',7032),(7032003,'力学与工程科学系',7032),(7032004,'土木建筑工程学院',7032),(7032005,'外语系',7032),(7032006,'安全学院',7032),(7032007,'工商管理学院',7032),(7032008,'工程管理',7032),(7032009,'建筑学',7032),(7032010,'成人教育学院',7032),(7032011,'技术经济学院',7032),(7032012,'政法系',7032),(7032013,'新闻与传播系',7032),(7032014,'机械工程学院',7032),(7032015,'材料科学与工程系',7032),(7032016,'测绘与地理科学学院',7032),(7032017,'理学院',7032),(7032018,'电子与信息工程学院',7032),(7032019,'电气与控制工程学院',7032),(7032020,'电气工程系',7032),(7032021,'研究生学院',7032),(7032022,'社会科学系',7032),(7032023,'职业技术学院',7032),(7032024,'葫芦岛软件学院',7032),(7032025,'计算机系',7032),(7032026,'资源与环境工程学院',7032),(7032027,'软件学院',7032),(7032028,'辽宁工程技术大学',7032),(7033001,'人文学院',7033),(7033002,'体育学院',7033),(7033003,'信息与控制工程学院',7033),(7033004,'信息工程学院',7033),(7033005,'储运与建筑工程学院',7033),(7033006,'外国语学院',7033),(7033007,'成人教育学院',7033),(7033008,'机械工程学院',7033),(7033009,'环境与生物工程学院',7033),(7033010,'理学院',7033),(7033011,'石油化工学院',7033),(7033012,'研究生院',7033),(7033013,'经济管理学院',7033),(7033014,'经管系',7033),(7033015,'职业技术学院',7033),(7033016,'计算机与通信工程学院',7033),(7033017,'辽宁石化职业技术学院',7033),(7033018,'顺华能源学院',7033),(7033019,'高职',7033),(7034001,'人发武装学院',7034),(7034002,'人文社科部',7034),(7034003,'体育部',7034),(7034004,'信息技术学院',7034),(7034005,'化学工程学院',7034),(7034006,'土木与交通工程学院',7034),(7034007,'外语系',7034),(7034008,'工商管理学院',7034),(7034009,'建筑与艺术设计学院',7034),(7034010,'成人教育学院',7034),(7034011,'托普软件学院',7034),(7034012,'旅游',7034),(7034013,'机械工程与自动化学院',7034),(7034014,'材料科学与工程学院',7034),(7034015,'理学院',7034),(7034016,'电子与信息工程学院',7034),(7034017,'经济与法律学院',7034),(7034018,'自动化',7034),(7034019,'艺术系',7034),(7034020,'计算机科学与工程学院',7034),(7034021,'资源与土木工程学院',7034),(7034022,'软件学院',7034),(7034023,'辽宁科技大学',7034),(7034024,'高等职业技术学院',7034),(7035001,'中文系',7035),(7035002,'体育系',7035),(7035003,'公共体育教研部',7035),(7035004,'化学系',7035),(7035005,'商务系',7035),(7035006,'外语系',7035),(7035007,'学前教育系',7035),(7035008,'成人教育学院',7035),(7035009,'政史系',7035),(7035010,'教科院',7035),(7035011,'教育科学与技术学院',7035),(7035012,'数学系',7035),(7035013,'物理系',7035),(7035014,'管理系',7035),(7035015,'美术系',7035),(7035016,'艺术系',7035),(7035017,'计算机系',7035),(7035018,'财经系',7035),(7035019,'附属中学',7035),(7035020,'附属卫生学校',7035),(7035021,'音乐系',7035),(7035022,'马列教研室',7035),(7035023,'高等职业技术学院',7035),(7036001,'中文系',7036),(7036002,'会计学院',7036),(7036003,'体育系',7036),(7036004,'信息科学与工程学院',7036),(7036005,'化学化工学院',7036),(7036006,'历史系',7036),(7036007,'商学院',7036),(7036008,'培训学院',7036),(7036009,'外国语学院',7036),(7036010,'外贸系',7036),(7036011,'工商系',7036),(7036012,'应用技术学院',7036),(7036013,'成人教育学院',7036),(7036014,'政法系',7036),(7036015,'教育学院',7036),(7036016,'数学系',7036),(7036017,'文法系',7036),(7036018,'文理学院',7036),(7036019,'文理学院信息系',7036),(7036020,'文理学院文法系',7036),(7036021,'文理学院管理系',7036),(7036022,'文理学院艺术系',7036),(7036023,'文理学院英语系',7036),(7036024,'新闻与传播学院',7036),(7036025,'旅游学院',7036),(7036026,'渤海大学',7036),(7036027,'物理系',7036),(7036028,'生物与食品科学学院',7036),(7036029,'电子商务',7036),(7036030,'管理学院',7036),(7036031,'管理系',7036),(7036032,'艺术学院',7036),(7036033,'英语系',7036),(7036034,'计算机系',7036),(7036035,'财税系',7036),(7036036,'高等职业技术学院',7036),(7036037,'高职学院外贸系',7036),(7036038,'高职学院工商系',7036),(7037001,'体育部',7037),(7037002,'信息科学与工程学院',7037),(7037003,'土木建筑系',7037),(7037004,'外语系',7037),(7037005,'工程技术学院',7037),(7037006,'数理科学系',7037),(7037007,'文化传播系',7037),(7037008,'文法学院',7037),(7037009,'机械工程与自动化学院',7037),(7037010,'材料与化学工程学院',7037),(7037011,'汽车与交通工程学院',7037),(7037012,'理学院',7037),(7037013,'研究生学院',7037),(7037014,'社会科学部',7037),(7037015,'经济管理学院',7037),(7037016,'艺术设计与建筑学院',7037),(7037017,'艺术设计与建筑系',7037),(7037018,'计算机科学与工程学院',7037),(7037019,'软件学院',7037),(7037020,'辽宁工学院',7037),(7038001,'人文社科学院',7038),(7038002,'体育部',7038),(7038003,'全科医学',7038),(7038004,'动物医学院',7038),(7038005,'动物科学技术学院',7038),(7038006,'医学系',7038),(7038007,'医疗学院',7038),(7038008,'口腔系',7038),(7038009,'基础学院',7038),(7038010,'外语教研部',7038),(7038011,'成人教育学院',7038),(7038012,'护理学院',7038),(7038013,'杏林学院',7038),(7038014,'畜牧兽医学院',7038),(7038015,'研究生处',7038),(7038016,'第一临床学院',7038),(7038017,'药学院',7038),(7038018,'高等职业技术学院',7038),(7039001,'体育部',7039),(7039002,'信息工程系',7039),(7039003,'信息技术学院',7039),(7039004,'冶金工程系',7039),(7039005,'化工学院',7039),(7039006,'基础部',7039),(7039007,'外语系',7039),(7039008,'师范教育系',7039),(7039009,'机械工程系',7039),(7039010,'材料学院',7039),(7039011,'生物与化学工程系',7039),(7039012,'社会科学系',7039),(7039013,'经济管理系',7039),(7039014,'自动控制系',7039),(7039015,'艺术系',7039),(7039016,'计算机科学与工程学院',7039),(7039017,'资源与建筑工程系',7039),(7039018,'附属高中',7039),(7039019,'高等职业技术学院',7039),(7040001,'会计学院',7040),(7040002,'体育部',7040),(7040003,'信息技术学院',7040),(7040004,'公共外语部',7040),(7040005,'农业学院',7040),(7040006,'医学院',7040),(7040007,'基础部',7040),(7040008,'外语学院',7040),(7040009,'学报编辑部',7040),(7040010,'实验中心',7040),(7040011,'工商管理学院',7040),(7040012,'师范学院',7040),(7040013,'建筑工程学院',7040),(7040014,'旅游管理学院',7040),(7040015,'服装与纺织学院',7040),(7040016,'机电学院',7040),(7040017,'机电工程学院',7040),(7040018,'材料科学与化学工程学院',7040),(7040019,'现代教育中心',7040),(7040020,'社科部',7040),(7040021,'经济学院',7040),(7040022,'继续教育学院',7040),(7040023,'职业技能鉴定所',7040),(7040024,'艺术与设计学院',7040),(7040025,'装备与材料学院',7040),(7040026,'计算中心',7040),(7040027,'附属中专',7040),(7040028,'韩朝经济与文化学院',7040),(7041001,'商务系',7041),(7041002,'外语系',7041),(7041003,'学前教育系',7041),(7041004,'管理系',7041),(7041005,'艺术系',7041),(7041006,'计算机系',7041),(7041007,'鞍山师范学院',7041),(7041008,'高等职业技术学院',7041),(7042001,'信息工程系',7042),(7042002,'动力工程',7042),(7042003,'师范教育系',7042),(7042004,'机电工程系',7042),(7042005,'材料工程系',7042),(7042006,'电气工程系',7042),(7042007,'管理科学系',7042),(7042008,'船舶工程系',7042),(7043001,'体育系',7043),(7043002,'信息技术系',7043),(7043003,'商学院',7043),(7043004,'培训学院',7043),(7043005,'文法系',7043),(7043006,'文理学院',7043),(7043007,'渤海大学',7043),(7043008,'渤海大学文理学院',7043),(7043009,'生物与食品科学学院',7043),(7043010,'管理系',7043),(7043011,'艺术系',7043),(7043012,'英语系',7043),(7043013,'计算机系',7043),(7043014,'高职学院',7043),(7043015,'高职部',7043),(7044001,'中文系',7044),(7044002,'体育系',7044),(7044003,'信息工程系',7044),(7044004,'基础教育系',7044),(7044005,'小学教育系',7044),(7044006,'护理系',7044),(7044007,'政治经济系',7044),(7044008,'教育管理系',7044),(7044009,'数学双语',7044),(7044010,'数学计算机系',7044),(7044011,'法律系',7044),(7044012,'生化工程系',7044),(7044013,'美术系',7044),(7044014,'英语系',7044),(7044015,'音乐系',7044),(7045001,'东北大学东软信息学院',7045),(7045002,'信息技术与商务管理',7045),(7045003,'信管系',7045),(7045004,'嵌入式系统工程',7045),(7045005,'数字艺术系',7045),(7045006,'日语',7045),(7045007,'电子商务',7045),(7045008,'英语系',7045),(7045009,'计算机应用技术',7045),(7045010,'计算机科学与技术',7045),(7045011,'计算机系',7045),(7045012,'软件工程',7045),(7045013,'软件技术',7045),(7046001,'中文系',7046),(7046002,'应用日语',7046),(7046003,'应用法语',7046),(7046004,'应用英语',7046),(7046005,'日语系',7046),(7046006,'经贸系',7046),(7046007,'英语系',7046),(7046008,'韩语系',7046),(7048001,'商务英语',7048),(7048002,'国际贸易',7048),(7048003,'多媒体',7048),(7048004,'导游',7048),(7048005,'文秘',7048),(7048006,'物流管理',7048),(7048007,'电子商务',7048),(7048008,'管理系',7048),(7048009,'网络工程',7048),(7048010,'艺术系',7048),(7048011,'计算机',7048),(7048012,'计算机信息管理',7048),(7048013,'软件工程',7048),(7049001,'口岸通关',7049),(7049002,'国际交流系',7049),(7049003,'国际学院',7049),(7049004,'外语系',7049),(7049005,'旅游系',7049),(7049006,'经贸管理学院',7049),(7049007,'继续教育学院',7049),(7049008,'艺术学院',7049),(7049009,'计算机',7049),(7049010,'金融',7049),(7050001,'东北大学大连艺术学院',7050),(7050002,'东北大学大连艺术学院艺术设计系',7050),(7050003,'东北大学大连艺术学院表演艺术系',7050),(7050004,'国际商务系',7050),(7050005,'大连职业技术学院',7050),(7050006,'大连艺术学院',7050),(7050007,'美术系',7050),(7050008,'艺术设计系',7050),(7050009,'表演艺术系',7050),(7050010,'音乐系',7050),(7051001,'信息技术系',7051),(7051002,'国际商务语言系',7051),(7051003,'工商管理系',7051),(7051004,'机械系',7051),(7051005,'机电工程分院',7051),(7051006,'汽车工程技术系',7051),(7051007,'法律系',7051),(7051008,'电气与电子工程技术系',7051),(7051009,'社会事业系',7051),(7051010,'管理工程系',7051),(7051011,'艺术分院',7051),(7051012,'艺术教育分院',7051),(7051013,'计算机系',7051),(7052001,'中旅系',7052),(7052002,'体育',7052),(7052003,'初教一系',7052),(7052004,'初等教育二系',7052),(7052005,'声光工程系',7052),(7052006,'外语系',7052),(7052007,'学前教育系',7052),(7052008,'生化系',7052),(7052009,'计算机',7052),(7052010,'音乐系',7052),(7054001,'农职院',7054),(7054002,'外语',7054),(7054003,'工程系',7054),(7054004,'工程系',7054),(7054005,'师范部',7054),(7054006,'文法系',7054),(7054007,'艺术系',7054),(7054008,'计算机信息工程系',7054),(7054009,'计算机信息技术系',7054),(7055001,'会计电算化',7055),(7055002,'商务英语',7055),(7055003,'旅游管理',7055),(7055004,'物流管理',7055),(7055005,'电子商务',7055),(7055006,'计算机',7055),(7055007,'连锁经营管理',7055),(7056001,'中体',7056),(7056002,'中文系',7056),(7056003,'体育系',7056),(7056004,'初等教育一系',7056),(7056005,'初等教育二系',7056),(7056006,'化学系',7056),(7056007,'商务英语',7056),(7056008,'物理系',7056),(7056009,'经管系',7056),(7056010,'美术系',7056),(7056011,'英语系',7056),(7056012,'计算机系',7056),(7056013,'音乐系',7056),(7057001,'人物形象设计',7057),(7057002,'信息工程系',7057),(7057003,'工商管理',7057),(7057004,'数控',7057),(7057005,'文法系',7057),(7057006,'机械工程系',7057),(7057007,'物流管理',7057),(7057008,'电子商务',7057),(7057009,'经管系',7057),(7057010,'自控系',7057),(7057011,'艺术类',7057),(7057012,'计算机',7057),(7057013,'财经系',7057),(7058001,'公共与商务管理系',7058),(7058002,'制作',7058),(7058003,'工艺设计系',7058),(7058004,'广告策划',7058),(7058005,'广告经营与传媒系',7058),(7058006,'广告设计与制作',7058),(7058007,'省考',7058),(7058008,'策划',7058),(7059001,'信息工程系',7059),(7059002,'工商管理系',7059),(7059003,'机械工程系',7059),(7059004,'自动控制系',7059),(7060001,'信息工程系',7060),(7060002,'建工系',7060),(7060003,'建筑工程系',7060),(7060004,'成教部',7060),(7060005,'机电系',7060),(7060006,'汽车工程系',7060),(7060007,'测绘工程系',7060),(7060008,'物流系',7060),(7060009,'经济管理系',7060),(7060010,'计算机系',7060),(7060011,'道桥系',7060),(7061001,'师范学院',7061),(7061002,'渤海学院',7061),(7062001,'会计系',7062),(7062002,'信息技术系',7062),(7062003,'基　础　部',7062),(7062004,'工商管理系',7062),(7062005,'金融系',7062),(7063001,'产业经济管理系',7063),(7063002,'信息管理系',7063),(7063003,'信息系',7063),(7063004,'商务流通管理系',7063),(7063005,'外语系',7063),(7063006,'工商管理系',7063),(7063007,'工程技术管理系',7063),(7063008,'工艺美术学院',7063),(7063009,'广告艺术系',7063),(7063010,'生物工程系',7063),(7063011,'生物应用工程系',7063),(7063012,'社会公共管理系',7063),(7063013,'装饰艺术系',7063),(7063014,'设计艺术系',7063),(7063015,'财税管理系',7063),(7063016,'院本部',7063),(7064001,'书记官',7064),(7064002,'交通管理',7064),(7064003,'侦查',7064),(7064004,'公安信息系',7064),(7064005,'公安技术系',7064),(7064006,'公安管理系',7064),(7064007,'刑事司法',7064),(7064008,'刑事科学技术',7064),(7064009,'外语系',7064),(7064010,'治安学',7064),(7064011,'治安管理',7064),(7064012,'法学院',7064),(7064013,'监所系',7064),(7064014,'管理',7064),(7064015,'经侦',7064),(7064016,'行政管理',7064),(7064017,'警察指挥与战术',7064),(7064018,'警察训练系',7064),(7064019,'计算机',7064),(7064020,'计算机保安系',7064),(7064021,'软件',7064),(7064022,'高职',7064),(7065001,'信息工程系',7065),(7065002,'信息技术学院',7065),(7065003,'化工学院',7065),(7065004,'外语系',7065),(7065005,'工商管理学院',7065),(7065006,'建筑与艺术设计学院',7065),(7065007,'托普软件学院',7065),(7065008,'机械',7065),(7065009,'机械工程与自动化学院',7065),(7065010,'材料学院',7065),(7065011,'材料科学与工程学院',7065),(7065012,'理学院',7065),(7065013,'电信学院',7065),(7065014,'电子与信息工程学院',7065),(7065015,'电气工程系',7065),(7065016,'经济与法律学院',7065),(7065017,'经济管理系',7065),(7065018,'自动控制系',7065),(7065019,'艺术系',7065),(7065020,'计算机科学与工程学院',7065),(7065021,'资源与土木工程学院',7065),(7065022,'软件学院',7065),(7065023,'辽宁科技学院',7065),(7065024,'高等职业技术学院',7065),(7066001,'园林',7066),(7066002,'建筑工程',7066),(7066003,'旅游系',7066),(7066004,'林学系',7066),(7066005,'计算机系',7066),(7068001,'农学园艺系',7068),(7068002,'园林系',7068),(7068003,'工程系',7068),(7068004,'沈阳农业大学高等职业技术学院',7068),(7068005,'生物技术系',7068),(7068006,'畜牧兽医系',7068),(7068007,'计算机信息系',7068),(7069001,'信息技术系',7069),(7069002,'公共管理系',7069),(7069003,'商务贸易系',7069),(7069004,'国际交流部',7069),(7069005,'外语系',7069),(7069006,'实训部',7069),(7069007,'技术经济系',7069),(7069008,'网络管理中心',7069),(7070001,'应用化学系',7070),(7070002,'应用外语系',7070),(7070003,'机械技术系',7070),(7070004,'石化系',7070),(7070005,'系单位',7070),(7070006,'职业技术学院',7070),(7070007,'自动化系',7070),(7070008,'计算机系',7070),(7070009,'高职院',7070),(7073001,'商贸管理系',7073),(7073002,'国际教育学院',7073),(7073003,'电子信息系',7073),(7073004,'装备制造系',7073),(7073005,'财经管理系',7073),(7073006,'软件工程系',7073),(7074001,'东大网院',7074),(7074002,'中文系',7074),(7074003,'化学工程系',7074),(7074004,'外语系',7074),(7074005,'师范体育系',7074),(7074006,'师范教育系',7074),(7074007,'师范美术系',7074),(7074008,'师范音乐系',7074),(7074009,'成教基础部',7074),(7074010,'机电工程系',7074),(7074011,'电大中专部',7074),(7074012,'社会科学系',7074),(7074013,'经济管理系',7074),(7074014,'英语二系',7074),(7074015,'计算机科学系',7074),(7074016,'辽阳职院',7074),(7075001,'信息系',7075),(7075002,'卫生系',7075),(7075003,'师范系',7075),(7075004,'应用系',7075),(7075005,'经管系',7075),(7075006,'财贸系',7075),(7076001,'数控',7076),(7076002,'机械工程系',7076),(7076003,'机电工程系',7076),(7076004,'电子工程系',7076),(7076005,'电工电子系',7076),(7076006,'计算机',7076),(7077001,'信息学院',7077),(7077002,'商贸旅游系',7077),(7077003,'基础部',7077),(7077004,'工商管理系',7077),(7077005,'数控0525',7077),(7077006,'机加中心',7077),(7077007,'机械系',7077),(7077008,'机械装备系',7077),(7077009,'汽车分院',7077),(7077010,'汽车工程系',7077),(7077011,'电气工程系',7077),(7077012,'电气工程系',7077),(7077013,'计算机分院',7077),(7077014,'计算机学院',7077),(7077015,'计算机系',7077),(7077016,'软件学院',7077),(7078001,'动物科学系',7078),(7078002,'园艺系',7078),(7078003,'国际贸易系',7078),(7078004,'机电工程系',7078),(7078005,'辽宁职业学院',7078),(7078006,'高尔夫商务管理',7078),(7079001,'人文',7079),(7079002,'外语系',7079),(7079003,'师范学院',7079),(7079004,'本科部',7079),(7079005,'理工',7079),(7079006,'艺体系',7079),(7080001,'中文系',7080),(7080002,'外语系',7080),(7080003,'建筑工程系',7080),(7080004,'普师分院',7080),(7080005,'机电工程系',7080),(7080006,'电子工程系',7080),(7080007,'经济系',7080),(7080008,'艺术系',7080),(7080009,'营口职业技术学院',7080),(7080010,'计算机信息工程系',7080),(7080011,'辽宁特师',7080),(7081001,'中专',7081),(7081002,'信息学院',7081),(7081003,'外语学院',7081),(7081004,'工商管理',7081),(7081005,'文法学院',7081),(7081006,'理工学院',7081),(7081007,'网络学院',7081),(7081008,'财经学院',7081),(7086001,'信息工程系',7086),(7086002,'工商管理',7086),(7086003,'机械工程系',7086),(7104001,'信息工程系',7104),(7104002,'机械工程系',7104),(7106001,'法学院',7106),(8001001,'MBA',8001),(8001002,'中文系',8001),(8001003,'交流学院',8001),(8001004,'交流生',8001),(8001005,'交通学院',8001),(8001006,'体育学院',8001),(8001007,'信息学院',8001),(8001008,'信息工程学院',8001),(8001009,'信息科学与工程学院',8001),(8001010,'公共卫生学院',8001),(8001011,'加拿大高等教育基础部',8001),(8001012,'化学与化工学院',8001),(8001013,'医学院',8001),(8001014,'华夏学院',8001),(8001015,'卫生管理与政策研究中心',8001),(8001016,'历史文化学院',8001),(8001017,'历史文化学院',8001),(8001018,'口腔医学院',8001),(8001019,'哲学与社会发展学院',8001),(8001020,'商学院',8001),(8001021,'国际教育学院',8001),(8001022,'土建与水利学院',8001),(8001023,'复合材料系',8001),(8001024,'外国语学院',8001),(8001025,'外语学院',8001),(8001026,'大学外语教学部',8001),(8001027,'威海分校',8001),(8001028,'威海分校信息工程学院',8001),(8001029,'威海分校商学院',8001),(8001030,'威海分校新闻传播学院',8001),(8001031,'威海分校法学院',8001),(8001032,'威海分校海洋学院',8001),(8001033,'威海分校翻译学院',8001),(8001034,'威海分校职业技术学院',8001),(8001035,'威海分校艺术学院',8001),(8001036,'岩土中心',8001),(8001037,'工业设计',8001),(8001038,'工程力学系',8001),(8001039,'工程管理',8001),(8001040,'应用数学与统计系',8001),(8001041,'应用数学系',8001),(8001042,'建筑学院',8001),(8001043,'护理学院',8001),(8001044,'控制科学与工程学院',8001),(8001045,'政治与行政学院',8001),(8001046,'政治学与公共管理学院',8001),(8001047,'数学与系统科学学院',8001),(8001048,'文史哲研究院',8001),(8001049,'文学与新闻传播学院',8001),(8001050,'文法学院',8001),(8001051,'新加坡国立大学',8001),(8001052,'新闻传播学院',8001),(8001053,'晶体材料研究所',8001),(8001054,'机械工程学院',8001),(8001055,'机械工程学院工业设计系',8001),(8001056,'机电学院',8001),(8001057,'材料科学与工程学院',8001),(8001058,'汽车学院',8001),(8001059,'法学院',8001),(8001060,'法英双学位',8001),(8001061,'物流学院',8001),(8001062,'物理与微电子学院',8001),(8001063,'环境研究院',8001),(8001064,'环境科学与工程学院',8001),(8001065,'理学院',8001),(8001066,'生命科学学院',8001),(8001067,'电气工程学院',8001),(8001068,'研究生院',8001),(8001069,'空间科学与应用物理系',8001),(8001070,'管理学院',8001),(8001071,'经济学院',8001),(8001072,'经济研究院',8001),(8001073,'继续教育学院',8001),(8001074,'网络信息安全研究所',8001),(8001075,'网络教育学院',8001),(8001076,'翻译学院',8001),(8001077,'职业技术学院',8001),(8001078,'能源与动力工程学院',8001),(8001079,'航运学院',8001),(8001080,'艺术学院',8001),(8001081,'艺术学院景观设计系',8001),(8001082,'药学院',8001),(8001083,'计算机科学与技术学院',8001),(8001084,'设计学院',8001),(8001085,'资环学院',8001),(8001086,'软件学院',8001),(8001087,'韩国学院',8001),(8001088,'马克思主义学院',8001),(8001089,'马列教学部',8001),(8001090,'高等职业技术学院',8001),(8001091,'齐鲁软件学院',8001),(8002001,'体育系',8002),(8002002,'信息科学与工程学院',8002),(8002003,'公共管理学院',8002),(8002004,'化学化工学院',8002),(8002005,'医药学院',8002),(8002006,'商务系',8002),(8002007,'国际教育学院',8002),(8002008,'外国语学院',8002),(8002009,'工程学院',8002),(8002010,'教育系',8002),(8002011,'数学系',8002),(8002012,'文学与新闻传播学院',8002),(8002013,'文学院',8002),(8002014,'新闻与传播学院',8002),(8002015,'旅游管理',8002),(8002016,'材料科学与工程研究院',8002),(8002017,'水产学院',8002),(8002018,'法学院',8002),(8002019,'法政学院',8002),(8002020,'海洋地球科学学院',8002),(8002021,'海洋环境学院',8002),(8002022,'海洋生命学院',8002),(8002023,'环境科学与工程学院',8002),(8002024,'生命科学与技术学部',8002),(8002025,'管理学院',8002),(8002026,'经济学院',8002),(8002027,'继续教育学院',8002),(8002028,'艺术系',8002),(8002029,'英语系',8002),(8002030,'计算机',8002),(8002031,'运动训练',8002),(8002032,'青岛学院',8002),(8002033,'食品与医药学院',8002),(8002034,'食品科学与工程学院',8002),(8002035,'高等职业技术学院',8002),(8003001,'体育学院',8003),(8003002,'信息科学与工程学院',8003),(8003003,'化学化工学院',8003),(8003004,'土木建筑学院',8003),(8003005,'城市发展学院',8003),(8003006,'外国语学院',8003),(8003007,'学前教育',8003),(8003008,'建筑系',8003),(8003009,'成教学院',8003),(8003010,'控制科学与工程学院',8003),(8003011,'政治与公共管理学院',8003),(8003012,'政管学院',8003),(8003013,'教育学院',8003),(8003014,'文学院',8003),(8003015,'新华电脑学院',8003),(8003016,'旅游学院',8003),(8003017,'机械工程学院',8003),(8003018,'材料科学与工程学院',8003),(8003019,'泉城学院',8003),(8003020,'法学院',8003),(8003021,'济南大学',8003),(8003022,'济南师范',8003),(8003023,'理学院',8003),(8003024,'研究生处',8003),(8003025,'社会科学学院',8003),(8003026,'管理学院',8003),(8003027,'经济学院',8003),(8003028,'艺术学院',8003),(8003029,'计算机',8003),(8004001,'体育教学部',8004),(8004002,'信息与电气工程学院',8004),(8004003,'商学院',8004),(8004004,'土木工程学院',8004),(8004005,'外国语学院',8004),(8004006,'工程力学研究所',8004),(8004007,'市政与环境工程学院',8004),(8004008,'建筑城规学院',8004),(8004009,'成人教育学院',8004),(8004010,'景观设计',8004),(8004011,'机电工程学院',8004),(8004012,'机电工程学院',8004),(8004013,'材料科学与工程学院',8004),(8004014,'法政学院',8004),(8004015,'热能工程学院',8004),(8004016,'理学院',8004),(8004017,'管理学院',8004),(8004018,'管理工程学院',8004),(8004019,'艺术学院',8004),(8004020,'计算机科学与技术学院',8004),(8005001,'中国现当代文学',8005),(8005002,'中文特招',8005),(8005003,'中韩合作国际商学院',8005),(8005004,'人口资源与环境学院',8005),(8005005,'传播学院',8005),(8005006,'体育学院',8005),(8005007,'信息科学与工程学院',8005),(8005008,'信息管理',8005),(8005009,'化学化工与材料科学学院',8005),(8005010,'历史文化与社会发展学院',8005),(8005011,'历山学院',8005),(8005012,'历山计算机',8005),(8005013,'历数',8005),(8005014,'国际交流学院',8005),(8005015,'地理研究所',8005),(8005016,'外国语学院',8005),(8005017,'大学外语教育学院',8005),(8005018,'心理学院',8005),(8005019,'心理科学学院',8005),(8005020,'政治法律学院',8005),(8005021,'教育科学学院',8005),(8005022,'数学科学学院',8005),(8005023,'数科院',8005),(8005024,'文学院',8005),(8005025,'新闻',8005),(8005026,'汉语言文学',8005),(8005027,'物理与电子科学学院',8005),(8005028,'生命科学学院',8005),(8005029,'研究生院',8005),(8005030,'管理与经济学院',8005),(8005031,'管理学院',8005),(8005032,'经济与管理学院',8005),(8005033,'美术学院',8005),(8005034,'艺术设计',8005),(8005035,'韩语系',8005),(8005036,'音乐学院',8005),(8005037,'马列部',8005),(8005038,'齐鲁文化研究中心',8005),(8006001,'会计学院',8006),(8006002,'体育部',8006),(8006003,'信息管理学院',8006),(8006004,'公共管理学院',8006),(8006005,'国际贸易学院',8006),(8006006,'外国语学院',8006),(8006007,'山东人民武装学院',8006),(8006008,'工商管理学院',8006),(8006009,'成教学院',8006),(8006010,'文学院',8006),(8006011,'法学院',8006),(8006012,'燕山学院',8006),(8006013,'研究生部',8006),(8006014,'社会发展学院',8006),(8006015,'经济与城市管理学院',8006),(8006016,'经济学院',8006),(8006017,'统计与数学学院',8006),(8006018,'计算机科学与技术学院',8006),(8006019,'财政金融学院',8006),(8007001,'中医',8007),(8007002,'临床学院',8007),(8007003,'人文社科学院',8007),(8007004,'体育艺术学院',8007),(8007005,'信息管理学院',8007),(8007006,'国际教育学院',8007),(8007007,'基础医学院',8007),(8007008,'外国语学院',8007),(8007009,'护理学院',8007),(8007010,'理工学院',8007),(8007011,'继续教育学院',8007),(8007012,'药学院',8007),(8007013,'药学院',8007),(8007014,'针灸推拿学院',8007),(8007015,'高等职业学院',8007),(8008001,'体育教学部',8008),(8008002,'信息科学与技术学院',8008),(8008003,'信控学院',8008),(8008004,'化学工程学院',8008),(8008005,'化工学院',8008),(8008006,'外国语学院',8008),(8008007,'山东轻工业学院',8008),(8008008,'成人教育学院',8008),(8008009,'政法学院',8008),(8008010,'数理学院',8008),(8008011,'机械工程学院',8008),(8008012,'材料科学与工程学院',8008),(8008013,'现代教育技术中心',8008),(8008014,'电子信息与控制工程学院',8008),(8008015,'经济管理学院',8008),(8008016,'艺术设计学院',8008),(8008017,'轻化与环境工程学院',8008),(8008018,'金融学院',8008),(8008019,'金融职业学院',8008),(8008020,'食品与生物工程学院',8008),(8008021,'高等职业技术学院',8008),(8009001,'交通与物流工程系',8009),(8009002,'人文科学系',8009),(8009003,'体育教学部',8009),(8009004,'信息工程系',8009),(8009005,'北方国际学院',8009),(8009006,'图书馆',8009),(8009007,'土木工程系',8009),(8009008,'外语系',8009),(8009009,'工程机械系',8009),(8009010,'成人教育学院',8009),(8009011,'数理系',8009),(8009012,'机械系',8009),(8009013,'汽车工程系',8009),(8009014,'海运学院',8009),(8009015,'现代教育中心',8009),(8009016,'管理系',8009),(8009017,'经济系',8009),(8009018,'职业技术学院',8009),(8009019,'航海系',8009),(8009020,'长清校区',8009),(8010001,'侦查专业',8010),(8010002,'刑事科学技术专业',8010),(8010003,'治安学专业',8010),(8010004,'治安管理专业',8010),(8010005,'法律系',8010),(8011001,'体育社会科学系',8011),(8011002,'体育系',8011),(8011003,'体育运动学校',8011),(8011004,'公共事业管理',8011),(8011005,'基础理论系',8011),(8011006,'大专部',8011),(8011007,'成人教育部',8011),(8011008,'政治理论课部',8011),(8011009,'民族传统体育系',8011),(8011010,'研究生部',8011),(8011011,'竞技一系',8011),(8011012,'竞技三系',8011),(8011013,'竞技二系',8011),(8011014,'竞技五系',8011),(8011015,'竞技四系',8011),(8011016,'英语',8011),(8011017,'运动系',8011),(8012001,'传媒系',8012),(8012002,'公共课教学部',8012),(8012003,'国际创意设计学院',8012),(8012004,'国际艺术交流学院',8012),(8012005,'戏剧学院',8012),(8012006,'戏曲学院',8012),(8012007,'成教教育学院',8012),(8012008,'文化艺术管理',8012),(8012009,'美术学院',8012),(8012010,'职业教育学院',8012),(8012011,'舞蹈学院',8012),(8012012,'艺术文化学院',8012),(8012013,'设计学院',8012),(8012014,'音乐学院',8012),(8012015,'音乐教育学院',8012),(8013001,'人文艺术学院',8013),(8013002,'工业设计系',8013),(8013003,'工艺美术系',8013),(8013004,'应用设计学院',8013),(8013005,'建筑与景观设计学院',8013),(8013006,'数字艺术系',8013),(8013007,'服装设计系',8013),(8013008,'环境艺术设计系',8013),(8013009,'现代手工艺术系',8013),(8013010,'继续教育学院',8013),(8013011,'美术系',8013),(8013012,'艺术学系',8013),(8013013,'装潢艺术设计系',8013),(8013014,'视觉传达设计学院',8013),(8013015,'造型艺术学院',8013),(8014001,'东方语言文化学院',8014),(8014002,'中文系',8014),(8014003,'乔羽音乐学院',8014),(8014004,'书法系',8014),(8014005,'体育科学学院',8014),(8014006,'信息技术与传播学院',8014),(8014007,'化学科学学院',8014),(8014008,'印刷学院',8014),(8014009,'历史文化学院',8014),(8014010,'国际文化交流学院',8014),(8014011,'外国语学院',8014),(8014012,'外语部',8014),(8014013,'孔子文化学院',8014),(8014014,'应用英语系',8014),(8014015,'心理系',8014),(8014016,'政治与社会发展学院',8014),(8014017,'教育科学学院',8014),(8014018,'数学科学学院',8014),(8014019,'文学院',8014),(8014020,'新闻学系',8014),(8014021,'旅游管理',8014),(8014022,'法学院',8014),(8014023,'物理工程学院',8014),(8014024,'生命科学学院',8014),(8014025,'电气自动化学院',8014),(8014026,'经济学院',8014),(8014027,'经济法政学院',8014),(8014028,'经济管理学院',8014),(8014029,'继续教育学院',8014),(8014030,'美术学院',8014),(8014031,'翻译学院',8014),(8014032,'职业教育学院',8014),(8014033,'自考',8014),(8014034,'计算机科学学院',8014),(8014035,'资源与规划学院',8014),(8014036,'运筹与管理学院',8014),(8014037,'马克思主义学院',8014),(8015001,'人文学院',8015),(8015002,'体育学院',8015),(8015003,'体育教学部',8015),(8015004,'光电信息科学技术学院',8015),(8015005,'光电学院',8015),(8015006,'化学生物理工学院',8015),(8015007,'国际教育交流学院',8015),(8015008,'土木工程学院',8015),(8015009,'外国语学院',8015),(8015010,'建筑系',8015),(8015011,'数学与信息科学系',8015),(8015012,'文经学院',8015),(8015013,'文经学院',8015),(8015014,'新闻系',8015),(8015015,'机械工程学院',8015),(8015016,'机电一体化',8015),(8015017,'机电汽车工程学院',8015),(8015018,'法学院',8015),(8015019,'海军航空工程学院',8015),(8015020,'海洋学院',8015),(8015021,'环境与材料工程学院',8015),(8015022,'经济与工商管理学院',8015),(8015023,'继续教育学院',8015),(8015024,'职业技术学院',8015),(8015025,'自动化',8015),(8015026,'艺术设计',8015),(8015027,'药学院',8015),(8015028,'计算机学院',8015),(8015029,'音乐系',8015),(8016001,'交通学院',8016),(8016002,'体育学院',8016),(8016003,'化学与材料科学学院',8016),(8016004,'历史与社会学院',8016),(8016005,'国际交流学院',8016),(8016006,'土木工程学院',8016),(8016007,'地理与规划学院',8016),(8016008,'地理与资源管理学院',8016),(8016009,'外国语学院',8016),(8016010,'大学英语教学部',8016),(8016011,'小学教育',8016),(8016012,'应用技术学院',8016),(8016013,'心理与教育学院',8016),(8016014,'政法学院',8016),(8016015,'数学与信息学院',8016),(8016016,'机械工程系',8016),(8016017,'汉语言文学院',8016),(8016018,'物理与电子工程学院',8016),(8016019,'现代教育技术教学部',8016),(8016020,'生命科学学院',8016),(8016021,'管理学院',8016),(8016022,'经济贸易学院',8016),(8016023,'经贸学院',8016),(8016024,'继续教育学院',8016),(8016025,'美术学院',8016),(8016026,'计算机科学与技术学院',8016),(8016027,'音乐学院',8016),(8016028,'音乐学院',8016),(8016029,'马列主义教学部',8016),(8017001,'中加学院',8017),(8017002,'中加高等应用技术学院',8017),(8017003,'会计学院',8017),(8017004,'体育部',8017),(8017005,'信息与电子工程学院',8017),(8017006,'信电学院',8017),(8017007,'公共管理学院',8017),(8017008,'国际交流学院',8017),(8017009,'国际商学院',8017),(8017010,'外国语学院',8017),(8017011,'大学外语教学部',8017),(8017012,'工商管理学院',8017),(8017013,'政治与社会发展学院',8017),(8017014,'数学与信息科学学院',8017),(8017015,'法学院',8017),(8017016,'社会科学部',8017),(8017017,'管理科学与工程学院',8017),(8017018,'经济学院',8017),(8017019,'统计学院',8017),(8017020,'计算机基础教学部',8017),(8018001,'信息工程学院',8018),(8018002,'信息管理学院',8018),(8018003,'公共关系学院',8018),(8018004,'商学院',8018),(8018005,'国际贸易学院',8018),(8018006,'基础教学部',8018),(8018007,'外国语言文学学院',8018),(8018008,'宣传部',8018),(8018009,'工商管理学院',8018),(8018010,'应用技术学院',8018),(8018011,'旅游管理学院',8018),(8018012,'机械工程学院',8018),(8018013,'机电工程学院',8018),(8018014,'材料工程学院',8018),(8018015,'现代制造工程学院',8018),(8018016,'电子工程学院',8018),(8018017,'纺织服装学院',8018),(8018018,'经济贸易学院',8018),(8018019,'自动化工程学院',8018),(8018020,'艺术学院',8018),(8018021,'计算机应用学院',8018),(8018022,'财会金融学院',8018),(8018023,'软件工程学院',8018),(8019001,'信息工程学院',8019),(8019002,'化学化工与环境学院',8019),(8019003,'医学院',8019),(8019004,'华文学院',8019),(8019005,'国际商学院',8019),(8019006,'国际学院',8019),(8019007,'墨尔本金融管理学院',8019),(8019008,'外语学院',8019),(8019009,'学员系',8019),(8019010,'工业设计',8019),(8019011,'师范学院',8019),(8019012,'应用技术学院',8019),(8019013,'成人教育学院',8019),(8019014,'数学科学学院',8019),(8019015,'文学院',8019),(8019016,'旅游学院',8019),(8019017,'机电工程学院',8019),(8019018,'汉语言学院',8019),(8019019,'法学院',8019),(8019020,'海军潜艇学院',8019),(8019021,'物理科学学院',8019),(8019022,'环境学院',8019),(8019023,'生物系',8019),(8019024,'纺织服装学院',8019),(8019025,'经济学院',8019),(8019026,'经济管理学院',8019),(8019027,'美术学院',8019),(8019028,'自动化工程学院',8019),(8019029,'计算机',8019),(8019030,'软件工程学院',8019),(8019031,'霍尔姆斯学院',8019),(8019032,'青北外院',8019),(8019033,'音乐学院',8019),(8019034,'高等职业技术学院',8019),(8020001,'信息与电气工程学院',8020),(8020002,'信息科学与工程学院',8020),(8020003,'化学与环境工程学院',8020),(8020004,'土木建筑学院',8020),(8020005,'地球信息科学与工程学院',8020),(8020006,'地科学院',8020),(8020007,'外国语学院',8020),(8020008,'工业设计系',8020),(8020009,'工商管理',8020),(8020010,'广告设计',8020),(8020011,'教学一部',8020),(8020012,'文法学院',8020),(8020013,'机械电子工程学院',8020),(8020014,'机电工程系',8020),(8020015,'机电系',8020),(8020016,'材料科学与工程学院',8020),(8020017,'泰安校区机电系',8020),(8020018,'泰山科技学院',8020),(8020019,'理学院',8020),(8020020,'电气信息',8020),(8020021,'研究生教育学院',8020),(8020022,'管理',8020),(8020023,'经济管理学院',8020),(8020024,'经管系',8020),(8020025,'继续教育学院',8020),(8020026,'艺术设计系',8020),(8020027,'计算机科学与技术',8020),(8020028,'财经系',8020),(8020029,'资土系',8020),(8020030,'资源与土木工程系',8020),(8020031,'资源与环境工程学院',8020),(8020032,'音乐系',8020),(8021001,'不知道',8021),(8021002,'中德科技学院',8021),(8021003,'中法班',8021),(8021004,'中韩班',8021),(8021005,'传播学院',8021),(8021006,'体育教学部',8021),(8021007,'信息科学技术学院',8021),(8021008,'化学与分子工程学院',8021),(8021009,'化工学院',8021),(8021010,'国际贸易',8021),(8021011,'外国语学院',8021),(8021012,'成教学院',8021),(8021013,'成教学院高职学院',8021),(8021014,'技术专修学院',8021),(8021015,'技术学院',8021),(8021016,'政法学院',8021),(8021017,'数理学院',8021),(8021018,'机械',8021),(8021019,'机电工程学院',8021),(8021020,'材料科学与工程学院',8021),(8021021,'海军航空工程学院',8021),(8021022,'环境与安全工程学院',8021),(8021023,'经济与管理学院',8021),(8021024,'自动化与电子工程学院',8021),(8021025,'艺术学院',8021),(8021026,'计算机系',8021),(8021027,'高分子科学与工程学院',8021),(8022001,'人文与社会科学学院',8022),(8022002,'体育教学部',8022),(8022003,'商学院',8022),(8022004,'国际学院',8022),(8022005,'土木工程学院',8022),(8022006,'外国语学院',8022),(8022007,'工程造价',8022),(8022008,'建筑学院',8022),(8022009,'成人教育学院',8022),(8022010,'机械工程学院',8022),(8022011,'机电工程系',8022),(8022012,'汽车与交通学院',8022),(8022013,'环境与市政工程学院',8022),(8022014,'理学院',8022),(8022015,'琴岛学院',8022),(8022016,'管理学院',8022),(8022017,'经贸学院',8022),(8022018,'自动化工程学院',8022),(8022019,'艺术学院',8022),(8022020,'计算机工程学院',8022),(8022021,'费县校区',8022),(8022022,'通信与电子工程学院',8022),(8022023,'高等职业技术学院',8022),(8023001,'人文与公共管理学院',8023),(8023002,'传播学院',8023),(8023003,'体育教学部',8023),(8023004,'信息科学与工程学院',8023),(8023005,'动物科技学院',8023),(8023006,'园艺学院',8023),(8023007,'外国语学院',8023),(8023008,'建筑工程学院',8023),(8023009,'成人教育学院',8023),(8023010,'机电工程学院',8023),(8023011,'植物保护学院',8023),(8023012,'植物科技学院',8023),(8023013,'水产学院',8023),(8023014,'海都学院',8023),(8023015,'海都学院',8023),(8023016,'环境艺术学院',8023),(8023017,'理学院',8023),(8023018,'生命科学学院',8023),(8023019,'管理学院',8023),(8023020,'经济与贸易学院',8023),(8023021,'经济管理学院',8023),(8023022,'计算机',8023),(8023023,'资源与环境学院',8023),(8023024,'食品科学与工程学院',8023),(8024001,'东语系',8024),(8024002,'信息管理系',8024),(8024003,'信息艺术系',8024),(8024004,'商学系',8024),(8024005,'商学经管系',8024),(8024006,'国际合作学院',8024),(8024007,'基础文科部',8024),(8024008,'基础理科部',8024),(8024009,'外语系',8024),(8024010,'学历信工部',8024),(8024011,'学历外语部',8024),(8024012,'学历经管部',8024),(8024013,'本科部',8024),(8024014,'机电工程系',8024),(8024015,'机电系',8024),(8024016,'经管系',8024),(8024017,'艺术系',8024),(8024018,'西语系',8024),(8024019,'计算机机电系',8024),(8024020,'计算机系',8024),(8025001,'人文社会科学学院',8025),(8025002,'体育教学部',8025),(8025003,'信息与控制工程学院',8025),(8025004,'储运与建筑工程学院',8025),(8025005,'化学化工学院',8025),(8025006,'后备军官学院',8025),(8025007,'地球资源与信息学院',8025),(8025008,'外国语学院',8025),(8025009,'家里蹲学院',8025),(8025010,'建筑学',8025),(8025011,'数学与计算科学学院',8025),(8025012,'机电工程学院',8025),(8025013,'物理科学与技术学院',8025),(8025014,'电气',8025),(8025015,'石油工程',8025),(8025016,'石油工程学院',8025),(8025017,'研究生院',8025),(8025018,'经济管理学院',8025),(8025019,'网络学院',8025),(8025020,'计算机与通信工程学院',8025),(8025021,'资信学院',8025),(8025022,'音乐系',8025),(8025023,'高职学院',8025),(8026001,'东昌学院',8026),(8026002,'传媒学院',8026),(8026003,'体育学院',8026),(8026004,'其他院系',8026),(8026005,'农学院',8026),(8026006,'化学',8026),(8026007,'化学化工学院',8026),(8026008,'历史文化学院',8026),(8026009,'后备军官学院',8026),(8026010,'商学院',8026),(8026011,'园林设计',8026),(8026012,'国际教育交流学院',8026),(8026013,'外国语学院',8026),(8026014,'大英部',8026),(8026015,'建筑工程学院',8026),(8026016,'政法学院',8026),(8026017,'教育传播技术学院',8026),(8026018,'教育科学学院',8026),(8026019,'数学科学学院',8026),(8026020,'文学院广播电视新闻系',8026),(8026021,'材料科学与工程学院',8026),(8026022,'汽车与交通工程学院',8026),(8026023,'物理科学与信息工程学院',8026),(8026024,'物理系',8026),(8026025,'环境与规划学院',8026),(8026026,'理工学院',8026),(8026027,'生命科学学院',8026),(8026028,'社体部',8026),(8026029,'管理学院',8026),(8026030,'经法系',8026),(8026031,'继续教育学院',8026),(8026032,'网络教育学院',8026),(8026033,'艺术学院',8026),(8026034,'计算机学院',8026),(8026035,'韩语系',8026),(8026036,'马列部',8026),(8027001,'一年级工作部',8027),(8027002,'交通与车辆工程学院',8027),(8027003,'体育学院',8027),(8027004,'化学工程学院',8027),(8027005,'国防教育学院',8027),(8027006,'外国语学院',8027),(8027007,'大学英语教学部',8027),(8027008,'工程技术学院',8027),(8027009,'建筑工程学院',8027),(8027010,'数学与信息科学学院',8027),(8027011,'文学与新闻传播学院',8027),(8027012,'文学院',8027),(8027013,'机械工程学院',8027),(8027014,'材料科学与工程学院',8027),(8027015,'法学院',8027),(8027016,'物理与光电信息技术学院',8027),(8027017,'物理学院',8027),(8027018,'生命科学学院',8027),(8027019,'电气与电子工程学院',8027),(8027020,'科教学院',8027),(8027021,'管理学院',8027),(8027022,'经济学院',8027),(8027023,'美术学院',8027),(8027024,'计算机科学与技术学院',8027),(8027025,'资源与环境工程学院',8027),(8027026,'轻工与农业工程学院',8027),(8027027,'远程教育学院',8027),(8027028,'音乐学院',8027),(8027029,'马克思主义学院',8027),(8028001,'临床学院',8028),(8028002,'人文社科学院',8028),(8028003,'医学影像学系',8028),(8028004,'口腔医学院',8028),(8028005,'基础部',8028),(8028006,'外语教学部',8028),(8028007,'实践教学部',8028),(8028008,'成教学院',8028),(8028009,'护理',8028),(8028010,'护理学院',8028),(8028011,'生物技术',8028),(8028012,'研究生部',8028),(8028013,'社科部',8028),(8028014,'管理学院',8028),(8028015,'预防医学系',8028),(8028016,'麻醉学系',8028),(8029001,'中奥维也纳音乐学院',8029),(8029002,'临床学院',8029),(8029003,'体育系',8029),(8029004,'信息与控制工程学院',8029),(8029005,'公共计算机教学部',8029),(8029006,'化学化工系',8029),(8029007,'北海国际学院',8029),(8029008,'历史文化与旅游学院',8029),(8029009,'土木建筑系',8029),(8029010,'外国语学院',8029),(8029011,'学前教育',8029),(8029012,'工业设计',8029),(8029013,'成人教育学院',8029),(8029014,'教育科学与技术系',8029),(8029015,'数学与信息科学学院',8029),(8029016,'文学与新闻传播学院',8029),(8029017,'机电工程学院',8029),(8029018,'汽车工程系',8029),(8029019,'法学院',8029),(8029020,'物理与电子科学系',8029),(8029021,'生物工程学院',8029),(8029022,'经济管理学院',8029),(8029023,'美术学院',8029),(8029024,'英华国际学院',8029),(8029025,'计算机',8029),(8029026,'计算机与通信工程学院',8029),(8029027,'远程教育学院',8029),(8029028,'音乐系',8029),(8029029,'马列教学部',8029),(8030001,'临床医学与英语',8030),(8030002,'临床医学与计算机',8030),(8030003,'临床医学系',8030),(8030004,'人口与计划生育学院',8030),(8030005,'人文社科部',8030),(8030006,'信息工程学院',8030),(8030007,'化学与化学工程学院',8030),(8030008,'医学检验系',8030),(8030009,'国际教育学院',8030),(8030010,'基础医学部',8030),(8030011,'外国语学院',8030),(8030012,'成人教育学院',8030),(8030013,'护理学院',8030),(8030014,'放射学院',8030),(8030015,'生物科学系',8030),(8030016,'研究生部',8030),(8030017,'管理学院',8030),(8030018,'药学院',8030),(8030019,'运动人体科学系',8030),(8031001,'东方学院',8031),(8031002,'人文艺术学院',8031),(8031003,'会计学院',8031),(8031004,'体育教育学院',8031),(8031005,'国际交流学院',8031),(8031006,'国际投资研究中心',8031),(8031007,'国际经贸学院',8031),(8031008,'外国语学院',8031),(8031009,'工商管理学院',8031),(8031010,'政法学院',8031),(8031011,'研究生部',8031),(8031012,'经济学院',8031),(8031013,'经济社会发展研究中心',8031),(8031014,'统计与数理学院',8031),(8031015,'继续教育学院',8031),(8031016,'计算机信息工程学院',8031),(8031017,'财税与公共管理学院',8031),(8031018,'金融学院',8031),(8032001,'中文系',8032),(8032002,'临床医学系',8032),(8032003,'体育科学系',8032),(8032004,'体育系',8032),(8032005,'信息科学技术系',8032),(8032006,'化学系',8032),(8032007,'历史系',8032),(8032008,'外语系',8032),(8032009,'大学外语教学部',8032),(8032010,'应用科学技术系',8032),(8032011,'政法系',8032),(8032012,'教育系',8032),(8032013,'数学与系统科学系',8032),(8032014,'旅游与资源环境系',8032),(8032015,'服装设计',8032),(8032016,'服装设计与工程',8032),(8032017,'材料与化学工程系',8032),(8032018,'泰安广播电视大学',8032),(8032019,'泰山职业技术学院',8032),(8032020,'物理与电子科学系',8032),(8032021,'生物科学与技术系',8032),(8032022,'经济管理系',8032),(8032023,'美术系',8032),(8032024,'计算机',8032),(8032025,'远程教育',8032),(8032026,'音乐系',8032),(8033001,'体育与艺术学院',8033),(8033002,'信息科学与工程学院',8033),(8033003,'农学院',8033),(8033004,'动物医学院',8033),(8033005,'动物科技学院',8033),(8033006,'化学与材料科学学院',8033),(8033007,'化学院',8033),(8033008,'园林',8033),(8033009,'园艺科学与工程学院',8033),(8033010,'国际交流学院',8033),(8033011,'外国语学院',8033),(8033012,'成人教育学院',8033),(8033013,'文法学院',8033),(8033014,'景观艺术设计',8033),(8033015,'机械与电子工程学院',8033),(8033016,'林学院',8033),(8033017,'植物保护学院',8033),(8033018,'水利土木工程学院',8033),(8033019,'生命科学学院',8033),(8033020,'研究生院',8033),(8033021,'科技学院',8033),(8033022,'经济管理学院',8033),(8033023,'艺术设计',8033),(8033024,'资源环境学院',8033),(8033025,'食品科学与工程学院',8033),(8034001,'中医',8034),(8034002,'临床学院',8034),(8034003,'全科医学系',8034),(8034004,'医学二系',8034),(8034005,'医学人文科学系',8034),(8034006,'医学信息系',8034),(8034007,'口腔系',8034),(8034008,'基础医学系',8034),(8034009,'基础医学院',8034),(8034010,'基础学院',8034),(8034011,'实践教学部',8034),(8034012,'影像',8034),(8034013,'成教学院',8034),(8034014,'护理系',8034),(8034015,'麻醉',8034),(8035001,'中文系',8035),(8035002,'临床',8035),(8035003,'体育系',8035),(8035004,'初等教育学院',8035),(8035005,'化学与化工系',8035),(8035006,'历史与社会系',8035),(8035007,'国际教育交流学院',8035),(8035008,'地理旅游系',8035),(8035009,'城市与环境系',8035),(8035010,'外语系',8035),(8035011,'护理系',8035),(8035012,'政法系',8035),(8035013,'教育科学系',8035),(8035014,'数学与信息科学系',8035),(8035015,'数学系',8035),(8035016,'物理与电子科学系',8035),(8035017,'生命科学系',8035),(8035018,'社科基础教学部',8035),(8035019,'经济与管理系',8035),(8035020,'经管系',8035),(8035021,'继续教育学院',8035),(8035022,'美术系',8035),(8035023,'自动化系',8035),(8035024,'计算机科学技术系',8035),(8035025,'远程教育学院',8035),(8035026,'音乐系',8035),(8035027,'飞行学院',8035),(8036001,'中西医',8036),(8036002,'临床学院',8036),(8036003,'信息科学系',8036),(8036004,'信息系',8036),(8036005,'医学检验',8036),(8036006,'口腔医学',8036),(8036007,'基础医学部',8036),(8036008,'成人教育学院',8036),(8036009,'护理医学系',8036),(8036010,'社会科学系',8036),(8036011,'管理学院',8036),(8036012,'精神医学系',8036),(8036013,'药学系',8036),(8036014,'预防医学系',8036),(8037001,'体育学院',8037),(8037002,'信息学院',8037),(8037003,'农林学院',8037),(8037004,'化学化工学院',8037),(8037005,'化学系',8037),(8037006,'历史与社会科学系',8037),(8037007,'双月湖校区',8037),(8037008,'商学院',8037),(8037009,'商学院',8037),(8037010,'地理与旅游学院',8037),(8037011,'城乡经济学院',8037),(8037012,'外国语学院',8037),(8037013,'工程学院',8037),(8037014,'教育与管理科学系',8037),(8037015,'教育科学学院',8037),(8037016,'数学系',8037),(8037017,'文学院',8037),(8037018,'新闻系',8037),(8037019,'法学院',8037),(8037020,'物理系',8037),(8037021,'环境与旅游学院',8037),(8037022,'生命科学学院',8037),(8037023,'社会发展学院',8037),(8037024,'美术学院',8037),(8037025,'蒙山校区',8037),(8037026,'计算机',8037),(8037027,'音乐学院',8037),(8037028,'音乐系',8037),(8038001,'中文系',8038),(8038002,'体育系',8038),(8038003,'公共事业管理学院',8038),(8038004,'农学系',8038),(8038005,'化学系',8038),(8038006,'医学系',8038),(8038007,'历史社会学系',8038),(8038008,'历史系',8038),(8038009,'地理系',8038),(8038010,'基础部',8038),(8038011,'外语系',8038),(8038012,'政法系',8038),(8038013,'教育系',8038),(8038014,'数学系',8038),(8038015,'服装系',8038),(8038016,'机电工程系',8038),(8038017,'汽车工程系',8038),(8038018,'物理系',8038),(8038019,'生物系',8038),(8038020,'社会学系',8038),(8038021,'社科部',8038),(8038022,'纺织工程系',8038),(8038023,'经济管理系',8038),(8038024,'经管系',8038),(8038025,'美术系',8038),(8038026,'计算机系',8038),(8038027,'音乐系',8038),(8039001,'中文系',8039),(8039002,'体育系',8039),(8039003,'化学化工系',8039),(8039004,'外国语系',8039),(8039005,'政法与历史学院',8039),(8039006,'教育技术与传播系',8039),(8039007,'数学与信息科学系',8039),(8039008,'旅游与资源环境系',8039),(8039009,'物理与电子工程系',8039),(8039010,'生命科学系',8039),(8039011,'生物系',8039),(8039012,'美术系',8039),(8039013,'计算机科学系',8039),(8039014,'财经系',8039),(8039015,'音乐系',8039),(8040001,'中文系',8040),(8040002,'体育系',8040),(8040003,'初等教育系',8040),(8040004,'动物医学系',8040),(8040005,'化学化工系',8040),(8040006,'园林工程系',8040),(8040007,'外国语系',8040),(8040008,'学前教育系',8040),(8040009,'小学教育系',8040),(8040010,'教育科学系',8040),(8040011,'数学系',8040),(8040012,'机电工程系',8040),(8040013,'法律系',8040),(8040014,'物理系',8040),(8040015,'生命科学系',8040),(8040016,'社会科学系',8040),(8040017,'经济系',8040),(8040018,'继续教育学院',8040),(8040019,'美术系',8040),(8040020,'职业技术学院',8040),(8040021,'菏泽广播电视大学工作站',8040),(8040022,'计算机与信息工程系',8040),(8040023,'资源与环境系',8040),(8040024,'音乐系',8040),(8041001,'医学系',8041),(8041002,'医疗系',8041),(8041003,'家纺学院',8041),(8041004,'家纺学院',8041),(8041005,'工业工程系',8041),(8041006,'建筑与艺术设计系',8041),(8041007,'生物工程系',8041),(8041008,'经济管理系',8041),(8041009,'艺术系',8041),(8041010,'计算机系',8041),(8043001,'信息学院',8043),(8043002,'机电学院',8043),(8043003,'汽车学院',8043),(8043004,'汽车工程学院',8043),(8043005,'生物学院',8043),(8043006,'生物系',8043),(8043007,'经管学院',8043),(8043008,'自动化学院',8043),(8043009,'自动化学院',8043),(8043010,'艺术学院',8043),(8043011,'计算机',8043),(8044001,'农业工程系',8044),(8044002,'医疗卫生分院',8044),(8044003,'工业工程系',8044),(8044004,'教育系',8044),(8044005,'文法系',8044),(8044006,'经济系',8044),(8044007,'艺体系',8044),(8044008,'计算机系',8044),(8045001,'人文与管理学院',8045),(8045002,'体育教学部',8045),(8045003,'信息科学与工程学院',8045),(8045004,'光电科学系',8045),(8045005,'外国语学院',8045),(8045006,'媒体技术与艺术系',8045),(8045007,'成人教育学院',8045),(8045008,'数学系',8045),(8045009,'材料科学与工程学院',8045),(8045010,'汽车工程学院',8045),(8045011,'海洋学院',8045),(8045012,'计算机科学与技术学院',8045),(8045013,'软件学院',8045),(8046001,'中西医',8046),(8046002,'临床医学',8046),(8046003,'助产',8046),(8046004,'口腔医学',8046),(8046005,'护理系',8046),(8046006,'药学',8046),(8046007,'护理',8046),(8046008,'麻醉学',8046),(8047001,'建工系',8047),(8047002,'机电工程系',8047),(8047003,'纺织服装系',8047),(8047004,'经济管理系',8047),(8047005,'艺术系',8047),(8048001,'信息系',8048),(8048002,'土木系',8048),(8048003,'机械系',8048),(8048004,'生物工程系',8048),(8048005,'电气系',8048),(8048006,'管理系',8048),(8049001,'化学化工学院',8049),(8049002,'土建学院',8049),(8049003,'城市发展',8049),(8049004,'外语系',8049),(8049005,'学前教育',8049),(8049006,'工商管理系',8049),(8049007,'文学院',8049),(8049008,'旅游管理系',8049),(8049009,'机械系',8049),(8049010,'济南职业学院',8049),(8049011,'电子信息工程系',8049),(8049012,'经贸系',8049),(8049013,'计算机',8049),(8049014,'计算机系',8049),(8049015,'财经系',8049),(8050001,'中文系',8050),(8050002,'临床',8050),(8050003,'临床学院',8050),(8050004,'体育系',8050),(8050005,'信息技术系',8050),(8050006,'化学系',8050),(8050007,'历史系',8050),(8050008,'外语系',8050),(8050009,'护理系',8050),(8050010,'政治系',8050),(8050011,'教育系',8050),(8050012,'数学系',8050),(8050013,'旅地系',8050),(8050014,'机电工程系',8050),(8050015,'物理系',8050),(8050016,'生物系',8050),(8050017,'经管系',8050),(8050018,'美术系',8050),(8050019,'英语系',8050),(8050020,'药学系',8050),(8050021,'计算机科学系',8050),(8050022,'计算机系',8050),(8050023,'音乐系',8050),(8051001,'化学系',8051),(8051002,'基础部',8051),(8051003,'外语系',8051),(8051004,'建筑工程系',8051),(8051005,'文法系',8051),(8051006,'机电工程系',8051),(8051007,'汽车工程系',8051),(8051008,'生物与化学工程系',8051),(8051009,'经济管理系',8051),(8051010,'计算机工程系',8051),(8052001,'信息工程系',8052),(8052002,'师范教育系',8052),(8052003,'机电系',8052),(8052004,'经济管理系',8052),(8052005,'艺术系',8052),(8052006,'计算机',8052),(8053001,'体育学院',8053),(8053002,'农学院',8053),(8053003,'化学化工学院',8053),(8053004,'医学系',8053),(8053005,'历史文化学院',8053),(8053006,'商学院',8053),(8053007,'外国语学院',8053),(8053008,'广播电视编导',8053),(8053009,'建筑工程学院',8053),(8053010,'护理系',8053),(8053011,'政法学院',8053),(8053012,'教育传播技术学院',8053),(8053013,'教育科学学院',8053),(8053014,'数学科学学院',8053),(8053015,'文学院',8053),(8053016,'旅游外语系',8053),(8053017,'机电工程系',8053),(8053018,'材料学院',8053),(8053019,'汽车学院',8053),(8053020,'环境与规划学院',8053),(8053021,'理工学院',8053),(8053022,'生命科学学院',8053),(8053023,'畜牧兽医系',8053),(8053024,'管理学院',8053),(8053025,'经法系',8053),(8053026,'聊城大学',8053),(8053027,'聊城大学东昌学院',8053),(8053028,'聊城大学体育学院',8053),(8053029,'聊城大学商学院',8053),(8053030,'聊城大学文学院',8053),(8053031,'聊城大学计算机学院',8053),(8053032,'聊城职业技术学院',8053),(8053033,'聊城职业技术学院畜牧兽医系',8053),(8053034,'艺术学院',8053),(8053035,'计算机',8053),(8053036,'计算机系',8053),(8054001,'国际商学院',8054),(8054002,'外国语学院',8054),(8054003,'工商管理',8054),(8054004,'建工学院',8054),(8054005,'建筑工程学院',8054),(8054006,'数控技术学院',8054),(8054007,'旅游与酒店管理',8054),(8054008,'日语学院',8054),(8054009,'机电数控学院',8054),(8054010,'汽车工程',8054),(8054011,'自动化',8054),(8054012,'艺术学院',8054),(8054013,'计算机',8054),(8054014,'财经金融学院',8054),(8054015,'韩国语学院',8054),(8055001,'商船系',8055),(8055002,'外语系',8055),(8055003,'机械工程系',8055),(8055004,'港口工程系',8055),(8055005,'港口运输系',8055),(8055006,'物流系',8055),(8055007,'电气工程',8055),(8055008,'电气工程系',8055),(8055009,'经济管理系',8055),(8055010,'计算机科学系',8055),(8056001,'印刷',8056),(8056002,'商务学院',8056),(8056003,'基础学院',8056),(8056004,'外国语学院',8056),(8056005,'教育学院',8056),(8056006,'数控学院',8056),(8056007,'旅游学院',8056),(8056008,'汽车工程学院',8056),(8056009,'电子工程学院',8056),(8056010,'电脑动画',8056),(8056011,'经贸学院',8056),(8056012,'艺术学院',8056),(8056013,'计算机信息学院',8056),(8056014,'计算机学院',8056),(8057001,'五年一贯',8057),(8057002,'商学一系',8057),(8057003,'商学二系',8057),(8057004,'商学系',8057),(8057005,'外语系',8057),(8057006,'本科商学系',8057),(8057007,'本科机电系',8057),(8057008,'本科计算机系',8057),(8057009,'机电一系',8057),(8057010,'机电一系',8057),(8057011,'机电二系',8057),(8057012,'电子工程',8057),(8057013,'计算机科学系',8057),(8057014,'高职机电工程系',8057),(8057015,'高职计算机系',8057),(8058001,'信息工程学院',8058),(8058002,'商学院',8058),(8058003,'外语学院',8058),(8058004,'建筑工程学院',8058),(8058005,'旅游学院',8058),(8058006,'机电工程学院',8058),(8058007,'汽车学院',8058),(8058008,'空中乘务',8058),(8058009,'艺术学院',8058),(8058010,'青岛学院',8058),(8059001,'信息工程学院',8059),(8059002,'信息工程学院',8059),(8059003,'商学院',8059),(8059004,'外国语学院',8059),(8059005,'建筑工程学院',8059),(8059006,'旅游学院',8059),(8059007,'机电工程学院',8059),(8059008,'汽车工程学院',8059),(8059009,'艺术学院',8059),(8059010,'青岛学院',8059),(8060001,'会计',8060),(8060002,'保险实务',8060),(8060003,'信息工程系',8060),(8060004,'国际航运业务管理',8060),(8060005,'应用电子技术专业',8060),(8060006,'机电一体化技术',8060),(8060007,'海洋船舶驾驶',8060),(8060008,'海洋船舶驾驶专业',8060),(8060009,'港口管理专业',8060),(8060010,'物流管理',8060),(8060011,'管理系',8060),(8060012,'航海技术',8060),(8060013,'航海技术专业',8060),(8060014,'船舶安全技术管理',8060),(8060015,'船舶工程技术',8060),(8060016,'船舶焊接技术与自动化专业',8060),(8060017,'计算机应用技术',8060),(8060018,'轮机工程',8060),(8060019,'轮机工程专业',8060),(8060020,'轮机管理',8060),(8060021,'轮机管理专业',8060),(8061001,'中国海洋大学青岛学院',8061),(8061002,'信息学院',8061),(8061003,'信息技术学院',8061),(8061004,'商务系',8061),(8061005,'国际合作学院',8061),(8061006,'国际学院',8061),(8061007,'工艺学院',8061),(8061008,'成教学院',8061),(8061009,'教育学院',8061),(8061010,'教育心理系',8061),(8061011,'数理系',8061),(8061012,'文史系',8061),(8061013,'旅游与外事学院',8061),(8061014,'旅游外事学院',8061),(8061015,'机电工程学院',8061),(8061016,'海尔学院',8061),(8061017,'海尔家电学院',8061),(8061018,'物流学院',8061),(8061019,'管理学院',8061),(8061020,'经济管理学院',8061),(8061021,'艺术学院',8061),(8061022,'青岛学院',8061),(8061023,'青岛恒星学院',8061),(8061024,'青岛滨海学院',8061),(8061025,'青岛职业技术学院',8061),(8061026,'青岛酒店管理学院',8061),(8063001,'中文系',8063),(8063002,'五年制大专部',8063),(8063003,'信息科学与工程学院',8063),(8063004,'商贸系',8063),(8063005,'基础部',8063),(8063006,'外国语学院',8063),(8063007,'工商管理学院',8063),(8063008,'建筑工程',8063),(8063009,'建筑工程学院',8063),(8063010,'旅游学院',8063),(8063011,'日照广播电视大学',8063),(8063012,'日照职业技术学院',8063),(8063013,'日照职业技术学院',8063),(8063014,'机电工程学院',8063),(8063015,'水产学院',8063),(8063016,'现代汽车学院',8063),(8063017,'现代汽车学院',8063),(8063018,'艺术学院',8063),(8063019,'计算机',8063),(8063020,'财政学院',8063),(8063021,'食品工程学院',8063),(8064001,'机电系',8064),(8064002,'经贸系',8064),(8064003,'轻化系',8064),(8065001,'体育教学部',8065),(8065002,'信息工程学院',8065),(8065003,'商学院',8065),(8065004,'大学外语教学部',8065),(8065005,'威海分校商学院',8065),(8065006,'应用数学系',8065),(8065007,'新闻传播学院',8065),(8065008,'法学院',8065),(8065009,'海洋学院',8065),(8065010,'现代教育技术部',8065),(8065011,'空间科学与应用物理系',8065),(8065012,'继续教育学院',8065),(8065013,'翻译学院',8065),(8065014,'艺术学院',8065),(8065015,'韩国学院',8065),(8065016,'马列教学部',8065),(8065017,'高等教育研究所',8065),(8065018,'高等职业技术学院',8065),(8066001,'动力系',8066),(8066002,'化环系',8066),(8066003,'工商系',8066),(8066004,'控制系',8066),(8066005,'材料系',8066),(8066006,'材料系',8066),(8066007,'电力系',8066),(8066008,'计算机系',8066),(8066009,'计量系',8066),(8067001,'电子系',8067),(8067002,'自动化工程系',8067),(8067003,'计算机系',8067),(8067004,'韩语系',8067),(8069001,'人物形象设计',8069),(8069002,'信息工程系',8069),(8069003,'国贸系',8069),(8069004,'服装工程系',8069),(8069005,'服装设计',8069),(8069006,'艺术系',8069),(8069007,'艺术设计',8069),(8069008,'装潢艺术设计',8069),(8070001,'信息技术系',8070),(8070002,'冶金学院',8070),(8070003,'基础部',8070),(8070004,'工商管理系',8070),(8070005,'机电工程系',8070),(8070006,'电气工程系',8070),(8070007,'轻化与环境工程',8070),(8071001,'中职部',8071),(8071002,'外语系',8071),(8071003,'建筑工程系',8071),(8071004,'建筑工程系',8071),(8071005,'机械工程系',8071),(8071006,'汽车工程系',8071),(8071007,'电气工程系',8071),(8071008,'经济管理系',8071),(8071009,'计算机系',8071),(8071010,'高技部',8071),(8072001,'化学工程系',8072),(8072002,'基础教学部',8072),(8072003,'成人教育部',8072),(8072004,'机电工程系',8072),(8072005,'经济管理系',8072),(8072006,'计算机信息科学系',8072),(8073001,'交通与物流工程系',8073),(8073002,'人文科学系',8073),(8073003,'信息工程系',8073),(8073004,'公路系',8073),(8073005,'土木工程系',8073),(8073006,'基础部',8073),(8073007,'外语系',8073),(8073008,'山东交通学院',8073),(8073009,'山东交通职业学院',8073),(8073010,'山东交通职业学院',8073),(8073011,'工程机械系',8073),(8073012,'数理系',8073),(8073013,'机械系',8073),(8073014,'汽车系',8073),(8073015,'海运学院',8073),(8073016,'管理系',8073),(8073017,'经济系',8073),(8073018,'航海系',8073),(8074001,'会计系',8074),(8074002,'公商管理系',8074),(8074003,'国际贸易系',8074),(8074004,'基础部',8074),(8074005,'工商管理系',8074),(8074006,'应用外语系',8074),(8074007,'机电工程系',8074),(8074008,'经济管理系',8074),(8074009,'计算机系',8074),(8074010,'财政金融系',8074),(8076001,'外语系',8076),(8076002,'工商管理系',8076),(8076003,'建筑工程',8076),(8076004,'机械系',8076),(8076005,'电子系',8076),(8076006,'计算机系',8076),(8077001,'中专部',8077),(8077002,'五年基础部',8077),(8077003,'体委办公室',8077),(8077004,'信息网络系',8077),(8077005,'化学工程与环境科学系',8077),(8077006,'国际交流与合作学院',8077),(8077007,'土木工程系',8077),(8077008,'地科学院',8077),(8077009,'外语系',8077),(8077010,'服装美术系',8077),(8077011,'机电学院',8077),(8077012,'机电工程系',8077),(8077013,'泰山科技学院',8077),(8077014,'管理系',8077),(8077015,'纺织学院',8077),(8077016,'纺织系',8077),(8077017,'经济管理学院',8077),(8077018,'继续教育学院',8077),(8078001,'机制工艺系',8078),(8078002,'机械工程系',8078),(8078003,'电气及自动化系',8078),(8078004,'经济管理系',8078),(8078005,'计算机系',8078),(8079001,'中医药',8079),(8079002,'中西医',8079),(8079003,'临床医学系',8079),(8079004,'信息工程与管理系',8079),(8079005,'口腔系',8079),(8079006,'护理系',8079),(8079007,'机械工程系',8079),(8079008,'经管系',8079),(8079009,'艺术系',8079),(8080001,'休闲事业管理系',8080),(8080002,'旅游外语系',8080),(8080003,'旅行社经营与管理',8080),(8080004,'营养与烹饪系',8080),(8080005,'计算机信息管理',8080),(8080006,'饭店管理系',8080),(8081001,'冶金化工系',8081),(8081002,'基础部',8081),(8081003,'机械系',8081),(8081004,'机电工程系',8081),(8081005,'电气工程系',8081),(8081006,'经济管理系',8081),(8081007,'计算机系',8081),(8082001,'会计系',8082),(8082002,'国际交流学院',8082),(8082003,'外语系',8082),(8082004,'工商系',8082),(8082005,'工程系',8082),(8082006,'旅游系',8082),(8082007,'汽车电子系',8082),(8082008,'生物工程系',8082),(8082009,'艺术系',8082),(8082010,'艺术系',8082),(8082011,'计算机系',8082),(8083001,'中国石油大学胜利学院',8083),(8083002,'中文系',8083),(8083003,'交通工程',8083),(8083004,'交通工程分院',8083),(8083005,'信息与计算科学系',8083),(8083006,'信息工程系',8083),(8083007,'储建系',8083),(8083008,'公共课教学部',8083),(8083009,'公共课教学部',8083),(8083010,'化学化工',8083),(8083011,'医疗卫生分院',8083),(8083012,'建设工程分院',8083),(8083013,'政法系',8083),(8083014,'教育系',8083),(8083015,'机电一体化',8083),(8083016,'机电工程系',8083),(8083017,'电子工程系',8083),(8083018,'电气信息工程系',8083),(8083019,'石油工程',8083),(8083020,'管理工程系',8083),(8083021,'管理工程系',8083),(8083022,'经济系',8083),(8083023,'职工大学',8083),(8083024,'胜利学院',8083),(8084001,'基础教学部',8084),(8084002,'工商管理学院',8084),(8084003,'成人教育学院',8084),(8084004,'旅游与酒店管理学院',8084),(8084005,'烹饪学院',8084),(8084006,'艺术学院',8084),(8084007,'计算机技术学院',8084),(8084008,'酒店工程学院',8084),(8085001,'��Ϣ���̼���ϵ',8085),(8085002,'��Ϣ����ϵ',8085),(8085003,'���ʽ�������',8085),(8085004,'������',8085),(8085005,'ɽ��ˮ��ѧԺ',8085),(8085006,'ɽ��ˮ��ְҵѧԺ',8085),(8085007,'��������ϵ',8085),(8085008,'���繤��ϵ',8085),(8085009,'����ϵ',8085),(8085010,'ˮ������ľ���̼���ϵ',8085),(8085011,'ˮ������ϵ',8085),(8085012,'ˮ��ϵ',8085),(8085013,'��������繤�̼���ϵ',8085),(8085014,'���ù���',8085),(8085015,'���ù���ϵ',8085),(8085016,'Ժϵ���',8085),(8086001,'中国舞表演',8086),(8086002,'器乐演奏',8086),(8086003,'声乐',8086),(8086004,'影视表演',8086),(8086005,'戏剧创作',8086),(8086006,'文物修复',8086),(8086007,'歌舞表演',8086),(8086008,'电脑音乐制作',8086),(8086009,'群文音乐',8086),(8086010,'艺术设计',8086),(8087001,'体育学院',8087),(8087002,'信息工程学院',8087),(8087003,'外院',8087),(8087004,'工商管理学院',8087),(8087005,'文法学院',8087),(8087006,'汽车工程学院',8087),(8087007,'继续教育学院',8087),(8087008,'艺术学院',8087),(8087009,'财贸学院',8087),(8088001,'信息工程系',8088),(8088002,'商务英语',8088),(8088003,'国际交流中心',8088),(8088004,'基础科学部',8088),(8088005,'建工系',8088),(8088006,'建筑工程系',8088),(8088007,'机电工程系',8088),(8088008,'机电系',8088),(8088009,'水利工程系',8088),(8088010,'汽车工程系',8088),(8088011,'经济管理系',8088),(8091001,'人文艺术系',8091),(8091002,'人文艺术系',8091),(8091003,'外语系',8091),(8091004,'经济管理系',8091),(8091005,'计算机',8091),(8091006,'计算机系',8091),(8092001,'信息管理系',8092),(8092002,'公共外语部',8092),(8092003,'商务外语系',8092),(8092004,'国际贸易系',8092),(8092005,'经济管理系',8092),(8092006,'综合基础部',8092),(8093001,'会计电算化',8093),(8093002,'商务日语',8093),(8093003,'商务英语',8093),(8093004,'国际贸易',8093),(8093005,'外国语学院',8093),(8093006,'应用俄语',8093),(8093007,'应用德语',8093),(8093008,'应用法语',8093),(8093009,'应用西班牙语',8093),(8093010,'应用阿拉伯语',8093),(8093011,'应用韩语',8093),(8093012,'报关与国际货运',8093),(8093013,'文秘',8093),(8093014,'旅游日语',8093),(8093015,'旅游管理',8093),(8093016,'旅游英语',8093),(8093017,'旅行社经营管理',8093),(8093018,'法律事务',8093),(8093019,'法律文秘',8093),(8093020,'涉外事务管理',8093),(8093021,'物业管理',8093),(8093022,'物流管理',8093),(8093023,'电子商务',8093),(8093024,'计算机信息管理',8093),(8093025,'计算机应用技术',8093),(8094001,'外国语学院',8094),(8094002,'外文系',8094),(8094003,'工商管理学院',8094),(8094004,'管理工程',8094),(8094005,'经济管理学院',8094),(8095001,'临床',8095),(8095002,'医疗系',8095),(8095003,'口腔系',8095),(8095004,'基础部',8095),(8095005,'外语系',8095),(8095006,'影像系',8095),(8095007,'护理系',8095),(8097001,'日语系',8097),(8097002,'英语系',8097),(8097003,'计算机系',8097),(8097004,'韩语系',8097),(8098001,'五年一贯',8098),(8098002,'人文学院',8098),(8098003,'医学院',8098),(8098004,'建筑管理学院',8098),(8098005,'护理',8098),(8098006,'护理学院',8098),(8098007,'护理学院',8098),(8098008,'汽车工程学院',8098),(8098009,'经管学院',8098),(8098010,'经管学院',8098),(8098011,'计算机',8098),(8099001,'医学系',8099),(8099002,'护理系',8099),(8099003,'计算机系',8099),(8100001,'信息工程系',8100),(8100002,'基础部',8100),(8100003,'大中专',8100),(8100004,'电子工程系',8100),(8100005,'社科艺术系',8100),(8100006,'计算机工程系',8100),(8100007,'软件工程系',8100),(8101001,'公务员培训部',8101),(8101002,'基础课教育部',8101),(8101003,'工商管理培训部',8101),(8101004,'成人教育部',8101),(8101005,'电子商务',8101),(8101006,'管理工程系',8101),(8101007,'经济贸易系',8101),(8101008,'经贸系',8101),(8101009,'经贸系',8101),(8101010,'行政管理系',8101),(8101011,'计算机信息管理系',8101),(8101012,'计算机系',8101),(8101013,'财务与会计系',8101),(8101014,'金融系',8101),(8102001,'信息工程',8102),(8102002,'信息工程学院',8102),(8102003,'医学院',8102),(8102004,'商学院',8102),(8102005,'建筑工程学院',8102),(8102006,'护理学院',8102),(8102007,'艺术学院',8102),(8103001,'中专部',8103),(8103002,'中专部',8103),(8103003,'兽医系',8103),(8103004,'兽药系',8103),(8103005,'动物防检系',8103),(8103006,'基础部',8103),(8103007,'畜产品加工系',8103),(8103008,'畜牧系',8103),(8103009,'食品工程系',8103),(8103010,'饲料与营养系',8103),(8104001,'中药',8104),(8104002,'制药机械制造与维修',8104),(8104003,'化学制药工艺',8104),(8104004,'化学制药技术',8104),(8104005,'化工设备维修技术(制药方向)',8104),(8104006,'化工设备维修技术(制药方向)',8104),(8104007,'医药商品经营',8104),(8104008,'威海分校',8104),(8104009,'生物制药',8104),(8104010,'生物制药技术',8104),(8104011,'药品管理与信息',8104),(8104012,'药品经营与管理',8104),(8104013,'药物分析与检验',8104),(8104014,'药物分析技术',8104),(8104015,'药物制剂工艺',8104),(8104016,'药物制剂技术',8104),(8104017,'食品营养与检测',8104),(8105001,'临床医学',8105),(8105002,'医学影像',8105),(8105003,'医学检验',8105),(8105004,'医学系',8105),(8105005,'口腔',8105),(8105006,'妇幼卫生',8105),(8105007,'康复医学系',8105),(8105008,'护理',8105),(8105009,'药学',8105),(8105010,'麻醉',8105),(8106001,'五年一贯',8106),(8106002,'医学院',8106),(8106003,'商学院',8106),(8106004,'外国语学院',8106),(8106005,'学前教育',8106),(8106006,'学前教育学院',8106),(8106007,'建工学院',8106),(8106008,'建筑工程学院',8106),(8106009,'文法学院',8106),(8106010,'机械学院',8106),(8106011,'法学院',8106),(8106012,'经济管理学院',8106),(8106013,'艺术学院',8106),(8106014,'计算机',8106),(8107001,'体育部',8107),(8107002,'公共基础部',8107),(8107003,'刑事司法学院',8107),(8107004,'司法信息管理系',8107),(8107005,'国际经贸法学院',8107),(8107006,'外语系',8107),(8107007,'干部进修部',8107),(8107008,'民商法学院',8107),(8107009,'法学院',8107),(8107010,'法律一系',8107),(8107011,'法律三系',8107),(8107012,'法律二系',8107),(8107013,'法律四系',8107),(8107014,'经济管理系',8107),(8107015,'经济贸易法学院',8107),(8107016,'警官学院',8107),(8107017,'警官学院',8107),(8107018,'马列社科部',8107),(8108001,'中医系',8108),(8108002,'中药系',8108),(8108003,'护理系',8108),(8108004,'针灸推拿',8108),(8109001,'信息工程系',8109),(8109002,'工艺美术系',8109),(8109003,'建筑工程',8109),(8109004,'建筑系',8109),(8109005,'机电',8109),(8109006,'机电系',8109),(8109007,'泰山职业技术学院',8109),(8109008,'生物工程系',8109),(8109009,'电子工程系',8109),(8109010,'英语系',8109),(8109011,'财经系',8109),(8113001,'信息工程系',8113),(8113002,'基础部',8113),(8113003,'外语系',8113),(8113004,'工业技术系',8113),(8113005,'应用外语系',8113),(8113006,'建筑工程系',8113),(8113007,'成教部',8113),(8113008,'技工部',8113),(8113009,'旅游与酒店管理系',8113),(8113010,'机电工程系',8113),(8113011,'汽车二班',8113),(8113012,'现代教育技术中心',8113),(8113013,'生物与化学工程系',8113),(8113014,'经济管理系',8113),(8113015,'艺术设计系',8113),(8116001,'中文系',8116),(8116002,'体育部',8116),(8116003,'化学工程系',8116),(8116004,'外语系',8116),(8116005,'学前教育',8116),(8116006,'教育管理系',8116),(8116007,'机电与信息工程系',8116),(8116008,'生命与环境工程系',8116),(8116009,'经济管理系',8116),(8116010,'艺术系',8116),(8116011,'计算机工程系',8116),(8116012,'财经系',8116),(8117001,'中印软件学院',8117),(8117002,'化工系',8117),(8117003,'土木工程系',8117),(8117004,'基础部',8117),(8117005,'外国语学院',8117),(8117006,'寿光市教师进修学校',8117),(8117007,'成人教育学院',8117),(8117008,'文法系',8117),(8117009,'机械工程学院',8117),(8117010,'机电工程学院',8117),(8117011,'经济管理学院',8117),(8117012,'美术系',8117),(8117013,'蔬菜花卉学院',8117),(8118001,'中印软件学院',8118),(8118002,'会计电算化',8118),(8118003,'会计电算化(原财务会计)',8118),(8118004,'会计电算化(原财务会计)',8118),(8118005,'信息工程系',8118),(8118006,'农业工程系',8118),(8118007,'化学工程系',8118),(8118008,'商务与管理系',8118),(8118009,'商务英语(原商贸英语)',8118),(8118010,'商务英语(原商贸英语)',8118),(8118011,'园林工程技术(原城市园林设计与管理)',8118),(8118012,'园林工程技术(原城市园林设计与管理)',8118),(8118013,'园林技术(原园林花卉)',8118),(8118014,'园林技术(原园林花卉)',8118),(8118015,'应用外语系',8118),(8118016,'应用外语系',8118),(8118017,'机电一体化技术',8118),(8118018,'机电工程系',8118),(8118019,'机电工程系',8118),(8118020,'汽车制造与装配',8118),(8118021,'汽车工程系',8118),(8118022,'汽车运用与维修',8118),(8118023,'生物技术及应用',8118),(8118024,'电子商务',8118),(8118025,'经济管理',8118),(8118026,'计算机信息管理(原办公自动化)',8118),(8118027,'计算机信息管理(原办公自动化)',8118),(8118028,'计算机应用技术',8118),(8118029,'计算机网络技术',8118),(8118030,'计算机通信',8118),(8120001,'会计系',8120),(8120002,'公共管理学院',8120),(8120003,'化工与环境工程系',8120),(8120004,'南山学院',8120),(8120005,'商学院',8120),(8120006,'国际交流学院',8120),(8120007,'外语系',8120),(8120008,'对外经贸系',8120),(8120009,'工商管理学院',8120),(8120010,'工艺美术系',8120),(8120011,'建筑工程系',8120),(8120012,'成人教育学院',8120),(8120013,'数学与信息学院',8120),(8120014,'文史政治系',8120),(8120015,'旅游管理学院',8120),(8120016,'机制工艺系',8120),(8120017,'机械工程系',8120),(8120018,'机电工程学院',8120),(8120019,'材料工程学',8120),(8120020,'汽车工程系',8120),(8120021,'海洋学院',8120),(8120022,'烟台南山学院',8120),(8120023,'烟台职业学院',8120),(8120024,'环境与材料工程学院',8120),(8120025,'电子工程系',8120),(8120026,'电气工程系',8120),(8120027,'经济管理系',8120),(8120028,'自动化工程学院',8120),(8120029,'计算机与信息工程系',8120),(8120030,'计算机信息管理',8120),(8120031,'软件工程学院',8120),(8120032,'软件工程学院',8120),(8120033,'革制品与服装工程系',8120),(8120034,'韩国语学院',8120),(8121001,'医学系',8121),(8121002,'卫生教学部',8121),(8121003,'工业工程系',8121),(8121004,'建筑工程系',8121),(8122001,'人文',8122),(8122002,'人文社会科学学院',8122),(8122003,'体育教学部',8122),(8122004,'信息与控制工程学院',8122),(8122005,'信控学院',8122),(8122006,'储建学院',8122),(8122007,'储运与建筑工程学院',8122),(8122008,'化学化工学院',8122),(8122009,'地球资源与信息学院',8122),(8122010,'外国语学院',8122),(8122011,'数学与计算科学学院',8122),(8122012,'机电工程学院',8122),(8122013,'物理科学与技术学院',8122),(8122014,'石油工程',8122),(8122015,'研究生院',8122),(8122016,'经济管理学院',8122),(8122017,'胜利学院',8122),(8122018,'胜利学院',8122),(8122019,'计算机与通信工程学院',8122),(8122020,'高职学院',8122),(8123001,'会计学系',8123),(8123002,'土木工程系',8123),(8123003,'小学教育系',8123),(8123004,'工商管理系',8123),(8123005,'教育管理系',8123),(8123006,'水利水电工程系',8123),(8123007,'汉语言文学系',8123),(8123008,'法学系',8123),(8123009,'英语系',8123),(8123010,'行政管理系',8123),(8123011,'计算机科学与技术系',8123),(8123012,'远程教育学院',8123),(8123013,'金融系',8123),(8125001,'医学技术系',8125),(8125002,'基础部',8125),(8125003,'护理系',8125),(8125004,'经济管理系',8125),(8125005,'药学系',8125),(8126001,'中专部',8126),(8126002,'人文科学系',8126),(8126003,'信息科学系',8126),(8126004,'外语教育系',8126),(8126005,'教育科学系',8126),(8126006,'数理科学系',8126),(8126007,'艺体教育系',8126),(8127001,'会计系',8127),(8127002,'信息工程系',8127),(8127003,'化学工程系',8127),(8127004,'工商管理系',8127),(8127005,'应用外语系',8127),(8127006,'护理系',8127),(8127007,'旅游管理系',8127),(8127008,'机械与汽车工程系',8127),(8127009,'淄博学院',8127),(8127010,'物业管理与消防技术系',8127),(8127011,'生物工程系',8127),(8127012,'电子电气工程系',8127),(8127013,'艺术设计系',8127),(8127014,'音乐表演系',8127),(8128001,'中文系',8128),(8128002,'体育系',8128),(8128003,'化学与化工系',8128),(8128004,'外语系',8128),(8128005,'师训干训中心',8128),(8128006,'政法分院',8128),(8128007,'政法分院',8128),(8128008,'教育科学系',8128),(8128009,'数学与应用数学系',8128),(8128010,'机械系',8128),(8128011,'物理科学与技术系',8128),(8128012,'生物科学与技术系',8128),(8128013,'美术系',8128),(8128014,'计算机科学与技术系',8128),(8128015,'音乐系',8128),(8129001,'信息科学系',8129),(8129002,'工艺美术系',8129),(8129003,'机械系',8129),(8129004,'汽车工程系',8129),(8129005,'电器工程系',8129),(8129006,'电大部',8129),(8129007,'电气工程系',8129),(8129008,'经济贸易系',8129),(8129009,'轻化工系',8129),(8130001,'信息工程系',8130),(8130002,'商贸系',8130),(8130003,'基础部',8130),(8130004,'外语系',8130),(8130005,'文法系',8130),(8130006,'职业技术系',8130),(8130007,'财经系',8130),(8131001,'中文系',8131),(8131002,'会计系',8131),(8131003,'会计系',8131),(8131004,'外语系',8131),(8131005,'工商系',8131),(8131006,'教育系',8131),(8131007,'法律系',8131),(8131008,'社会工作系',8131),(8131009,'经济系',8131),(8131010,'艺术系',8131),(8131011,'计算机系',8131),(8133001,'实训中心',8133),(8133002,'成人教育中心',8133),(8133003,'数控技术',8133),(8133004,'机制工艺',8133),(8133005,'机械工程',8133),(8133006,'机电工程',8133),(8133007,'汽车工程',8133),(8133008,'软件工程学院',8133),(8133009,'轻纺工程',8133),(8134001,'会计系',8134),(8134002,'信息工程系',8134),(8134003,'基础课教学部',8134),(8134004,'外语系',8134),(8134005,'机械工程系',8134),(8134006,'电子商务',8134),(8134007,'经济管理系',8134),(8134008,'艺术设计系',8134),(8134009,'食品工程系',8134),(8135001,'数控技术',8135),(8135002,'机械制造与自动化',8135),(8135003,'汽车制造与装配技术',8135),(8135004,'汽车电子技术',8135),(8135005,'电子信息工程技术',8135),(8136001,'中专部',8136),(8136002,'会计系',8136),(8136003,'土地资源与房地产管理系',8136),(8136004,'土管系',8136),(8136005,'基础部',8136),(8136006,'外语系',8136),(8136007,'机械电子工程系',8136),(8136008,'现代农业技术系',8136),(8136009,'现代农业技术系',8136),(8136010,'电教部',8136),(8136011,'经济管理系',8136),(8136012,'计算机科学与技术系',8136),(8136013,'计算机系',8136),(8136014,'进修部',8136),(8137001,'体育部',8137),(8137002,'信息工程系',8137),(8137003,'信息工程系',8137),(8137004,'国贸',8137),(8137005,'国贸',8137),(8137006,'国际贸易系',8137),(8137007,'培训部',8137),(8137008,'外语系',8137),(8137009,'工艺美术',8137),(8137010,'政法系',8137),(8137011,'文化传播系',8137),(8137012,'旅游系',8137),(8137013,'管理科学系',8137),(8137014,'经济系',8137),(8137015,'舞蹈系',8137),(8138001,'会计系',8138),(8138002,'国际交流学院',8138),(8138003,'国际关系系',8138),(8138004,'经济系',8138),(8138005,'经济系',8138),(8138006,'艺术系',8138),(8138007,'计算机系',8138),(8138008,'计算机系',8138),(8139001,'外语学院',8139),(8139002,'文法学院',8139),(8139003,'直属学院',8139),(8139004,'经济学院',8139),(8139005,'计算机',8139),(8140001,'化学轻工系',8140),(8140002,'机械系',8140),(8140003,'机电学院',8140),(8140004,'汽车工程学院',8140),(8140005,'电子电器系',8140),(8140006,'电气电子工程系',8140),(8140007,'经管学院',8140),(8140008,'经管系',8140),(8140009,'艺术',8140),(8140010,'计算机系',8140),(8141001,'中文系							中文系',8141),(8141002,'信息与计算科学',8141),(8141003,'储运与建筑工程系',8141),(8141004,'化学化工',8141),(8141005,'医学系',8141),(8141006,'外语系',8141),(8141007,'政法系',8141),(8141008,'教育系',8141),(8141009,'机电工程系',8141),(8141010,'电气信息工程系',8141),(8141011,'石油工程',8141),(8141012,'美术',8141),(8141013,'音乐系',8141),(8142001,'工程管理',8142),(8142002,'文经学院',8142),(8142003,'烟台大学',8142),(8143001,'土木系',8143),(8143002,'外语系',8143),(8143003,'建筑与艺术系',8143),(8143004,'机电系',8143),(8143005,'琴岛学院',8143),(8143006,'经贸系',8143),(8143007,'计算机',8143),(8144001,'信息工程系',8144),(8144002,'文法系',8144),(8144003,'机电工程系',8144),(8144004,'机电工程系',8144),(8144005,'泰山科技学院',8144),(8144006,'经管系',8144),(8144007,'资源与土木工程系',8144),(8145001,'信息工程系',8145),(8145002,'商务系',8145),(8145003,'外语系',8145),(8145004,'机电与土木工程系',8145),(8145005,'青岛学院',8145),(8147001,'公共事业管理',8147),(8147002,'动物医学',8147),(8147003,'土木工程',8147),(8147004,'外国语学院',8147),(8147005,'建筑环境与设备工程',8147),(8147006,'机制',8147),(8147007,'艺术设计',8147),(8147008,'财务管理',8147),(8147009,'食品科学与工程',8147),(8147010,'食品质量与安全',8147),(8148001,'国际学院',8148),(8148002,'杏坛学院',8148),(8148003,'生物工程',8148),(8148004,'英语',8148),(8148005,'计算机',8148),(8148006,'通信工程',8148),(8151001,'中文系',8151),(8151002,'化生系',8151),(8151003,'教育系',8151),(8151004,'数学系',8151),(8151005,'机电系',8151),(8151006,'物理系',8151),(8151007,'电子科学系',8151),(8151008,'经法系',8151),(8151009,'英语系',8151),(8151010,'韩语系',8151),(8153001,'人文学院',8153),(8153002,'商学院',8153),(8153003,'理工学院',8153),(8153004,'职业学院',8153),(8153005,'食品与葡萄酒学院',8153),(8157001,'会计系',8157),(8157002,'信息技术系',8157),(8157003,'基础部',8157),(8157004,'经管系',8157),(8157005,'餐旅系',8157),(8158001,'机械系',8158),(8160001,'信息技术学院',8160),(8160002,'文学院',8160),(8160003,'文学院',8160),(8160004,'经济学院',8160),(8160005,'经济学院',8160),(8160006,'继续教育学院',8160),(8160007,'远程教育学院',8160),(9001001,'体育学院',9001),(9001002,'化学化工学院',9001),(9001003,'历史文化学院',9001),(9001004,'哲学社会学学院',9001),(9001005,'商务学院',9001),(9001006,'国际教育交流学院',9001),(9001007,'外语学院',9001),(9001008,'山西大学MBA教育中心',9001),(9001009,'山西大学商务学院',9001),(9001010,'山西大学工程学院',9001),(9001011,'山西大学职业技术学院',9001),(9001012,'工程学院',9001),(9001013,'成人教育学院',9001),(9001014,'政治与公共管理学院',9001),(9001015,'教育科学学院',9001),(9001016,'数学科学学院',9001),(9001017,'文学院',9001),(9001018,'法学院',9001),(9001019,'法律职业学院',9001),(9001020,'物理电子工程学院',9001),(9001021,'环境与资源学院',9001),(9001022,'生命科学与技术学院',9001),(9001023,'生物技术研究所',9001),(9001024,'研究生院',9001),(9001025,'管理学院',9001),(9001026,'经济与工商管理学院',9001),(9001027,'经济学院',9001),(9001028,'美术学院',9001),(9001029,'职业技术学院',9001),(9001030,'计算机与信息技术学院',9001),(9001031,'音乐学院',9001),(9002001,'人民武装学院',9002),(9002002,'体育学院',9002),(9002003,'信息工程',9002),(9002004,'信息工程学院',9002),(9002005,'化学化工',9002),(9002006,'化学化工学院',9002),(9002007,'化工学院',9002),(9002008,'华北广电',9002),(9002009,'国际教育交流学院',9002),(9002010,'土木工程',9002),(9002011,'大同学院',9002),(9002012,'太原理工',9002),(9002013,'工业设计系',9002),(9002014,'建筑与土木工程学院',9002),(9002015,'成人教育学院',9002),(9002016,'文学院',9002),(9002017,'文法学院',9002),(9002018,'机械工程学院',9002),(9002019,'材料科学与工程学院',9002),(9002020,'水利学院',9002),(9002021,'环境工程学院',9002),(9002022,'现代科技',9002),(9002023,'现代科技学院',9002),(9002024,'理学院',9002),(9002025,'电子信息工程',9002),(9002026,'电气与动力工程学院',9002),(9002027,'矿业工程学院',9002),(9002028,'研究生院',9002),(9002029,'经济管理学院',9002),(9002030,'职业技术学院',9002),(9002031,'英语',9002),(9002032,'计算机与软件工程学院',9002),(9002033,'财经学院',9002),(9002034,'资源环境与城乡规划',9002),(9002035,'资源环境与城乡规划管理',9002),(9002036,'软件学院',9002),(9002037,'轻纺工程与美术学院',9002),(9002038,'长治学院',9002),(9002039,'阳泉学院',9002),(9002040,'阳泉学院建工系',9002),(9002041,'阳泉职业技术学院',9002),(9003001,'0',9003),(9003002,'人文社会科学学院',9003),(9003003,'体育与艺术学院',9003),(9003004,'信息与通信工程学院',9003),(9003005,'信息商务学院',9003),(9003006,'化工与环境学院',9003),(9003007,'后备军官教育学院',9003),(9003008,'国防科学技术学院',9003),(9003009,'外语系',9003),(9003010,'工业设计系',9003),(9003011,'应用化学系',9003),(9003012,'成教学院',9003),(9003013,'机械工程与自动化学院',9003),(9003014,'机电工程学院',9003),(9003015,'材料工程系',9003),(9003016,'材料科学与工程学院',9003),(9003017,'武器装备技术学院',9003),(9003018,'法学系',9003),(9003019,'环境工程',9003),(9003020,'环境工程系',9003),(9003021,'理学院',9003),(9003022,'电器工程系',9003),(9003023,'电子与计算机科学技术学院',9003),(9003024,'电气工程系',9003),(9003025,'研究生院',9003),(9003026,'管理工程系',9003),(9003027,'经济与管理学院',9003),(9003028,'经济贸易系',9003),(9003029,'计算机工程系',9003),(9003030,'软件学院',9003),(9004001,'临床',9004),(9004002,'临床医学',9004),(9004003,'人文学院',9004),(9004004,'儿科医学系',9004),(9004005,'公共卫生学院',9004),(9004006,'医学影像学系',9004),(9004007,'南洋理工学院',9004),(9004008,'口腔医学系',9004),(9004009,'基础医学院',9004),(9004010,'护理学院',9004),(9004011,'晋中学院',9004),(9004012,'晋祠学院',9004),(9004013,'汾阳学院',9004),(9004014,'汾阳学院',9004),(9004015,'法医学院',9004),(9004016,'研究生部',9004),(9004017,'社会科学教育部',9004),(9004018,'第一临床医学院',9004),(9004019,'第三临床医学院',9004),(9004020,'第二临床医学院',9004),(9004021,'职业技术学院',9004),(9004022,'英语专业',9004),(9004023,'药学院',9004),(9004024,'麻醉学系',9004),(9005001,'中医一系',9005),(9005002,'中医二系',9005),(9005003,'中药系',9005),(9005004,'中西医临床筹备组',9005),(9005005,'体育部',9005),(9005006,'国际教育中心',9005),(9005007,'基础部',9005),(9005008,'实验管理中心',9005),(9005009,'成人教育学院',9005),(9005010,'护理系',9005),(9005011,'研究生部',9005),(9005012,'社科部',9005),(9005013,'职业技术学院',9005),(9005014,'计算机网络中心',9005),(9005015,'针推系',9005),(9006001,'中文系',9006),(9006002,'体育系',9006),(9006003,'化学系',9006),(9006004,'历史系',9006),(9006005,'地理系',9006),(9006006,'城市与旅游学院',9006),(9006007,'基础部',9006),(9006008,'外国语专科部',9006),(9006009,'外语系',9006),(9006010,'应用心理学',9006),(9006011,'政法系',9006),(9006012,'教育系',9006),(9006013,'数学系',9006),(9006014,'文学院',9006),(9006015,'文学院书法系',9006),(9006016,'新闻传播专业',9006),(9006017,'物理系',9006),(9006018,'生物系',9006),(9006019,'社科部',9006),(9006020,'经济系',9006),(9006021,'美术系',9006),(9006022,'舞蹈系',9006),(9006023,'计算中心',9006),(9006024,'计算机系',9006),(9006025,'音乐系',9006),(9007001,'专科部',9007),(9007002,'人文社科系',9007),(9007003,'体育系',9007),(9007004,'信息学院',9007),(9007005,'化学与生物工程学院',9007),(9007006,'华科学院',9007),(9007007,'外语系',9007),(9007008,'应科学院',9007),(9007009,'成教学院',9007),(9007010,'机械',9007),(9007011,'机电学院',9007),(9007012,'材料学院',9007),(9007013,'法学系',9007),(9007014,'电子信息工程学院',9007),(9007015,'经管学院',9007),(9007016,'艺术系',9007),(9007017,'计算机学院',9007),(9007018,'运城工学院',9007),(9008001,'MBA教育中心',9008),(9008002,'中德学院',9008),(9008003,'会计学院',9008),(9008004,'体育系',9008),(9008005,'信息管理学院',9008),(9008006,'公共管理学院',9008),(9008007,'华商学院',9008),(9008008,'国际贸易学院',9008),(9008009,'对外交流学院',9008),(9008010,'工商管理学院',9008),(9008011,'应用数学系',9008),(9008012,'文化传播学字院',9008),(9008013,'旅游管理系',9008),(9008014,'法学院',9008),(9008015,'物流管理学院',9008),(9008016,'环境经济系',9008),(9008017,'研究生学院',9008),(9008018,'管理科学与工程学院',9008),(9008019,'经济学院',9008),(9008020,'经济技术学院',9008),(9008021,'经贸外语学院',9008),(9008022,'统计学院',9008),(9008023,'继续教育学院',9008),(9008024,'职业技术学院',9008),(9008025,'财政金融学院',9008),(9008026,'财税学院',9008),(9008027,'通才学院',9008),(9008028,'马列主义理论教学部',9008),(9009001,'临汾学院',9009),(9009002,'体育学院',9009),(9009003,'公共体育部',9009),(9009004,'分析测试中心',9009),(9009005,'化学与材料科学学院',9009),(9009006,'化工所',9009),(9009007,'历史与旅游文化学院',9009),(9009008,'城市与环境科学学院',9009),(9009009,'城环学院',9009),(9009010,'外国语学院',9009),(9009011,'外语系',9009),(9009012,'山西师范大学',9009),(9009013,'山西晋学研究中心',9009),(9009014,'工程学院',9009),(9009015,'工程学院',9009),(9009016,'戏曲文物研究所',9009),(9009017,'成人教育学院',9009),(9009018,'政法',9009),(9009019,'政法学院',9009),(9009020,'教师教育学院',9009),(9009021,'教育技术与传媒学院',9009),(9009022,'数学与计算机科学学院',9009),(9009023,'文学院',9009),(9009024,'文理学院',9009),(9009025,'材料化学研究所',9009),(9009026,'物理与信息工程学院',9009),(9009027,'现代文理学院',9009),(9009028,'生命科学学院',9009),(9009029,'生物技术与工程学院',9009),(9009030,'管理学院',9009),(9009031,'经济管理学院',9009),(9009032,'美术学院',9009),(9009033,'课程与教学研究所',9009),(9009034,'音乐学院',9009),(9010001,'中德学院',9010),(9010002,'体育教学部',9010),(9010003,'信息学院',9010),(9010004,'公共管理学院',9010),(9010005,'农学院',9010),(9010006,'动物科技学院',9010),(9010007,'动物科技学院',9010),(9010008,'原平农学院',9010),(9010009,'园艺学院',9010),(9010010,'太原园艺学院',9010),(9010011,'太原畜牧兽医学院',9010),(9010012,'山西农业大学信息学院',9010),(9010013,'工程技术学院',9010),(9010014,'平遥机电学院',9010),(9010015,'成人教育学院',9010),(9010016,'文理学院',9010),(9010017,'朔州职业技术学院',9010),(9010018,'林学院',9010),(9010019,'现代教育技术学院',9010),(9010020,'生命科学学院',9010),(9010021,'生物技术',9010),(9010022,'研究生学院',9010),(9010023,'经济贸易学院',9010),(9010024,'资源环境学院',9010),(9010025,'运城农学院',9010),(9010026,'食品科学与工程学院',9010),(9011001,'体育学院',9011),(9011002,'农学院',9011),(9011003,'化学与生命科学学院',9011),(9011004,'北岳学院',9011),(9011005,'北岳职业技术学院',9011),(9011006,'医学院',9011),(9011007,'商学院',9011),(9011008,'外国语学院',9011),(9011009,'大同大学医学院',9011),(9011010,'工学院',9011),(9011011,'心理学院',9011),(9011012,'政法学院',9011),(9011013,'教育技术系',9011),(9011014,'教育科学与技术学院',9011),(9011015,'数学与应用数学',9011),(9011016,'数学与计算机科学学院',9011),(9011017,'文史学院',9011),(9011018,'新闻系',9011),(9011019,'物理与电子科学学院',9011),(9011020,'继续教育学院',9011),(9011021,'职业技术学院',9011),(9011022,'艺术学院',9011),(9011023,'英语教育',9011),(9011024,'计算机',9011),(9012001,'临床一系',9012),(9012002,'临床二系',9012),(9012003,'体育部',9012),(9012004,'信息管理与信息系统',9012),(9012005,'医学影像系',9012),(9012006,'口腔',9012),(9012007,'基础医学部',9012),(9012008,'外语部',9012),(9012009,'康复治疗',9012),(9012010,'成人教育部',9012),(9012011,'护理学系',9012),(9012012,'检验系',9012),(9012013,'现代教育技术中心',9012),(9012014,'生物医学工程系',9012),(9012015,'社科部',9012),(9012016,'职教分院',9012),(9012017,'药学系',9012),(9012018,'计算机中心',9012),(9012019,'麻醉系',9012),(9013001,'中文系',9013),(9013002,'体育系',9013),(9013003,'政史系',9013),(9013004,'政法系',9013),(9013005,'数学系',9013),(9013006,'生化系',9013),(9013007,'电子信息与物理系',9013),(9013008,'社科系',9013),(9013009,'美术系',9013),(9013010,'英语系',9013),(9013011,'计算机系',9013),(9013012,'音乐系',9013),(9014001,'中文系',9014),(9014002,'体育系',9014),(9014003,'公共计算机教学部',9014),(9014004,'外语系',9014),(9014005,'大学英语教学部',9014),(9014006,'应用化学系',9014),(9014007,'应用数学系',9014),(9014008,'成人教育学院',9014),(9014009,'政法系',9014),(9014010,'教育与心理科学系',9014),(9014011,'机电工程系',9014),(9014012,'物理与电子工程系',9014),(9014013,'生命科学系',9014),(9014014,'社科部',9014),(9014015,'经济管理系',9014),(9014016,'美术与工艺设计系',9014),(9014017,'计算机科学与技术系',9014),(9014018,'音乐系',9014),(9015001,'体育学院',9015),(9015002,'化学化工学院',9015),(9015003,'外国语学院',9015),(9015004,'政法学院',9015),(9015005,'教育科学与技术学院',9015),(9015006,'数学学院',9015),(9015007,'文学院',9015),(9015008,'晋中学院',9015),(9015009,'机械学院',9015),(9015010,'物理与电子工程学院',9015),(9015011,'生物科学与技术学院',9015),(9015012,'经济管理学院',9015),(9015013,'继续教育学院',9015),(9015014,'美术学院',9015),(9015015,'计算机科学与技术学院',9015),(9015016,'远程教育学院',9015),(9015017,'音乐学院',9015),(9016001,'中文系',9016),(9016002,'体育系',9016),(9016003,'公共外语部',9016),(9016004,'化学系',9016),(9016005,'地理系',9016),(9016006,'基础部',9016),(9016007,'外语系',9016),(9016008,'成人教育学院',9016),(9016009,'政史系',9016),(9016010,'政教部',9016),(9016011,'教育系',9016),(9016012,'数学系',9016),(9016013,'法律系',9016),(9016014,'物理电子系',9016),(9016015,'电大部',9016),(9016016,'电教中心',9016),(9016017,'经管系',9016),(9016018,'艺术系',9016),(9016019,'计算机系',9016),(9017001,'公共基础部',9017),(9017002,'师范部',9017),(9017003,'机电工程系',9017),(9017004,'经管系',9017),(9017005,'采矿工程系',9017),(9018001,'人文系',9018),(9018002,'信息工程系',9018),(9018003,'土木工程系',9018),(9018004,'外语系',9018),(9018005,'机电系',9018),(9018006,'采矿测量工程系',9018),(9019001,'中文系',9019),(9019002,'外语系',9019),(9023001,'中文系',9023),(9023002,'体育系',9023),(9023003,'化学系',9023),(9023004,'化工系',9023),(9023005,'历史文化系',9023),(9023006,'外语系',9023),(9023007,'建筑系',9023),(9023008,'政法系',9023),(9023009,'数学系',9023),(9023010,'物理系',9023),(9023011,'生命科学系',9023),(9023012,'生命科学系',9023),(9023013,'经济系',9023),(9023014,'艺术系',9023),(9023015,'计算机系',9023),(9025001,'中专部',9025),(9025002,'会计系',9025),(9025003,'投资系',9025),(9025004,'经济信息系',9025),(9025005,'财政系',9025),(9025006,'财经学院',9025),(9025007,'贸易经济系',9025),(9026001,'动力系',9026),(9026002,'电力系',9026),(9027001,'信息系',9027),(9027002,'冶金系',9027),(9027003,'动力系',9027),(9027004,'建筑工程系',9027),(9027005,'机电',9027),(9027006,'电力系',9027),(9027007,'管理系',9027),(9027008,'计算机',9027),(9028001,'学历学院',9028),(9028002,'文化传播系',9028),(9028003,'管理系',9028),(9028004,'管理系',9028),(9028005,'经贸系',9028),(9028006,'艺术系',9028),(9028007,'计算机系',9028),(9029001,'财会系',9029),(9029002,'财务管理',9029),(9032001,'信息管理工程系',9032),(9032002,'数控工程系',9032),(9032003,'机械工程系',9032),(9032004,'汽车工程系',9032),(9032005,'电子电气工程系',9032),(9033001,'土木工程系',9033),(9033002,'建筑装饰系',9033),(9033003,'机电系',9033),(9033004,'环境工程系',9033),(9033005,'经济管理系',9033),(9034001,'信息系',9034),(9034002,'公路系',9034),(9034003,'工管系',9034),(9034004,'经济管理系',9034),(9034005,'车辆系',9034),(9035001,'会计系',9035),(9035002,'信息技术系',9035),(9035003,'管理系',9035),(9035004,'金融系',9035),(9036001,'交通管理',9036),(9036002,'侦察',9036),(9036003,'侦察',9036),(9036004,'信息网络安全监察',9036),(9036005,'公安管理',9036),(9036006,'刑事技术',9036),(9036007,'文秘',9036),(9036008,'治安保卫系',9036),(9036009,'治安管理',9036),(9036010,'法学系',9036),(9036011,'法律事务',9036),(9036012,'经济犯罪侦查',9036),(9036013,'警察管理',9036),(9036014,'计算机',9036),(9037001,'交通管理',9037),(9037002,'侦查',9037),(9037003,'信息网络安全监察',9037),(9037004,'公安管理',9037),(9037005,'应用法律系',9037),(9037006,'治安管理',9037),(9037007,'法学系',9037),(9037008,'监所管理',9037),(9037009,'警察管理',9037),(9037010,'计算机',9037),(9038001,'信息工程系',9038),(9038002,'园林系',9038),(9038003,'园艺系',9038),(9038004,'旅游系',9038),(9038005,'林学系',9038),(9038006,'经济贸易系',9038),(9038007,'艺术设计系',9038),(9039001,'国贸系',9039),(9039002,'旅游外语系',9039),(9039003,'旅游文化与艺术系',9039),(9039004,'旅管系',9039),(9039005,'经济管理系',9039),(9039006,'计算机科学系',9039),(9040001,'化工系',9040),(9040002,'地测工程系',9040),(9040003,'建工系',9040),(9040004,'机电系',9040),(9040005,'测量系',9040),(9040006,'计算机信息系',9040),(9040007,'财经系',9040),(9040008,'采矿工程系',9040),(9046001,'信息工程系',9046),(9046002,'软件系',9046),(9047001,'信息系',9047),(9047002,'管理系',9047),(9047003,'美术系',9047),(9047004,'财经系',9047),(9047005,'音乐系',9047),(9049001,'会计电算化',9049),(9049002,'农业经济管理',9049),(9049003,'园艺',9049),(9049004,'计算机',9049),(9050001,'中文系',9050),(9050002,'体育系',9050),(9050003,'应用化学系',9050),(9050004,'应用数学系',9050),(9050005,'政法系',9050),(9050006,'教育与心理科学系',9050),(9050007,'机电工程系',9050),(9050008,'物理与电子工程系',9050),(9050009,'物理系',9050),(9050010,'生命科学系',9050),(9050011,'经济管理',9050),(9050012,'美术与工艺设计系',9050),(9050013,'美术系',9050),(9050014,'计算机系',9050),(9050015,'运城学院',9050),(9050016,'运城学院—外语系',9050),(9050017,'音乐系',9050),(9051001,'商贸旅游系',9051),(9051002,'太原工贸学校',9051),(9051003,'山西综职院',9051),(9051004,'建筑工程系',9051),(9051005,'数控系',9051),(9051006,'材料工程系',9051),(9051007,'电子信息工程系',9051),(9051008,'电气工程与自动化系',9051),(9051009,'计算机系',9051),(9051010,'轻工分院',9051),(9052001,'信息工程系',9052),(9052002,'城建系',9052),(9052003,'工程经济系',9052),(9052004,'机电系',9052),(9052005,'管理系',9052),(9052006,'财会系',9052),(9053001,'外语师范学院',9053),(9053002,'外语系',9053),(9053003,'应用艺术系',9053),(9053004,'建工系',9053),(9053005,'教育学院',9053),(9053006,'文法系',9053),(9053007,'旅游系',9053),(9053008,'机电系',9053),(9053009,'环境工程系',9053),(9053010,'管理系',9053),(9053011,'经济管理',9053),(9053012,'经济贸易系',9053),(9053013,'经贸系',9053),(9053014,'计算机工程系',9053),(9053015,'财会系',9053),(9054001,'信息系',9054),(9054002,'动力系',9054),(9054003,'工程学院',9054),(9054004,'建管系',9054),(9054005,'电力系',9054),(9055001,'信息系',9055),(9055002,'外语系',9055),(9055003,'旅游管理',9055),(9057001,'信息系',9057),(9057002,'太原理工',9057),(9057003,'太原理工大学阳泉学院',9057),(9057004,'建工',9057),(9057005,'机电系',9057),(9057006,'社科系',9057),(9057007,'管理系',9057),(9057008,'经贸系',9057),(9057009,'资源系',9057),(9057010,'阳泉学院',9057),(9057011,'阳泉学院建工系',9057),(9057012,'阳泉职业技术学院机电系',9057),(9058001,'制作系',9058),(9058002,'动画系',9058),(9058003,'管理系',9058),(9058004,'编播系',9058),(9058005,'美术系',9058),(9061001,'农学院',9061),(9061002,'基础部',9061),(9061003,'文法学院',9061),(9061004,'理工学院',9061),(9061005,'财经学院',9061),(9071001,'临床医学系',9071),(9071002,'人文社科部',9071),(9071003,'医学信息系',9071),(9071004,'基础部',9071),(9071005,'成教部',9071),(9071006,'护理系',9071),(9071007,'检验系',9071),(9078001,'会计系',9078),(9078002,'信息工程系',9078),(9078003,'电子商务',9078),(9078004,'管理系',9078),(9079001,'化学工程系',9079),(9079002,'外国语言文学系',9079),(9079003,'应用化学系',9079),(9079004,'机电工程系',9079),(9079005,'材料工程系',9079),(9079006,'法学系',9079),(9079007,'环境工程系',9079),(9079008,'电子工程系',9079),(9079009,'电气工程系',9079),(9079010,'管理工程系',9079),(9079011,'经济贸易工程系',9079),(9079012,'计算机工程系',9079),(9079013,'高等职业技术教育部',9079),(10001001,'人居环境与建筑工程学院',10001),(10001002,'人文社会科学学院',10001),(10001003,'体育部',10001),(10001004,'公共政策与管理学院',10001),(10001005,'医学院',10001),(10001006,'医学院第一附属医院',10001),(10001007,'医学院第二附属医院',10001),(10001008,'医学院附属口腔学院',10001),(10001009,'城市学院',10001),(10001010,'外国语学院',10001),(10001011,'工业设计系',10001),(10001012,'康桥苑',10001),(10001013,'康桥院',10001),(10001014,'思源学院',10001),(10001015,'新加坡国立大学',10001),(10001016,'机械工程学院',10001),(10001017,'材料科学与工程学院',10001),(10001018,'核科学与技术学院',10001),(10001019,'法学院',10001),(10001020,'理学院',10001),(10001021,'生命科学与技术学院',10001),(10001022,'电信学院',10001),(10001023,'电子与信息工程学院',10001),(10001024,'电气工程学院',10001),(10001025,'电讯工程学院',10001),(10001026,'第二炮兵工程学院',10001),(10001027,'第四军医大学',10001),(10001028,'第四军医大学口腔医学系',10001),(10001029,'管理学院',10001),(10001030,'经济',10001),(10001031,'经济与金融学院',10001),(10001032,'继续教育学院',10001),(10001033,'网络教育学院',10001),(10001034,'职业技术学院',10001),(10001035,'职业技术暨继续教育学院',10001),(10001036,'能动学院',10001),(10001037,'能源与动力工程学院',10001),(10001038,'航天航空学院',10001),(10001039,'艺术学院',10001),(10001040,'药学院',10001),(10001041,'西安通信学院',10001),(10001042,'计算机',10001),(10001043,'财经学院',10001),(10001044,'软件学院',10001),(10001045,'金禾经济研究中心',10001),(10001046,'金融信息工程',10001),(10001047,'金融系',10001),(10002001,'人文学院',10002),(10002002,'体育系',10002),(10002003,'体育部',10002),(10002004,'信息学院',10002),(10002005,'公路学院',10002),(10002006,'公路项目管理',10002),(10002007,'兴华学院',10002),(10002008,'地测学院',10002),(10002009,'地球科学与国土资源学院',10002),(10002010,'外语学院',10002),(10002011,'工业工程系',10002),(10002012,'工程机械学院',10002),(10002013,'应用技术学院',10002),(10002014,'建工学院',10002),(10002015,'建筑学院',10002),(10002016,'材料学院',10002),(10002017,'汽车学院',10002),(10002018,'环工学院',10002),(10002019,'理学院',10002),(10002020,'电子与控制工程学院',10002),(10002021,'电控学院',10002),(10002022,'经管学院',10002),(10002023,'继续教育学院',10002),(10002024,'计算机',10002),(10002025,'资源学院',10002),(10003001,'人文与经法学院',10003),(10003002,'信息机电学院',10003),(10003003,'力学与土木建筑学院',10003),(10003004,'动力与能源学院',10003),(10003005,'化工学院',10003),(10003006,'外国语学院',10003),(10003007,'工业工程系',10003),(10003008,'教育实验学院',10003),(10003009,'明德学院',10003),(10003010,'机电学院',10003),(10003011,'材料学院',10003),(10003012,'理学院',10003),(10003013,'生命科学院',10003),(10003014,'电子信息学院',10003),(10003015,'电子商务',10003),(10003016,'研究生院',10003),(10003017,'管理学院',10003),(10003018,'经济管理学院',10003),(10003019,'继续教育学院',10003),(10003020,'网络教育学院',10003),(10003021,'自动化学院',10003),(10003022,'航海学院',10003),(10003023,'航空学院',10003),(10003024,'航空宇航制造工程系',10003),(10003025,'计算机学院',10003),(10003026,'软件与微电子学院',10003),(10003027,'软件学院',10003),(10003028,'通信工程',10003),(10003029,'金叶信息学院',10003),(10003030,'金叶学院',10003),(10004001,'信息学院',10004),(10004002,'信息科学与技术学院',10004),(10004003,'公共管理学院',10004),(10004004,'化学系',10004),(10004005,'化工学院',10004),(10004006,'国际文化交流学院',10004),(10004007,'地质学系',10004),(10004008,'城市与资源学系',10004),(10004009,'外国语学院',10004),(10004010,'应用社会科学系',10004),(10004011,'成人教育学院',10004),(10004012,'数学系',10004),(10004013,'文博学院',10004),(10004014,'文学院',10004),(10004015,'新闻传播学院',10004),(10004016,'法学院',10004),(10004017,'物理学系',10004),(10004018,'环境科学系',10004),(10004019,'现代学院',10004),(10004020,'生命科学学院',10004),(10004021,'社科系',10004),(10004022,'经济管理学院',10004),(10004023,'职业技术学院',10004),(10004024,'艺术学院',10004),(10004025,'计算机',10004),(10004026,'计算机科学与技术',10004),(10004027,'软件学院',10004),(10004028,'软件职业技术学院',10004),(10005001,'人文社科基础教学部',10005),(10005002,'体育学院',10005),(10005003,'化学与材料科学学院',10005),(10005004,'历史文化学院',10005),(10005005,'国际商学院',10005),(10005006,'国际汉学院',10005),(10005007,'外国语学院',10005),(10005008,'对外汉语',10005),(10005009,'政治经济学院',10005),(10005010,'教育技术系',10005),(10005011,'教育科学学院',10005),(10005012,'数学与信息科学学院',10005),(10005013,'数学教育',10005),(10005014,'文学院',10005),(10005015,'新闻与传播学院',10005),(10005016,'旅游与环境学院',10005),(10005017,'民族部',10005),(10005018,'物理学与信息技术学院',10005),(10005019,'理工科基础教学部',10005),(10005020,'生命科学学院',10005),(10005021,'继续教育学院',10005),(10005022,'网络教育学院',10005),(10005023,'美术学院',10005),(10005024,'艺术学院',10005),(10005025,'计算机科学学院',10005),(10005026,'音乐学院',10005),(10005027,'食品工程与营养科学学院',10005),(10005028,'食品系',10005),(10005029,'高等职业技术教育学院',10005),(10006001,'人文学院',10006),(10006002,'体育部',10006),(10006003,'录音系',10006),(10006004,'微电子',10006),(10006005,'微电子学院',10006),(10006006,'技术物理学院',10006),(10006007,'机电工程学院',10006),(10006008,'理学院',10006),(10006009,'电子商务',10006),(10006010,'电子工程学院',10006),(10006011,'电子科学与技术',10006),(10006012,'研究生院',10006),(10006013,'空军工程大学',10006),(10006014,'经济管理学院',10006),(10006015,'继续教育学院',10006),(10006016,'网络教育学院',10006),(10006017,'计算机学院',10006),(10006018,'软件学院',10006),(10006019,'软件高职学院',10006),(10006020,'通信工程学院',10006),(10006021,'长安学院',10006),(10006022,'高等职业技术学院',10006),(10007001,'人文社会科学学院',10007),(10007002,'体育教学部',10007),(10007003,'印刷包装工程学院',10007),(10007004,'培训中心',10007),(10007005,'工业设计系',10007),(10007006,'工商管理学院',10007),(10007007,'工程训练中心',10007),(10007008,'德育教学部',10007),(10007009,'机械与精密仪器工程学院',10007),(10007010,'材料科学与工程学院',10007),(10007011,'水利水电学院',10007),(10007012,'理学院',10007),(10007013,'空军工程大学',10007),(10007014,'继续教育学院',10007),(10007015,'自动化与信息工程学院',10007),(10007016,'艺术与设计学院',10007),(10007017,'计算机科学与工程学院',10007),(10007018,'计算机系',10007),(10007019,'高科学院',10007),(10007020,'高等技术学院',10007),(10008001,'人文学院',10008),(10008002,'体育部',10008),(10008003,'其他',10008),(10008004,'化学与化工系',10008),(10008005,'地质与环境工程系',10008),(10008006,'基础部',10008),(10008007,'外国语言文学系',10008),(10008008,'工业设计',10008),(10008009,'建筑与土木工程学院',10008),(10008010,'机械工程学院',10008),(10008011,'机电工程学院',10008),(10008012,'材料科学与工程系',10008),(10008013,'测量工程系',10008),(10008014,'测量工程系',10008),(10008015,'环化学院',10008),(10008016,'电子信息学院',10008),(10008017,'电气与控制工程学院',10008),(10008018,'研究生部',10008),(10008019,'社会科学系',10008),(10008020,'管理学院',10008),(10008021,'继续教育学院',10008),(10008022,'美术系',10008),(10008023,'能源学院',10008),(10008024,'艺术系',10008),(10008025,'计算机系',10008),(10008026,'软件学院',10008),(10008027,'通信与信息工程学院',10008),(10008028,'高新学院',10008),(10009001,'中澳国际学院',10009),(10009002,'人文学院',10009),(10009003,'体育系',10009),(10009004,'信息与工程管理系',10009),(10009005,'光电工程学院',10009),(10009006,'北信学院',10009),(10009007,'北方信息工程学院',10009),(10009008,'外国语系',10009),(10009009,'工业设计',10009),(10009010,'应用技术学院',10009),(10009011,'建筑工程系',10009),(10009012,'数理系',10009),(10009013,'服装与艺术设计学院',10009),(10009014,'服装学院',10009),(10009015,'机电工程学院',10009),(10009016,'材料与化工学院',10009),(10009017,'模具设计与制造',10009),(10009018,'环境与化学工程学院',10009),(10009019,'理学院',10009),(10009020,'电子信息工程学院',10009),(10009021,'电工电子实验教学中心',10009),(10009022,'空军工程大学',10009),(10009023,'管理学院',10009),(10009024,'纺织与材料学院',10009),(10009025,'经济管理学院',10009),(10009026,'继续教育学院',10009),(10009027,'艺术与传媒学院',10009),(10009028,'艺术工程学院',10009),(10009029,'计算机科学与工程学院',10009),(10009030,'计算机科学学院',10009),(10009031,'高职学院',10009),(10010001,'LCCIEB',10010),(10010002,'东方语言文化学院',10010),(10010003,'中国语言文学学院',10010),(10010004,'人文地理研究所',10010),(10010005,'人文学院',10010),(10010006,'体育部',10010),(10010007,'俄语系',10010),(10010008,'信息工程学院',10010),(10010009,'出国留学人员培训部新西北培训学院',10010),(10010010,'商学院',10010),(10010011,'国际关系学院',10010),(10010012,'大学外语教学部',10010),(10010013,'应用英语',10010),(10010014,'德语系',10010),(10010015,'意大利语系',10010),(10010016,'文化传播学院',10010),(10010017,'新闻与传播学院',10010),(10010018,'旅游学院',10010),(10010019,'旅游管理',10010),(10010020,'日语',10010),(10010021,'汉学院',10010),(10010022,'法西语系',10010),(10010023,'洪堡学院',10010),(10010024,'研究生部',10010),(10010025,'社科部',10010),(10010026,'经济管理学院',10010),(10010027,'继续教育学院',10010),(10010028,'英文学院',10010),(10010029,'英语',10010),(10010030,'英语教育学院',10010),(10010031,'西影影视传媒学院',10010),(10010032,'西语学院',10010),(10010033,'高等职业技术学院',10010),(10010034,'高级翻译学院',10010),(10010035,'高职',10010),(10011001,'体育部',10011),(10011002,'信息与控制系',10011),(10011003,'信息与管理工程系',10011),(10011004,'信息中心',10011),(10011005,'外语系',10011),(10011006,'应用数学与物理系',10011),(10011007,'电信系',10011),(10011008,'电子与信息工程系',10011),(10011009,'社会科学系',10011),(10011010,'经济与贸易系',10011),(10011011,'经济管理系',10011),(10011012,'继职教育学院',10011),(10011013,'计算机系',10011),(10011014,'通信工程',10011),(10011015,'通信工程系',10011),(10012001,'临床系',10012),(10012002,'人文科学系',10012),(10012003,'公共卫生系',10012),(10012004,'医学技术系',10012),(10012005,'口腔系',10012),(10012006,'基础部',10012),(10012007,'护理系',10012),(10012008,'继续教育部',10012),(10012009,'英语系',10012),(10012010,'药学系',10012),(10012011,'麻醉系',10012),(10013001,'会计学院',10013),(10013002,'体育教学部',10013),(10013003,'信息学院',10013),(10013004,'公共外语教学部',10013),(10013005,'华美商学院',10013),(10013006,'华美学院',10013),(10013007,'商学院',10013),(10013008,'国际教育学院',10013),(10013009,'政法与行政学院',10013),(10013010,'文法学院',10013),(10013011,'本科新生教学部',10013),(10013012,'管理学院',10013),(10013013,'经济学院',10013),(10013014,'统计学院',10013),(10013015,'行知学院',10013),(10013016,'高职继续教育学院',10013),(10014001,'公安学院',10014),(10014002,'刑事法学院',10014),(10014003,'哲学与社会发展学院',10014),(10014004,'哲学与社会发展学院',10014),(10014005,'哲学学院',10014),(10014006,'国际法学院',10014),(10014007,'外国语学院',10014),(10014008,'市场营销',10014),(10014009,'政治与公共管理学院',10014),(10014010,'政治与公共管理系',10014),(10014011,'新闻传播学院',10014),(10014012,'民商法学院',10014),(10014013,'法学',10014),(10014014,'法律事务',10014),(10014015,'法律外语系',10014),(10014016,'经济法学院',10014),(10014017,'经济管理学院',10014),(10014018,'经济管理学院金融系',10014),(10014019,'经济贸易系',10014),(10014020,'行政法学院',10014),(10014021,'高职',10014),(10015001,'人体科学系（实验中心）',10015),(10015002,'人文学系',10015),(10015003,'体育系',10015),(10015004,'武术系',10015),(10015005,'研究生部',10015),(10015006,'社会体育系',10015),(10015007,'竞技体育学校',10015),(10015008,'继续教育学院',10015),(10015009,'运动系',10015),(10015010,'高等职业技术学院',10015),(10016001,'中国画系',10016),(10016002,'建筑环境艺术系',10016),(10016003,'成人教育系',10016),(10016004,'服装系',10016),(10016005,'油画系',10016),(10016006,'版画系',10016),(10016007,'综合绘画',10016),(10016008,'美术史论系',10016),(10016009,'美术教育系',10016),(10016010,'装饰艺术系',10016),(10016011,'设计系',10016),(10016012,'附属中等专科学校',10016),(10016013,'陶瓷艺术系',10016),(10016014,'雕塑系',10016),(10017001,'作曲',10017),(10017002,'声乐',10017),(10017003,'民乐',10017),(10017004,'管弦',10017),(10017005,'舞蹈',10017),(10017006,'键盘',10017),(10017007,'音乐学',10017),(10017008,'音乐教育',10017),(10018001,'体育系',10018),(10018002,'化学系',10018),(10018003,'历史系',10018),(10018004,'外语系',10018),(10018005,'幼儿师范学院',10018),(10018006,'成人教育学院',10018),(10018007,'教育系',10018),(10018008,'数学系',10018),(10018009,'文学院',10018),(10018010,'机械电子工程系',10018),(10018011,'法政系',10018),(10018012,'物理系',10018),(10018013,'生命科学系',10018),(10018014,'经管系',10018),(10018015,'艺术设计系',10018),(10018016,'计算机科学系',10018),(10018017,'资源环境与旅游系',10018),(10018018,'音乐表演系',10018),(10019001,'交通运输系',10019),(10019002,'人文科学系',10019),(10019003,'信息工程学院',10019),(10019004,'信息工程系',10019),(10019005,'外语人文学院',10019),(10019006,'工学院',10019),(10019007,'工程技术系',10019),(10019008,'建筑工程系',10019),(10019009,'本科部',10019),(10019010,'机电工程系',10019),(10019011,'管理科学系',10019),(10019012,'经济系',10019),(10019013,'经管文学院',10019),(10019014,'艺术学院',10019),(10019015,'艺术系',10019),(10019016,'西京笛威汽车学院',10019),(10019017,'财经学院',10019),(10020001,'上海西译中学',10020),(10020002,'信息工程',10020),(10020003,'信息工程学院',10020),(10020004,'国贸五班',10020),(10020005,'国际关系',10020),(10020006,'国际关系学院',10020),(10020007,'外国语学院',10020),(10020008,'外语系',10020),(10020009,'洪泽外语中学',10020),(10020010,'研修学院',10020),(10020011,'经济管理',10020),(10020012,'经济管理学院',10020),(10020013,'艺术系',10020),(10020014,'西安翻译学院',10020),(10021001,'信息工程学院',10021),(10021002,'医学院',10021),(10021003,'国际商务系',10021),(10021004,'外国语学院',10021),(10021005,'成人教育学院',10021),(10021006,'新闻传播学院',10021),(10021007,'法学系',10021),(10021008,'电子系',10021),(10021009,'经济管理学院',10021),(10021010,'职教院',10021),(10021011,'艺术设计学院',10021),(10021012,'计算机',10021),(10022001,'人文学院',10022),(10022002,'信息工程学院',10022),(10022003,'商学院',10022),(10022004,'国际学院',10022),(10022005,'基础部',10022),(10022006,'外国语学院',10022),(10022007,'建筑工程学院',10022),(10022008,'建筑工程系',10022),(10022009,'新闻与传播学院',10022),(10022010,'艺术设计学院',10022),(10023001,'人文学院',10023),(10023002,'信息工程学院',10023),(10023003,'医学院',10023),(10023004,'国际合作学院',10023),(10023005,'外国语学院',10023),(10023006,'成人与网络教育学院',10023),(10023007,'经济管理学院',10023),(10023008,'西安博迪学校',10023),(10023009,'西安外事学院',10023),(10023010,'西安外事学院',10023),(10023011,'陕西外事职业中专',10023),(10024001,'人文学院',10024),(10024002,'体育系',10024),(10024003,'化学化工学院',10024),(10024004,'外语系',10024),(10024005,'工商学院',10024),(10024006,'机械工程学院',10024),(10024007,'材料科学与工程学院',10024),(10024008,'油气资源学院',10024),(10024009,'理学院',10024),(10024010,'电子工程学院',10024),(10024011,'石油工程学院',10024),(10024012,'经济管理学院',10024),(10024013,'继续教育学院',10024),(10024014,'计算机学院',10024),(10024015,'设计系',10024),(10024016,'音乐系',10024),(10025001,'人文学院',10025),(10025002,'会计',10025),(10025003,'体育系',10025),(10025004,'信息与控制工程学院',10025),(10025005,'冶金工程学院',10025),(10025006,'华清学院',10025),(10025007,'土木工程学院',10025),(10025008,'外语系',10025),(10025009,'建筑学',10025),(10025010,'建筑学院',10025),(10025011,'智能建筑与楼宇自动化',10025),(10025012,'机械工程学院',10025),(10025013,'机械电子工程系',10025),(10025014,'机电',10025),(10025015,'机电学院',10025),(10025016,'材料科学与工程学院',10025),(10025017,'法学院',10025),(10025018,'环境与市政工程学院',10025),(10025019,'环境艺术设计',10025),(10025020,'理学院',10025),(10025021,'管理学院',10025),(10025022,'继续教育学院',10025),(10025023,'职业技术学院',10025),(10025024,'艺术学院',10025),(10031001,'人文社科学院',10031),(10031002,'体育学院',10031),(10031003,'信息学院',10031),(10031004,'信息工程学院',10031),(10031005,'化学与化工学院',10031),(10031006,'医学院',10031),(10031007,'国际商务系',10031),(10031008,'外语学院',10031),(10031009,'延安大学',10031),(10031010,'延安大学西安创新学院',10031),(10031011,'政法学院',10031),(10031012,'教育科学学院',10031),(10031013,'数学与计算机科学学院',10031),(10031014,'文学院',10031),(10031015,'新闻传播学院',10031),(10031016,'物理与电子信息学院',10031),(10031017,'生命科学学院',10031),(10031018,'经济管理学院',10031);
/*!40000 ALTER TABLE `college` ENABLE KEYS */;
UNLOCK TABLES;

--
-- Table structure for table `config`
--

DROP TABLE IF EXISTS `config`;
/*!40101 SET @saved_cs_client     = @@character_set_client */;
/*!40101 SET character_set_client = utf8 */;
CREATE TABLE `config` (
  `key` varchar(45) NOT NULL COMMENT 'Key',
  `value` varchar(45) DEFAULT NULL COMMENT '值',
  `description` text COMMENT '描述',
  `createTime` datetime DEFAULT NULL COMMENT '时间',
  PRIMARY KEY (`key`)
) ENGINE=InnoDB DEFAULT CHARSET=utf8 COMMENT='网站配置';
/*!40101 SET character_set_client = @saved_cs_client */;

--
-- Dumping data for table `config`
--

LOCK TABLES `config` WRITE;
/*!40000 ALTER TABLE `config` DISABLE KEYS */;
INSERT INTO `config` VALUES ('sys_sitedesc','学习，生活最贴身的助手','网站描述','2012-08-08 00:00:00'),('sys_sitename','校园管家','网站名称','2012-08-08 00:00:00'),('sys_theme','cms','网站模板名称','2012-08-08 00:00:00');
/*!40000 ALTER TABLE `config` ENABLE KEYS */;
UNLOCK TABLES;

--
-- Table structure for table `course`
--

DROP TABLE IF EXISTS `course`;
/*!40101 SET @saved_cs_client     = @@character_set_client */;
/*!40101 SET character_set_client = utf8 */;
CREATE TABLE `course` (
  `courseId` varchar(36) NOT NULL,
  `courseName` varchar(45) NOT NULL COMMENT '计算机网络',
  `createdDate` timestamp NOT NULL DEFAULT CURRENT_TIMESTAMP ON UPDATE CURRENT_TIMESTAMP,
  PRIMARY KEY (`courseId`)
) ENGINE=InnoDB DEFAULT CHARSET=utf8;
/*!40101 SET character_set_client = @saved_cs_client */;

--
-- Dumping data for table `course`
--

LOCK TABLES `course` WRITE;
/*!40000 ALTER TABLE `course` DISABLE KEYS */;
INSERT INTO `course` VALUES ('2323131232133adfdfdf','汉语言文学','2015-10-09 04:40:21'),('53c11ded-a6de-41ad-81af-8f3f2ad9deb1','语言发展历史','2015-10-07 03:25:51'),('574ed3fb-8e21-4ad8-9495-9252519be86e','土木工程设计','2015-09-14 05:16:04'),('60f9084d-8743-48c0-85e1-d4da1708410a','123213213213','2015-09-14 10:30:49'),('8f8a73b8-2415-401b-8c09-0056e83b4165','汉语言文学教育','2015-09-23 01:15:35');
/*!40000 ALTER TABLE `course` ENABLE KEYS */;
UNLOCK TABLES;

--
-- Table structure for table `course_has_class`
--

DROP TABLE IF EXISTS `course_has_class`;
/*!40101 SET @saved_cs_client     = @@character_set_client */;
/*!40101 SET character_set_client = utf8 */;
CREATE TABLE `course_has_class` (
  `course_course_id` varchar(30) NOT NULL,
  `class_class_id` varchar(30) NOT NULL,
  `teacher_id` varchar(30) NOT NULL,
  PRIMARY KEY (`course_course_id`),
  KEY `fk_course_has_class_course1` (`course_course_id`),
  KEY `fk_course_has_class_class1` (`class_class_id`),
  KEY `teacher_id` (`teacher_id`)
) ENGINE=InnoDB DEFAULT CHARSET=utf8;
/*!40101 SET character_set_client = @saved_cs_client */;

--
-- Dumping data for table `course_has_class`
--

LOCK TABLES `course_has_class` WRITE;
/*!40000 ALTER TABLE `course_has_class` DISABLE KEYS */;
/*!40000 ALTER TABLE `course_has_class` ENABLE KEYS */;
UNLOCK TABLES;

--
-- Table structure for table `deptment`
--

DROP TABLE IF EXISTS `deptment`;
/*!40101 SET @saved_cs_client     = @@character_set_client */;
/*!40101 SET character_set_client = utf8 */;
CREATE TABLE `deptment` (
  `dept_id` varchar(45) NOT NULL,
  `subject_id` int(11) DEFAULT NULL,
  `dept_name` varchar(45) DEFAULT NULL,
  PRIMARY KEY (`dept_id`)
) ENGINE=InnoDB DEFAULT CHARSET=utf8;
/*!40101 SET character_set_client = @saved_cs_client */;

--
-- Dumping data for table `deptment`
--

LOCK TABLES `deptment` WRITE;
/*!40000 ALTER TABLE `deptment` DISABLE KEYS */;
INSERT INTO `deptment` VALUES ('1415571858220',NULL,'会计系');
/*!40000 ALTER TABLE `deptment` ENABLE KEYS */;
UNLOCK TABLES;

--
-- Table structure for table `job_lines`
--

DROP TABLE IF EXISTS `job_lines`;
/*!40101 SET @saved_cs_client     = @@character_set_client */;
/*!40101 SET character_set_client = utf8 */;
CREATE TABLE `job_lines` (
  `jobLineId` varchar(36) NOT NULL,
  `jobOrderId` varchar(36) NOT NULL,
  `userId` varchar(36) NOT NULL,
  `attachmentId` varchar(36) DEFAULT NULL,
  `description` varchar(200) DEFAULT NULL,
  `score` float DEFAULT '0',
  `comment` varchar(200) DEFAULT NULL,
  `grade` varchar(45) DEFAULT NULL,
  `submitStatus` int(2) DEFAULT NULL COMMENT '学生对应的作业（jobLine）状态',
  `updateDate` datetime DEFAULT NULL,
  PRIMARY KEY (`jobLineId`),
  KEY `job_order_id` (`jobOrderId`)
) ENGINE=InnoDB DEFAULT CHARSET=utf8;
/*!40101 SET character_set_client = @saved_cs_client */;

--
-- Dumping data for table `job_lines`
--

LOCK TABLES `job_lines` WRITE;
/*!40000 ALTER TABLE `job_lines` DISABLE KEYS */;
INSERT INTO `job_lines` VALUES ('3b4bf3a6-6192-11e5-80ec-3144c40ae251','4f77031e-6a21-4633-8be2-3ce74f491453','5d7a0eea-5dec-4d05-91b6-d301288e14ba',NULL,NULL,80,'good',NULL,1,'2015-10-02 17:38:17'),('3b551607-6192-11e5-80ec-3144c40ae251','4f77031e-6a21-4633-8be2-3ce74f491453','52ee5963-bd49-4ce7-9a07-740aa8bbd389',NULL,NULL,70,'还ok',NULL,1,'2015-10-04 12:48:22'),('4eaa0ed8-6844-11e5-b9ec-154b3d4ed029','eb4a6ec9-07bf-4cb7-a7da-2539651bc703','5d7a0eea-5dec-4d05-91b6-d301288e14ba',NULL,NULL,88,'很好',NULL,1,'2015-10-02 17:38:31'),('4eb1907c-6844-11e5-b9ec-154b3d4ed029','eb4a6ec9-07bf-4cb7-a7da-2539651bc703','52ee5963-bd49-4ce7-9a07-740aa8bbd389',NULL,NULL,NULL,NULL,NULL,2,NULL),('84c02def-6ca4-11e5-91d3-71d5d9be2ea9','e6ebb1ca-2e95-4c0c-bb4a-65bba289fb34','5d7a0eea-5dec-4d05-91b6-d301288e14ba',NULL,NULL,0,NULL,NULL,2,NULL),('84ccfbf2-6ca4-11e5-91d3-71d5d9be2ea9','e6ebb1ca-2e95-4c0c-bb4a-65bba289fb34','52ee5963-bd49-4ce7-9a07-740aa8bbd389',NULL,NULL,0,NULL,NULL,2,NULL),('c1852dc3-6b26-11e5-91d3-71d5d9be2ea9','e2ee4150-fcc9-4094-a8d2-bd973c296dc3','5d7a0eea-5dec-4d05-91b6-d301288e14ba',NULL,NULL,80,'ok',NULL,1,'2015-10-05 14:21:17'),('c18bbe3e-6b26-11e5-91d3-71d5d9be2ea9','e2ee4150-fcc9-4094-a8d2-bd973c296dc3','52ee5963-bd49-4ce7-9a07-740aa8bbd389',NULL,NULL,0,NULL,NULL,2,NULL);
/*!40000 ALTER TABLE `job_lines` ENABLE KEYS */;
UNLOCK TABLES;

--
-- Table structure for table `job_order`
--

DROP TABLE IF EXISTS `job_order`;
/*!40101 SET @saved_cs_client     = @@character_set_client */;
/*!40101 SET character_set_client = utf8 */;
CREATE TABLE `job_order` (
  `jobOrderId` varchar(36) NOT NULL DEFAULT '0',
  `classId` varchar(36) NOT NULL,
  `courseId` varchar(36) NOT NULL,
  `teacherId` varchar(36) NOT NULL,
  `homeWorkName` varchar(45) NOT NULL,
  `endDate` timestamp NOT NULL DEFAULT CURRENT_TIMESTAMP,
  `startDate` timestamp NOT NULL DEFAULT CURRENT_TIMESTAMP,
  `homeWorkDescripton` varchar(200) DEFAULT NULL,
  `homeWorkDocument` varchar(45) DEFAULT NULL,
  `createdDate` timestamp NOT NULL DEFAULT '0000-00-00 00:00:00',
  `last_update_date` date DEFAULT NULL,
  `orderType` varchar(4) DEFAULT NULL,
  `branchNo` int(11) DEFAULT NULL,
  `orderStatus` int(2) DEFAULT '4',
  `submittedNum` int(2) DEFAULT NULL,
  PRIMARY KEY (`jobOrderId`,`teacherId`) USING BTREE
) ENGINE=InnoDB DEFAULT CHARSET=utf8 COMMENT='作业单表（发布作业）-主表\n';
/*!40101 SET character_set_client = @saved_cs_client */;

--
-- Dumping data for table `job_order`
--

LOCK TABLES `job_order` WRITE;
/*!40000 ALTER TABLE `job_order` DISABLE KEYS */;
INSERT INTO `job_order` VALUES ('e2ee4150-fcc9-4094-a8d2-bd973c296dc3','b34ace94-8c16-4583-9c36-190f8faf80a5','8f8a73b8-2415-401b-8c09-0056e83b4165','a6ca2381-1578-41ac-b826-b7c6691ae577','写作练习2','2015-10-08 06:25:00','2015-10-05 06:03:00','写作练习2',NULL,'0000-00-00 00:00:00',NULL,'9',NULL,4,NULL),('e6ebb1ca-2e95-4c0c-bb4a-65bba289fb34','b34ace94-8c16-4583-9c36-190f8faf80a5','8f8a73b8-2415-401b-8c09-0056e83b4165','a6ca2381-1578-41ac-b826-b7c6691ae577','文学概论（一）','2015-10-15 01:30:00','2015-10-07 03:36:00','文学概论（一）',NULL,'0000-00-00 00:00:00',NULL,'9',NULL,4,NULL),('ffd6023e-2dcc-4240-ba42-968aa97bc120','4a0f101d-511c-4ab5-994a-e91719d1689e','53c11ded-a6de-41ad-81af-8f3f2ad9deb1','a6ca2381-1578-41ac-b826-b7c6691ae577','中国语言发展历史','2015-10-10 07:30:00','2015-10-07 03:26:00','中国语言发展历史',NULL,'0000-00-00 00:00:00',NULL,'9',NULL,4,NULL);
/*!40000 ALTER TABLE `job_order` ENABLE KEYS */;
UNLOCK TABLES;

--
-- Table structure for table `provinces`
--

DROP TABLE IF EXISTS `provinces`;
/*!40101 SET @saved_cs_client     = @@character_set_client */;
/*!40101 SET character_set_client = utf8 */;
CREATE TABLE `provinces` (
  `province_id` int(11) NOT NULL AUTO_INCREMENT,
  `province` varchar(11) DEFAULT NULL,
  PRIMARY KEY (`province_id`)
) ENGINE=InnoDB AUTO_INCREMENT=36 DEFAULT CHARSET=utf8 ROW_FORMAT=COMPACT COMMENT='省份';
/*!40101 SET character_set_client = @saved_cs_client */;

--
-- Dumping data for table `provinces`
--

LOCK TABLES `provinces` WRITE;
/*!40000 ALTER TABLE `provinces` DISABLE KEYS */;
INSERT INTO `provinces` VALUES (1,'北京'),(2,'上海'),(3,'天津'),(4,'重庆'),(5,'黑龙江'),(6,'吉林'),(7,'辽宁'),(8,'山东'),(9,'山西'),(10,'陕西'),(11,'河北'),(12,'河南'),(13,'湖北'),(14,'湖南'),(15,'海南'),(16,'江苏'),(17,'江西'),(18,'广东'),(19,'广西'),(20,'云南'),(21,'贵州'),(22,'四川'),(23,'内蒙古'),(24,'宁夏'),(25,'甘肃'),(26,'青海'),(27,'西藏'),(28,'新疆'),(29,'安徽'),(30,'浙江'),(31,'福建'),(32,'台湾'),(33,'香港'),(34,'澳门'),(35,'国外');
/*!40000 ALTER TABLE `provinces` ENABLE KEYS */;
UNLOCK TABLES;

--
-- Table structure for table `student`
--

DROP TABLE IF EXISTS `student`;
/*!40101 SET @saved_cs_client     = @@character_set_client */;
/*!40101 SET character_set_client = utf8 */;
CREATE TABLE `student` (
  `student_id` int(20) NOT NULL COMMENT 'login with the student_id',
  `class_id` int(20) NOT NULL COMMENT 'foreign key for class_id',
  `dept_id` int(20) NOT NULL COMMENT 'foreign key for depement_id',
  `student_code` varchar(45) DEFAULT NULL,
  `student_name` varchar(45) DEFAULT NULL,
  `student_password` varchar(45) DEFAULT NULL,
  `telphone_num` int(20) DEFAULT NULL,
  `email` varchar(45) DEFAULT NULL,
  `created_by` varchar(45) DEFAULT NULL,
  `created_date` date DEFAULT NULL,
  `last_update_by` varchar(45) DEFAULT NULL,
  `last_update_date` date DEFAULT NULL,
  PRIMARY KEY (`student_id`)
) ENGINE=InnoDB DEFAULT CHARSET=utf8 COMMENT='save the info about student';
/*!40101 SET character_set_client = @saved_cs_client */;

--
-- Dumping data for table `student`
--

LOCK TABLES `student` WRITE;
/*!40000 ALTER TABLE `student` DISABLE KEYS */;
INSERT INTO `student` VALUES (6,1,1,'409190206','小明','123.0',123123123,'30524928@qq.com',NULL,NULL,NULL,NULL),(7,1,1,'409190207','BOB6','123.0',123123123,'30524928@qq.com',NULL,NULL,NULL,NULL),(409190201,1,1,'409190201','BOB','123.0',123123123,'30524928@qq.com',NULL,NULL,NULL,NULL),(409190202,1,1,'409190202','BOB1','123.0',123123123,'30524928@qq.com',NULL,NULL,NULL,NULL),(409190203,1,1,'409190203','BOB2','123.0',123123123,'30524928@qq.com',NULL,NULL,NULL,NULL),(409190204,1,1,'409190204','BOB3','123.0',123123123,'30524928@qq.com',NULL,NULL,NULL,NULL),(409190205,1,1,'409190205','BOB4','123.0',123123123,'30524928@qq.com',NULL,NULL,NULL,NULL),(409190206,1,1,'409190206','小明','123.0',123123123,'30524928@qq.com',NULL,NULL,NULL,NULL),(409190207,1,1,'409190207','BOB6','123.0',123123123,'30524928@qq.com',NULL,NULL,NULL,NULL),(409190208,1,1,'409190208','BOB','123.0',123123123,'30524928@qq.com',NULL,NULL,NULL,NULL),(409190209,1,1,'409190202','BOB1','123.0',123123123,'30524928@qq.com',NULL,NULL,NULL,NULL),(409190210,1,1,'409190203','BOB2','123.0',123123123,'30524928@qq.com',NULL,NULL,NULL,NULL),(409190211,1,1,'409190204','BOB3','123.0',123123123,'30524928@qq.com',NULL,NULL,NULL,NULL),(409190212,1,1,'409190205','BOB4','123.0',123123123,'30524928@qq.com',NULL,NULL,NULL,NULL),(409190213,1,1,'409190206','小明','123.0',123123123,'30524928@qq.com',NULL,NULL,NULL,NULL),(409190214,1,1,'409190207','BOB6','123.0',123123123,'30524928@qq.com',NULL,NULL,NULL,NULL);
/*!40000 ALTER TABLE `student` ENABLE KEYS */;
UNLOCK TABLES;

--
-- Table structure for table `subject`
--

DROP TABLE IF EXISTS `subject`;
/*!40101 SET @saved_cs_client     = @@character_set_client */;
/*!40101 SET character_set_client = utf8 */;
CREATE TABLE `subject` (
  `subject_id` varchar(45) NOT NULL,
  `subject_name` varchar(100) DEFAULT NULL,
  `subject_desciption` varchar(200) DEFAULT NULL,
  `dept_id` varchar(45) NOT NULL,
  PRIMARY KEY (`subject_id`)
) ENGINE=InnoDB DEFAULT CHARSET=utf8;
/*!40101 SET character_set_client = @saved_cs_client */;

--
-- Dumping data for table `subject`
--

LOCK TABLES `subject` WRITE;
/*!40000 ALTER TABLE `subject` DISABLE KEYS */;
INSERT INTO `subject` VALUES ('1415571858232','注册会计师',NULL,'1415571858220');
/*!40000 ALTER TABLE `subject` ENABLE KEYS */;
UNLOCK TABLES;

--
-- Table structure for table `test`
--

DROP TABLE IF EXISTS `test`;
/*!40101 SET @saved_cs_client     = @@character_set_client */;
/*!40101 SET character_set_client = utf8 */;
CREATE TABLE `test` (
  `a` char(1) DEFAULT NULL
) ENGINE=InnoDB DEFAULT CHARSET=latin1;
/*!40101 SET character_set_client = @saved_cs_client */;

--
-- Dumping data for table `test`
--

LOCK TABLES `test` WRITE;
/*!40000 ALTER TABLE `test` DISABLE KEYS */;
/*!40000 ALTER TABLE `test` ENABLE KEYS */;
UNLOCK TABLES;

--
-- Table structure for table `university`
--

DROP TABLE IF EXISTS `university`;
/*!40101 SET @saved_cs_client     = @@character_set_client */;
/*!40101 SET character_set_client = utf8 */;
CREATE TABLE `university` (
  `university_id` int(11) NOT NULL AUTO_INCREMENT,
  `university` varchar(255) DEFAULT NULL,
  `province_id` int(11) DEFAULT NULL,
  PRIMARY KEY (`university_id`)
) ENGINE=InnoDB AUTO_INCREMENT=34007 DEFAULT CHARSET=utf8 ROW_FORMAT=COMPACT COMMENT='大学';
/*!40101 SET character_set_client = @saved_cs_client */;

--
-- Dumping data for table `university`
--

LOCK TABLES `university` WRITE;
/*!40000 ALTER TABLE `university` DISABLE KEYS */;
INSERT INTO `university` VALUES (1001,'清华大学',1),(1002,'北京大学',1),(1003,'中国人民大学',1),(1004,'北京航空航天大学',1),(1005,'北京邮电大学',1),(1006,'北京师范大学',1),(1007,'中国传媒大学',1),(1008,'北京语言大学',1),(1009,'北京科技大学',1),(1010,'中国农业大学',1),(1011,'北京理工大学',1),(1012,'北京林业大学',1),(1013,'北京交通大学',1),(1014,'中国矿业大学（北京）',1),(1015,'北京信息科技大学',1),(1016,'北京工业大学',1),(1017,'北京化工大学',1),(1018,'中国政法大学',1),(1019,'对外经贸大学',1),(1020,'中央民族大学',1),(1021,'中国地质大学（北京）',1),(1022,'中科院',1),(1023,'北京中医药大学',1),(1024,'首都经济贸易大学',1),(1025,'中央财经大学',1),(1026,'北方工业大学',1),(1027,'中国石油大学（北京）',1),(1028,'外交学院',1),(1029,'首都师范大学',1),(1030,'中央戏剧学院',1),(1031,'中国青年政治学院',1),(1032,'北京外国语大学',1),(1033,'华北电力大学（北京）',1),(1034,'中国人民公安大学',1),(1035,'中国协和医科大学',1),(1036,'北京体育大学',1),(1037,'北京工商大学',1),(1038,'北京联合大学',1),(1039,'首都医科大学',1),(1040,'国际关系学院',1),(1041,'中央美术学院',1),(1042,'北京电子科技学院',1),(1043,'中国劳动关系学院',1),(1044,'中华女子学院',1),(1045,'北京建筑工程学院',1),(1046,'北京印刷学院',1),(1047,'北京石油化工学院',1),(1048,'首钢工学院',1),(1049,'北京农学院',1),(1050,'首都体育学院',1),(1051,'北京第二外国语学院',1),(1052,'北京物资学院',1),(1053,'北京警察学院',1),(1054,'中央音乐学院',1),(1055,'中国戏曲学院',1),(1056,'北京舞蹈学院',1),(1057,'北京城市学院',1),(1058,'北京电影学院',1),(1059,'北京服装学院',1),(1060,'北京工商大学嘉华学院',1),(1061,'首都师范大学科德学院',1),(1062,'北京工业大学耿丹学院',1),(1063,'北京化工大学北方学院',1),(1064,'北京联合大学广告学院',1),(1065,'北京邮电大学世纪学院',1),(1066,'北京大学医学部',1),(1067,'北京政法职业学院',1),(1068,'北京信息职业技术学院',1),(1069,'北京现代职业技术学院',1),(1070,'北京现代音乐研修学院',1),(1071,'北京戏曲艺术职业学院',1),(1072,'北京锡华国际经贸职业学院',1),(1073,'北京盛基艺术学校',1),(1074,'北京培黎职业学院',1),(1075,'北京农业职业学院',1),(1076,'北京科技职业学院',1),(1077,'北京科技经营管理学院',1),(1078,'北京经贸职业学院',1),(1079,'北京经济技术职业学院',1),(1080,'北京京北职业技术学院',1),(1081,'北京交通职业技术学院',1),(1082,'北京吉利大学',1),(1083,'北京汇佳职业学院',1),(1084,'北京工业职业技术学院',1),(1085,'北京工商管理专修学院',1),(1086,'北京电子科技职业学院',1),(1087,'北京财贸职业学院',1),(1088,'北京北大方正软件技术学院',1),(1089,'北大资源美术学院',1),(1090,'北京人文大学',1),(1091,'北京高等秘书学院',1),(1092,'北京应用技术大学',1),(1093,'中国防卫科技学院',1),(1094,'中国音乐学院',1),(1095,'中国信息大学',1),(1096,'北京青年政治学院',1),(1097,'北京财经专修学院',1),(1098,'北京经济管理职业学院',1),(1099,'北京美国英语语言学院',1),(1100,'中国管理软件学院',1),(1101,'财政部财政科学研究所',1),(1102,'北大资源学院',1),(1103,'北京现代管理大学',1),(1104,'网络销售大学',1),(1105,'朝阳二外',1),(2001,'复旦大学',2),(2002,'上海交通大学',2),(2003,'同济大学',2),(2004,'华东师大',2),(2005,'上海财经',2),(2006,'华东理工',2),(2007,'上海商学院',2),(2008,'东华大学',2),(2009,'上海理工',2),(2010,'上海大学',2),(2011,'上外',2),(2012,'上海海事',2),(2013,'上海工程',2),(2014,'上海水产',2),(2015,'上海中医药',2),(2016,'上海师大',2),(2017,'建桥学院',2),(2018,'上海政法',2),(2019,'上海电机',2),(2020,'上海二工大',2),(2021,'上海应用技术学院',2),(2022,'上海电力',2),(2023,'上海外贸',2),(2024,'上海金融',2),(2025,'上海立信会计学院',2),(2026,'上海体院',2),(2027,'上海音乐学院',2),(2028,'上戏',2),(2029,'杉达学院',2),(2030,'华东政法大学',2),(2031,'上外贤达经济人文学院',2),(2032,'同济大学同科学院',2),(2033,'上海师范大学天华学院',2),(2034,'上海东方文化职业学院',2),(2035,'上海工商学院',2),(2036,'复旦大学上海视觉艺术学院',2),(2037,'复旦大学上海医学院',2),(2038,'复旦大学太平洋金融学院',2),(2039,'上海邦德职业技术学院',2),(2040,'上海诚信学院',2),(2041,'上海城市管理职业技术学院',2),(2042,'上海出版印刷高等专科学校',2),(2043,'上海电影艺术职业学院',2),(2044,'上海电子信息职业技术学院',2),(2045,'上海东海职业技术学院',2),(2046,'上海工会管理职业学院',2),(2047,'上海工商外国语学院',2),(2048,'上海工艺美术职业学院',2),(2049,'上海公安高等专科学校',2),(2050,'上海海关学院',2),(2051,'上海海事职业技术学院',2),(2052,'上海济光职业技术学院',2),(2053,'上海建峰职业技术学院',2),(2054,'上海交通职业技术学院',2),(2055,'上海科学技术职业学院',2),(2056,'上海立达职业技术学院',2),(2057,'上海旅游高等专科学校',2),(2058,'上海民远职业技术学院',2),(2059,'上海农林职业技术学院',2),(2060,'上海欧华职业技术学院',2),(2061,'上海思博职业技术学院',2),(2062,'上海托普信息技术学院',2),(2063,'上海新侨职业技术学院',2),(2064,'上海行健职业学院',2),(2065,'上海医疗器械高等专科学校',2),(2066,'上海医药高等专科学校',2),(2067,'上海震旦职业学院',2),(2068,'上海中华职业技术学院',2),(2069,'上海中侨职业技术学院',2),(2070,'上海纺织工业职工大学',2),(3001,'南开大学',3),(3002,'天津大学',3),(3003,'河北工大',3),(3004,'天津师大',3),(3005,'天津工大',3),(3006,'天津科大',3),(3007,'天津理工',3),(3008,'天津医大',3),(3009,'天津中医药',3),(3010,'天津财经',3),(3011,'中国民航大学',3),(3012,'天津城市建设学院',3),(3013,'天津农院',3),(3014,'天津工程师范',3),(3015,'天外',3),(3016,'天津商业大学',3),(3017,'天津体院',3),(3018,'天津音乐学院',3),(3019,'天津美院',3),(3020,'民办天狮职业技术学院',3),(3021,'天津滨海职业技术学院',3),(3022,'天津渤海职业技术学院',3),(3023,'天津城市建设管理职业技术学院',3),(3024,'天津城市职业学院',3),(3025,'天津电子信息职业技术学院',3),(3026,'天津对外经济贸易职业学院',3),(3027,'天津工程职业技术学院',3),(3028,'天津工商职业技术学院',3),(3029,'天津工业职业技术学院',3),(3030,'天津工艺美术职业学院',3),(3031,'天津公安警官职业学院',3),(3032,'天津海运职业学院',3),(3033,'天津机电职业技术学院',3),(3034,'天津交通职业学院',3),(3035,'天津开发区职业技术学院',3),(3036,'天津青年职业学院',3),(3037,'天津轻工职业技术学院',3),(3038,'天津生物工程职业技术学院',3),(3039,'天津石油职业技术学院',3),(3040,'天津铁道职业技术学院',3),(3041,'天津现代职业技术学院',3),(3042,'天津冶金职业技术学院',3),(3043,'天津医学高等专科学校',3),(3044,'天津艺术职业学院',3),(3045,'天津职业大学',3),(3046,'天津中德职业技术学院',3),(3047,'天津市工会管理干部学院',3),(3048,'天津外国语学院滨海外事学院',3),(3049,'天津体育学院运动与文化艺术学院',3),(3050,'天津商学院宝德学院',3),(3051,'天津医科大学临床医学院',3),(3052,'北京科技大学天津学院',3),(3053,'天津师范大学津沽学院',3),(3054,'天津理工大学中环信息学院',3),(3055,'天津大学仁爱学院',3),(3056,'天津财经大学珠江学院',3),(3057,'南开大学滨海学院',3),(4001,'重庆大学',4),(4002,'西南大学',4),(4003,'重庆师大',4),(4004,'西南政法',4),(4005,'重庆交大',4),(4006,'重庆邮电大学',4),(4007,'重庆医大',4),(4008,'重庆工商',4),(4009,'重庆科技学院',4),(4010,'重庆工学院',4),(4011,'长江师范学院',4),(4012,'四川外国语',4),(4013,'四川美院',4),(4014,'重庆三峡学院',4),(4015,'重庆文理',4),(4016,'重庆巴渝职业技术学院',4),(4017,'重庆城市职业学院',4),(4018,'重庆电力高等专科学校',4),(4019,'重庆电子科技职业学院',4),(4020,'重庆电子职业技术学院',4),(4021,'重庆工程职业技术学院',4),(4022,'重庆工商职业学院',4),(4023,'重庆工业职业技术学院',4),(4024,'重庆光彩职业技术学院',4),(4025,'重庆海联职业技术学院',4),(4026,'重庆机电职业技术学院',4),(4027,'重庆警官职业学院',4),(4028,'重庆民生职业技术学院',4),(4029,'重庆三峡医药高等专科学校',4),(4030,'重庆三峡职业学院',4),(4031,'重庆水利电力职业技术学院',4),(4032,'重庆信息技术职业学院',4),(4033,'重庆医药高等专科学校',4),(4034,'重庆正大软件职业技术学院',4),(4035,'重庆职业技术学院',4),(4036,'重庆教育学院',4),(4037,'重庆应用外国语专修学院',4),(4038,'重庆大学城市科技学院',4),(4039,'西南大学育才学院',4),(4040,'四川外语学院重庆南方翻译学院',4),(4041,'重庆师范大学涉外商贸学院',4),(4042,'重庆工商大学融智学院',4),(4043,'重庆工商大学派斯学院',4),(4044,'重庆邮电大学移通学院',4),(4045,'重庆工贸职业技术学院',4),(4046,'重庆青年职业技术学院',4),(4047,'重庆城市管理职业学院',4),(5001,'哈工大',5),(5002,'哈工程',5),(5003,'东北林大',5),(5004,'东北农大',5),(5005,'哈尔滨医科大',5),(5006,'黑龙江中医药',5),(5007,'黑工程',5),(5008,'黑龙江科技大学',5),(5009,'哈尔滨学院',5),(5010,'哈尔滨体院',5),(5011,'东方学院',5),(5012,'黑龙江大学',5),(5013,'哈尔滨商业大学',5),(5014,'哈师大',5),(5015,'哈理工',5),(5016,'佳木斯大学',5),(5017,'齐齐哈尔大学',5),(5018,'齐齐哈尔医学院',5),(5019,'黑龙江八一农垦大学',5),(5020,'大庆石油',5),(5021,'大庆师范学院',5),(5022,'牡丹江医学院',5),(5023,'牡丹江师范',5),(5024,'绥化学院',5),(5025,'黑河学院',5),(5026,'大庆医学高等专科学校',5),(5027,'大庆职业学院',5),(5028,'大兴安岭职业学院',5),(5029,'哈尔滨电力职业技术学院',5),(5030,'哈尔滨华夏计算机职业技术学院',5),(5031,'哈尔滨金融高等专科学校',5),(5032,'哈尔滨铁道职业技术学院',5),(5033,'哈尔滨现代公共关系职业学院',5),(5034,'哈尔滨职业技术学院',5),(5035,'鹤岗师范高等专科学校',5),(5036,'黑龙江北开职业技术学院',5),(5037,'黑龙江工商职业技术学院',5),(5038,'黑龙江公安警官职业学院',5),(5039,'黑龙江建筑职业技术学院',5),(5040,'黑龙江林业职业技术学院',5),(5041,'黑龙江旅游职业技术学院',5),(5042,'黑龙江煤炭职业技术学院',5),(5043,'黑龙江民族职业学院',5),(5044,'黑龙江农垦林业职业技术学院',5),(5045,'黑龙江农垦农业职业技术学院',5),(5046,'黑龙江农垦职业学院',5),(5047,'黑龙江农业工程职业学院',5),(5048,'黑龙江农业经济职业学院',5),(5049,'黑龙江农业职业技术学院',5),(5050,'黑龙江三江美术职业学院',5),(5051,'黑龙江商业职业学院',5),(5052,'黑龙江生态工程职业学院',5),(5053,'黑龙江生物科技职业学院',5),(5054,'黑龙江司法警官职业学院',5),(5055,'黑龙江信息技术职业学院',5),(5056,'黑龙江畜牧兽医职业学院',5),(5057,'黑龙江艺术职业学院',5),(5058,'鸡西大学',5),(5059,'牡丹江大学',5),(5060,'七台河职业学院',5),(5061,'齐齐哈尔高等师范专科学校',5),(5062,'齐齐哈尔职业学院',5),(5063,'伊春职业学院',5),(5064,'哈尔滨师范大学阿城学院',5),(5065,'黑龙江工程学院',5),(5066,'黑龙江省政法管理干部学院',5),(5067,'黑龙江交通职业技术学院',5),(5068,'哈尔滨应用职业技术学院',5),(5069,'黑龙江省教育学院',5),(5070,'哈尔滨理工大学远东学院',5),(5071,'哈尔滨师范大学呼兰学院',5),(5072,'哈尔滨师范大学恒星学院',5),(5073,'哈尔滨商业大学德强商务学院',5),(5074,'大庆石油学院华瑞学院',5),(5075,'东北农业大学成栋学院',5),(5076,'黑龙江大学剑桥学院',5),(5077,'哈尔滨商业大学广厦学院',5),(5078,'哈尔滨工业大学华德应用技术学院',5),(5079,'鹤岗矿务局职工大学',5),(5080,'哈尔滨市职工医学院',5),(5081,'佳木斯教育学院',5),(5082,'黑龙江幼儿师范高等专科学校',5),(5083,'哈尔滨外国语学院',5),(6001,'吉林大学',6),(6002,'东北师范大学',6),(6003,'长春大学',6),(6004,'吉林农大',6),(6005,'长春中医药',6),(6006,'东北电力大学',6),(6007,'吉林化工',6),(6008,'吉林建筑',6),(6009,'长春工程学院',6),(6010,'长春师范学院',6),(6011,'吉林工程师范',6),(6012,'吉林华桥外语',6),(6013,'长春税务',6),(6014,'吉林体院',6),(6015,'吉林艺术学院',6),(6016,'长春工大',6),(6017,'长春理工',6),(6018,'延边大学',6),(6019,'北华大学',6),(6020,'吉林农业科技学院',6),(6021,'吉林医药学院',6),(6022,'吉林师范',6),(6023,'白城师范学院',6),(6024,'通化师范',6),(6025,'白城医学高等专科学校',6),(6026,'长春东方职业学院',6),(6027,'长春金融高等专科学校',6),(6028,'长春汽车工业高等专科学校',6),(6029,'长春信息技术职业学院',6),(6030,'长春医学高等专科学校',6),(6031,'长春职业技术学院',6),(6032,'东北师范大学人文学院',6),(6033,'吉林工商学院—财经校区',6),(6034,'吉林大学—莱姆顿学院',6),(6035,'吉林电子信息职业技术学院',6),(6036,'吉林对外经贸职业学院',6),(6037,'吉林工业职业技术学院',6),(6038,'吉林公安高等专科学校',6),(6039,'吉林交通职业技术学院',6),(6040,'吉林工商学院—工程校区',6),(6041,'吉林农业工程职业技术学院',6),(6042,'吉林工商学院—商贸校区',6),(6043,'吉林司法警官职业学院',6),(6044,'辽源职业技术学院',6),(6045,'四平职业大学',6),(6046,'松原职业技术学院',6),(6047,'吉林省教育学院',6),(6048,'吉林经济管理干部学院',6),(6049,'长春大学光华学院',6),(6050,'长春大学旅游学院',6),(6051,'长春工业大学人文信息学院',6),(6052,'吉林艺术学院动画学院',6),(6053,'长春理工大学光电信息学院',6),(6054,'长春税务学院信息经济学院',6),(6055,'吉林农业大学发展学院',6),(6056,'吉林师范大学博达学院',6),(6057,'吉林铁道职业技术学院',6),(6058,'白城职业技术学院',6),(6059,'吉林建筑工程学院建筑装饰学院',6),(6060,'吉林建筑工程学院城建学院',6),(7001,'大连理工',7),(7002,'东北大学',7),(7003,'辽宁大学',7),(7004,'大连海事',7),(7005,'东北财经',7),(7006,'大连大学',7),(7007,'大连交大',7),(7008,'大连医大',7),(7009,'辽宁师大',7),(7010,'大连民族',7),(7011,'大连工大',7),(7012,'大连水产',7),(7013,'大连外国语学院',7),(7014,'辽宁外经贸',7),(7015,'沈阳大学',7),(7016,'沈阳理工',7),(7017,'沈阳工大',7),(7018,'沈阳建筑',7),(7019,'沈阳农大',7),(7020,'辽宁中医药',7),(7021,'沈阳药科',7),(7022,'沈阳师范',7),(7023,'中国刑警学院',7),(7024,'沈阳化工',7),(7025,'沈阳航空工业学院',7),(7026,'沈阳工程',7),(7027,'沈阳医学院',7),(7028,'沈阳体院',7),(7029,'鲁迅美院',7),(7030,'沈阳音乐学院',7),(7031,'中国医科大',7),(7032,'辽宁工大',7),(7033,'辽宁石化',7),(7034,'鞍山科大',7),(7035,'鞍山师范学院',7),(7036,'渤海大学',7),(7037,'辽宁工业大学',7),(7038,'辽宁医学院',7),(7039,'辽宁科技学院',7),(7040,'辽东学院',7),(7041,'鞍山市高等职业专科学校',7),(7042,'渤海船舶职业学院',7),(7043,'渤海大学文理学院',7),(7044,'朝阳师范高等专科学校',7),(7045,'大连东软信息学院',7),(7046,'大连翻译职业技术学院',7),(7047,'大连枫叶职业技术学院',7),(7048,'大连软件职业学院',7),(7049,'大连商务职业学院',7),(7050,'大连艺术职业学院',7),(7051,'大连职业技术学院',7),(7052,'抚顺师范高等专科学校',7),(7053,'抚顺职业技术学院',7),(7054,'阜新高等专科学校',7),(7055,'锦州商务职业学院',7),(7056,'锦州师范高等专科学校',7),(7057,'辽宁广播电视大学',7),(7058,'辽宁广告职业学院',7),(7059,'辽宁机电职业技术学院',7),(7060,'辽宁交通高等专科学校',7),(7061,'沈阳大学师范学院',7),(7062,'辽宁金融职业学院',7),(7063,'辽宁经济职业技术学院',7),(7064,'辽宁警官高等专科学校',7),(7065,'辽宁科技大学',7),(7066,'辽宁林业职业技术学院',7),(7067,'辽宁美术职业学院',7),(7068,'辽宁农业职业技术学院',7),(7069,'辽宁商贸职业学院',7),(7070,'辽宁石化职业技术学院',7),(7071,'大连广播电视大学',7),(7072,'辽宁体育运动职业技术学院',7),(7073,'辽宁信息职业技术学院',7),(7074,'辽阳职业技术学院',7),(7075,'盘锦职业技术学院',7),(7076,'沈阳航空职业技术学院',7),(7077,'沈阳职业技术学院',7),(7078,'辽宁职业学院',7),(7079,'铁岭师范高等专科学校',7),(7080,'营口职业技术学院',7),(7081,'沈阳广播电视大学',7),(7082,'青岛峻通科技专修学院',7),(7083,'辽河石油职业技术学院',7),(7084,'青岛广播电视大学',7),(7085,'沈阳航空工业学院北方科技学院',7),(7086,'沈阳理工大学应用技术学院',7),(7087,'大连工业大学艺术与信息工程学院',7),(7088,'大连交通大学信息工程学院',7),(7089,'沈阳建筑大学城市建设学院',7),(7090,'辽宁科技大学信息技术学院',7),(7091,'辽宁石油化工大学顺华能源学院',7),(7092,'沈阳化工学院科亚学院',7),(7093,'沈阳农业大学科学技术学院',7),(7094,'中国医科大学临床医药学院',7),(7095,'大连医科大学中山学院',7),(7096,'辽宁医学院医疗学院',7),(7097,'辽宁中医药大学杏林学院',7),(7098,'沈阳医学院何氏视觉科学学院',7),(7099,'辽宁师范大学海华学院',7),(7100,'东北财经大学津桥商学院',7),(7101,'沈阳师范大学渤海学院',7),(7102,'大连理工大学城市学院',7),(7103,'沈阳大学科技工程学院',7),(7104,'辽宁装备制造职业技术学院',7),(7105,'辽宁文化艺术职工大学',7),(7106,'辽宁公安司法管理干部学院',7),(7107,'沈阳工业大学工程学院',7),(8001,'山东大学',8),(8002,'中国海洋大学',8),(8003,'济南大学',8),(8004,'山东建筑大学',8),(8005,'山东师大',8),(8006,'山东经济学院',8),(8007,'山东中医药',8),(8008,'山东轻工',8),(8009,'山东交通学院',8),(8010,'山东警院',8),(8011,'山东体院',8),(8012,'山东艺术学院',8),(8013,'山东工美',8),(8014,'曲阜师大',8),(8015,'烟台大学',8),(8016,'鲁东大学',8),(8017,'山东工商',8),(8018,'南山学院',8),(8019,'青岛大学',8),(8020,'山东科大',8),(8021,'青岛科大',8),(8022,'青岛理工',8),(8023,'青岛农业大学',8),(8024,'滨海学院',8),(8025,'中国石油大学华东',8),(8026,'聊城大学',8),(8027,'山东理工',8),(8028,'潍坊医学院',8),(8029,'潍坊学院',8),(8030,'泰山医学院',8),(8031,'山东财政',8),(8032,'泰山学院',8),(8033,'山东农大',8),(8034,'滨州医学院',8),(8035,'滨州学院',8),(8036,'济宁医学院',8),(8037,'临沂师范',8),(8038,'德州学院',8),(8039,'枣庄学院',8),(8040,'菏泽学院',8),(8041,'滨州职业学院',8),(8042,'德州教育学院',8),(8043,'德州科技职业学院',8),(8044,'东营职业学院',8),(8045,'哈工大(威海)',8),(8046,'菏泽医学专科学校',8),(8047,'济南工程职业技术学院',8),(8048,'济南铁道职业技术学院',8),(8049,'济南职业学院',8),(8050,'济宁学院',8),(8051,'济宁职业技术学院',8),(8052,'莱芜职业技术学院',8),(8053,'聊城职业技术学院',8),(8054,'青岛飞洋职业技术学院',8),(8055,'青岛港湾职业技术学院',8),(8056,'青岛恒星职业技术学院',8),(8057,'青岛黄海职业学院',8),(8058,'青岛求实学院',8),(8059,'青岛求实职业技术学院',8),(8060,'青岛远洋船员学院',8),(8061,'青岛职业技术学院',8),(8062,'曲阜远东职业技术学院',8),(8063,'日照职业技术学院',8),(8064,'山东大王职业学院',8),(8065,'山东大学威海分校',8),(8066,'山东电力高等专科学校',8),(8067,'山东电子职业技术学院',8),(8068,'山东纺织职业学院',8),(8069,'山东服装职业学院',8),(8070,'山东工业职业学院',8),(8071,'山东华宇职业技术学院',8),(8072,'山东化工职业学院',8),(8073,'山东交通职业学院',8),(8074,'山东经贸职业学院',8),(8075,'山东军星职业技术学院',8),(8076,'山东凯文科技职业学院',8),(8077,'山东科技职业学院',8),(8078,'山东劳动职业技术学院',8),(8079,'山东力明科技职业学院',8),(8080,'山东旅游职业学院',8),(8081,'山东铝业职业学院',8),(8082,'山东商业职业技术学院',8),(8083,'山东胜利职业学院',8),(8084,'山东省青岛酒店管理学院',8),(8085,'山东水利职业技术学院',8),(8086,'山东省潍坊艺术学校',8),(8087,'山东圣翰财贸职业学院',8),(8088,'山东水利职业学院',8),(8089,'山东水利专科学校',8),(8090,'山东丝绸纺织职业学院',8),(8091,'山东外国语职业学院',8),(8092,'山东外贸职业学院',8),(8093,'山东外事翻译学院威海分校',8),(8094,'山东外事翻译职业学院',8),(8095,'山东万杰医学高等专科学校',8),(8096,'山东威海财经专修学院',8),(8097,'山东威海外国语进修学院',8),(8098,'山东现代职业学院',8),(8099,'山东协和职业技术学院',8),(8100,'山东信息职业技术学院',8),(8101,'山东行政学院(山东经济管理干部学院)',8),(8102,'山东杏林科技职业学院',8),(8103,'山东畜牧兽医职业学院',8),(8104,'山东药品食品职业学院',8),(8105,'山东医学高等专科学校',8),(8106,'山东英才职业技术学院',8),(8107,'山东政法学院',8),(8108,'山东中医药高等专科学校',8),(8109,'泰山职业技术学院',8),(8110,'万杰科技学院',8),(8111,'威海市广播电视大学',8),(8112,'威海市交通学校',8),(8113,'威海职业(技术)学院',8),(8114,'威海中加国际工商学院',8),(8115,'潍坊工商职业学院',8),(8116,'潍坊教育学院',8),(8117,'潍坊科技职业学院',8),(8118,'潍坊职业学院',8),(8119,'文登师范',8),(8120,'烟台职业学院',8),(8121,'枣庄科技职业学院',8),(8122,'中国石油大学(华东)东营校区',8),(8123,'淄博广播电视大学',8),(8124,'淄博恒星外国语学院',8),(8125,'淄博科技职业学院',8),(8126,'淄博师专',8),(8127,'淄博职业学院',8),(8128,'山东省教育学院',8),(8129,'山东技师学院',8),(8130,'日照广播电视大学',8),(8131,'中华女子学院山东分院',8),(8132,'山东城市建设职业学院',8),(8133,'烟台工程职业技术学院',8),(8134,'山东商务职业学院',8),(8135,'烟台汽车工程职业学院',8),(8136,'山东省农业管理干部学院',8),(8137,'山东省青年管理干部学院',8),(8138,'山东省工会管理干部学院',8),(8139,'山东广播电视大学',8),(8140,'德州职业技术学院',8),(8141,'中国石油大学胜利学院',8),(8142,'烟台大学文经学院',8),(8143,'青岛理工大学琴岛学院',8),(8144,'山东科技大学泰山科技学院',8),(8145,'中国海洋大学青岛学院',8),(8146,'山东经济学院燕山学院',8),(8147,'青岛农业大学海都学院',8),(8148,'曲阜师范大学杏坛学院',8),(8149,'山东财政学院东方学院',8),(8150,'山东师范大学历山学院',8),(8151,'聊城大学东昌学院',8),(8152,'济南大学泉城学院',8),(8153,'中国农业大学（烟台校区）',8),(8154,'日照师范学校',8),(8155,'山东艺术设计学院',8),(8156,'滨州技术学院',8),(8157,'山东省贸易职工大学',8),(8158,'山东冶金技术学院',8),(8159,'山东省济宁市技术学院',8),(8160,'济南广播电视大学',8),(9001,'山西大学',9),(9002,'太原理工',9),(9003,'中北大学',9),(9004,'山西医大',9),(9005,'山西中医学院',9),(9006,'太原师范',9),(9007,'太原科大',9),(9008,'山西财经',9),(9009,'山西师大',9),(9010,'山西农大',9),(9011,'大同大学',9),(9012,'长治医学院',9),(9013,'长治学院',9),(9014,'运城学院',9),(9015,'晋中学院',9),(9016,'忻州师范',9),(9017,'北岳职业技术学院',9),(9018,'长治职业技术学院',9),(9019,'晋城职业技术学院',9),(9020,'晋中职业技术学院',9),(9021,'临汾职业技术学院',9),(9022,'潞安职业技术学院',9),(9023,'吕梁高等专科学校',9),(9024,'山西财贸职业技术学院',9),(9025,'山西财政税务专科学校',9),(9026,'山西电力职业技术学院',9),(9027,'山西工程职业技术学院',9),(9028,'山西工商职业学院',9),(9029,'山西管理职业学院',9),(9030,'山西国际商务职业学院',9),(9031,'山西华澳商贸职业学院',9),(9032,'山西机电职业技术学院',9),(9033,'山西建筑职业技术学院',9),(9034,'山西交通职业技术学院',9),(9035,'山西金融职业技术学院',9),(9036,'山西警官高等专科学校',9),(9037,'山西警官职业学院',9),(9038,'山西林业职业技术学院',9),(9039,'山西旅游职业学院',9),(9040,'山西煤炭职业技术学院',9),(9041,'山西生物应用职业技术学院',9),(9042,'山西水利职业技术学院',9),(9043,'山西体育职业学院',9),(9044,'山西同文外语职业学院',9),(9045,'山西戏剧职业学院',9),(9046,'山西信息职业技术学院',9),(9047,'山西兴华职业学院',9),(9048,'山西艺术职业学院',9),(9049,'山西运城农业职业技术学院',9),(9050,'山西运城学院',9),(9051,'山西综合职业技术学院',9),(9052,'太原城市职业技术学院',9),(9053,'太原大学',9),(9054,'太原电力高等专科学校',9),(9055,'太原旅游职业学院',9),(9056,'忻州职业技术学院',9),(9057,'阳泉职业技术学院',9),(9058,'山西广播电影电视管理干部学院',9),(9059,'山西城市职业技术学院',9),(9060,'运城农业学院',9),(9061,'山西广播电视大学',9),(9062,'晋中学院师范学院',9),(9063,'朔州职业技术学院',9),(9064,'山西农业大学平遥机电学院',9),(9065,'山西农业大学信息学院',9),(9066,'山西农业大学太原畜牧兽医学院',9),(9067,'山西农业大学太原园艺学院（太原农业学校）',9),(9068,'山西农业大学原平农学院（原平农业学校）',9),(9069,'太原科技大学运城工学院（运城工学院）',9),(9070,'山西财经大学运城学院',9),(9071,'山西医科大学汾阳分院',9),(9072,'山西医科大学晋祠学院',9),(9073,'太原科技大学华科学院',9),(9074,'山西财经大学华商学院',9),(9075,'中北大学信息商务学院',9),(9076,'山西师范大学现代文理学院',9),(9077,'忻州师范学院五寨分院（五寨师范学院）',9),(9078,'山西大学商务学院',9),(9079,'太原工业学院',9),(9080,'山西经济管理干部学院',9),(10001,'西安交大',10),(10002,'长安大学',10),(10003,'西北工大',10),(10004,'西北大学',10),(10005,'陕西师大',10),(10006,'西安电子科大',10),(10007,'西安理工',10),(10008,'西安科大',10),(10009,'西安工大',10),(10010,'西外',10),(10011,'西邮',10),(10012,'西安医学院',10),(10013,'西安财经',10),(10014,'西北政法',10),(10015,'西安体院',10),(10016,'西安美院',10),(10017,'西安音乐学院',10),(10018,'西安文理学院',10),(10019,'西京学院',10),(10020,'西安翻译学院',10),(10021,'培华学院',10),(10022,'欧亚学院',10),(10023,'西安外事',10),(10024,'西安石油',10),(10025,'西安建筑科大',10),(10026,'第四军医大学',10),(10027,'西安电子科技大学高等职业技术学院',10),(10028,'西北工业大学明德学院',10),(10029,'陕西师范大学高等职业技术学院',10),(10030,'长安大学兴华学院',10),(10031,'延安大学',10),(10032,'陕西中医学院',10),(10033,'咸阳师范学院',10),(10034,'陕西科大',10),(10035,'宝鸡文理学院',10),(10036,'渭南师范',10),(10037,'陕西理工',10),(10038,'榆林学院',10),(10039,'商洛学院',10),(10040,'安康学院',10),(10041,'西北农林科大',10),(10042,'安康职业技术学院',10),(10043,'宝鸡职业技术学院',10),(10044,'汉中职业技术学院',10),(10045,'陕西财经职业技术学院',10),(10046,'陕西电子科技职业学院',10),(10047,'陕西电子信息职业技术学院',10),(10048,'陕西纺织服装职业技术学院',10),(10049,'陕西服装艺术职业学院',10),(10050,'陕西工业职业技术学院',10),(10051,'陕西国防工业职业技术学院',10),(10052,'陕西国际商贸职业学院',10),(10053,'陕西航空职业技术学院',10),(10054,'陕西交通职业技术学院',10),(10055,'陕西经济管理职业技术学院',10),(10056,'陕西警官职业学院',10),(10057,'陕西旅游烹饪职业学院',10),(10058,'陕西能源职业技术学院',10),(10059,'陕西青年职业学院',10),(10060,'陕西铁路工程职业技术学院',10),(10061,'陕西邮电职业技术学院',10),(10062,'陕西职业技术学院',10),(10063,'商洛职业技术学院',10),(10064,'铜川职业技术学院',10),(10065,'渭南职业技术学院',10),(10066,'西安电力高等专科学校',10),(10067,'西安东方亚太职业技术学院',10),(10068,'西安高新科技职业学院',10),(10069,'西安工程大学',10),(10070,'西安海棠职业学院',10),(10071,'西安航空技术高等专科学校',10),(10072,'西安航空职业技术学院',10),(10073,'西安科技商贸职业学院',10),(10074,'西安汽车科技职业学院',10),(10075,'西安三资职业学院',10),(10076,'西安思源学院',10),(10077,'西安铁路职业技术学院',10),(10078,'西安职业技术学院',10),(10079,'咸阳职业技术学院',10),(10080,'延安职业技术学院',10),(10081,'杨凌职业技术学院',10),(10082,'陕西银行学校',10),(10083,'西安机电信息技术学院',10),(10084,'陕西教育学院',10),(10085,'陕西省旅游学校',10),(10086,'西安铁路工程职工大学',10),(10087,'西安华西专修大学',10),(10088,'西安航空职工大学',10),(10089,'西安建筑科技大学华清学院',10),(10090,'西安财经学院行知学院',10),(10091,'陕西科技大学镐京学院',10),(10092,'西安工业大学北方信息工程学院',10),(10093,'延安大学西安创新学院',10),(10094,'西安电子科技大学长安学院',10),(10095,'西安理工大学高科学院',10),(10096,'西安科技大学高新学院',10),(10097,'西安交通大学城市学院',10),(10098,'西北大学现代学院',10),(11001,'河北大学',11),(11002,'河北农大',11),(11003,'中央司法警官学院',11),(11004,'石家庄铁院',11),(11005,'石家庄经院',11),(11006,'河北师大',11),(11007,'河北科技',11),(11008,'河北医科',11),(11009,'河北经贸',11),(11010,'河北体院',11),(11011,'石家庄学院',11),(11012,'燕山大学',11),(11013,'河北科师',11),(11014,'河北理工',11),(11015,'华北煤炭医学',11),(11016,'唐山学院',11),(11017,'唐山师范',11),(11018,'华北航工',11),(11019,'廊坊师范',11),(11020,'防灾科技学院',11),(11021,'华北科技',11),(11022,'河北建工',11),(11023,'北方学院',11),(11024,'承德医学院',11),(11025,'邢台学院',11),(11026,'河北工程',11),(11027,'邯郸学院',11),(11028,'衡水学院',11),(11029,'保定电力职业技术学院',11),(11030,'保定科技职业学院',11),(11031,'河北金融学院',11),(11032,'保定学院',11),(11033,'保定职业技术学院',11),(11034,'渤海石油职业学院',11),(11035,'沧州师范专科学校',11),(11036,'沧州医学高等专科学校',11),(11037,'沧州职业技术学院',11),(11038,'河北旅游职业学院',11),(11039,'承德民族师范高等专科学校',11),(11040,'承德石油高等专科学校',11),(11041,'大庆石油学院秦皇岛分院',11),(11042,'东北大学秦皇岛校区',11),(11043,'邯郸职业技术学院',11),(11044,'河北大学医学部',11),(11045,'河北工程技术高等专科学校',11),(11046,'河北工业职业技术学院',11),(11047,'河北公安警察职业学院',11),(11048,'河北化工医药职业技术学院',11),(11049,'河北机电职业技术学院',11),(11050,'河北建材职业技术学院',11),(11051,'河北交通职业技术学院',11),(11052,'河北京都高尔夫职业学院',11),(11053,'河北农业大学',11),(11054,'河北农业大学海洋学院',11),(11055,'河北女子职业技术学院',11),(11056,'河北软件职业技术学院',11),(11057,'河北省艺术职业学院',11),(11058,'河北石油职业技术学院',11),(11059,'河北司法警官职业学院',11),(11060,'河北通信职业技术学院',11),(11061,'河北远东职业技术学院',11),(11062,'河北政法管理干部学院',11),(11063,'河北职业技术学院',11),(11064,'衡水职业技术学院',11),(11065,'华北电力大学(保定)',11),(11066,'监督管理局',11),(11067,'廊坊大学城北大方正软件学院',11),(11068,'廊坊东方大学城北京澳际联邦英语学校',11),(11069,'廊坊东方大学城北京财经学院',11),(11070,'廊坊东方大学城北京城市学院',11),(11071,'廊坊东方大学城北京传媒学院',11),(11072,'廊坊东方大学城北京经济技术职业学院',11),(11073,'廊坊东方大学城北京经贸职业学院航空服务学院',11),(11074,'廊坊东方大学城北京联合大学',11),(11075,'廊坊东方大学城北京中医药大学中专部',11),(11076,'廊坊东方大学城河北体育学院',11),(11077,'廊坊东方大学城廊坊职业技术学院',11),(11078,'秦皇岛教育学院',11),(11079,'秦皇岛外国语职业学院',11),(11080,'秦皇岛职业技术学院',11),(11081,'石家庄东方美术职业学院',11),(11082,'石家庄法商职业学院',11),(11083,'石家庄工商职业学院',11),(11084,'石家庄计算机职业学院',11),(11085,'石家庄科技信息职业学院',11),(11086,'石家庄联合技术职业学院',11),(11087,'石家庄铁路职业技术学院',11),(11088,'石家庄外国语职业学院',11),(11089,'石家庄外经贸职业学院',11),(11090,'石家庄外语翻译职业学院',11),(11091,'石家庄信息工程职业学院',11),(11092,'石家庄医学高等专科学校',11),(11093,'河北传媒学院',11),(11094,'石家庄邮电职业技术学院',11),(11095,'石家庄职业技术学院',11),(11096,'唐山工业职业技术学院',11),(11097,'唐山广播电视大学',11),(11098,'唐山科技职业技术学院',11),(11099,'唐山职业技术学院',11),(11100,'邢台医学高等专科学校',11),(11101,'邢台职业技术学院',11),(11102,'张家口职业技术学院',11),(11103,'中国地质大学长城学院',11),(11104,'中国环境管理干部学院',11),(11105,'中国民航管理干部学院',11),(11106,'张家口教育学院',11),(11107,'河北能源职业技术学院',11),(11108,'承德卫生学校',11),(11109,'邯郸中原外国语职业学院',11),(11110,'河北师范大学汇华学院',11),(11111,'华北煤炭医学院冀唐学院',11),(11112,'河北医科大学临床学院',11),(11113,'河北农业大学现代科技学院',11),(11114,'石家庄铁道学院四方学院',11),(11115,'燕山大学里仁学院',11),(11116,'河北工程大学科信学院',11),(11117,'河北理工大学轻工学院',11),(11118,'河北大学工商学院',11),(11119,'河北经贸大学经济管理学院',11),(12001,'郑州大学',12),(12002,'河南工业',12),(12003,'河南农大',12),(12004,'华北水利水电',12),(12005,'郑州轻工',12),(12006,'郑州航空工业',12),(12007,'黄河科技',12),(12008,'中原工学院',12),(12009,'河南中医学院',12),(12010,'河南财经',12),(12011,'河南大学',12),(12012,'河南科技大学',12),(12013,'洛阳师院',12),(12014,'安阳工学院',12),(12015,'安阳师院',12),(12016,'南阳理工',12),(12017,'南阳师院',12),(12018,'平顶山工学院',12),(12019,'平顶山学院',12),(12020,'新乡医学院',12),(12021,'河南科技学院',12),(12022,'河南师大',12),(12023,'信阳师院',12),(12024,'商丘师院',12),(12025,'周口师院',12),(12026,'黄淮学院',12),(12027,'许昌学院',12),(12028,'河南理工',12),(12029,'河南财政税务高等专科学校',12),(12030,'河南工程学院',12),(12031,'河南工业贸易职业学院',12),(12032,'河南工业职业技术学院',12),(12033,'河南公安高等专科学校',12),(12034,'河南广播影视学院',12),(12035,'河南机电高等专科学校',12),(12036,'河南检察职业学院',12),(12037,'河南交通职业技术学院',12),(12038,'河南教育学院',12),(12039,'河南经贸职业学院',12),(12040,'河南农业职业学院',12),(12041,'河南商业高等专科学校',12),(12042,'河南省工商行政管理广播电视大学',12),(12043,'河南省政法管理干部学院',12),(12044,'河南司法警官职业学院',12),(12045,'河南新华电脑学院',12),(12046,'河南职业技术学院',12),(12047,'河南质量工程职业学院',12),(12048,'鹤壁职业技术学院',12),(12049,'黄河水利职业技术学院',12),(12050,'济源职业技术学院',12),(12051,'焦作大学',12),(12052,'焦作师范高等专科学校',12),(12053,'开封大学',12),(12054,'开封市电子科技专修学校',12),(12055,'洛阳大学',12),(12056,'洛阳理工学院',12),(12057,'漯河医学高等专科学校',12),(12058,'漯河职业技术学院',12),(12059,'南阳医学高等专科学校',12),(12060,'平顶山教育学院',12),(12061,'平顶山职业技术学院',12),(12062,'平原大学',12),(12063,'濮阳职业技术学院',12),(12064,'三门峡职业技术学院',12),(12065,'商丘科技职业学院',12),(12066,'商丘医学高等专科学校',12),(12067,'商丘职业技术学院',12),(12068,'嵩山少林武术职业学院',12),(12069,'铁道警官高等专科学校',12),(12070,'新乡师范高等专科学校',12),(12071,'新乡市教育学院',12),(12072,'信阳农业高等专科学校',12),(12073,'信阳职业技术学院',12),(12074,'许昌职业技术学院',12),(12075,'永城职业学院',12),(12076,'郑州大学西亚斯国际学院',12),(12077,'郑州电力高等专科学校',12),(12078,'郑州电子信息职业技术学院',12),(12079,'郑州工业安全职业学院',12),(12080,'郑州华信职业技术学院',12),(12081,'郑州交通学院',12),(12082,'郑州经贸职业学院',12),(12083,'郑州科技职业学院',12),(12084,'郑州旅游职业学院',12),(12085,'郑州牧业工程高等专科学校',12),(12086,'郑州师范高等专科学校',12),(12087,'郑州澍青医学高等专科学校',12),(12088,'郑州铁路职业技术学院',12),(12089,'郑州信息科技职业学院',12),(12090,'郑州职业技术学院',12),(12091,'中州大学',12),(12092,'周口职业技术学院',12),(12093,'郑州大学升达经贸管理学院',12),(12094,'河南建筑职工大学',12),(12095,'洛阳工业高等专科学校',12),(12096,'河南职工医学院',12),(12097,'河南科技学院新科学院',12),(12098,'河南理工大学万方科技学院',12),(12099,'中原工学院信息商务学院',12),(12100,'安阳师范学院人文管理学院',12),(12101,'河南农业大学华豫学院',12),(12102,'河南财经学院成功学院',12),(12103,'开封教育学院',12),(12104,'河南政法管理干部学院',12),(12105,'河南卫生职工学院',12),(12106,'河南省建筑职工大学',12),(12107,'河南大学民生学院',12),(12108,'河南师范大学新联学院',12),(12109,'新乡医学院三全学院',12),(12110,'信阳师范学院华锐学院',12),(13001,'武汉大学',13),(13002,'华中科大',13),(13003,'华中农大',13),(13004,'武汉理工',13),(13005,'中国地质大学（武汉）',13),(13006,'中南财经政法',13),(13007,'中南民族大学',13),(13008,'华中师大',13),(13009,'武汉工业学院',13),(13010,'武汉科技学院',13),(13011,'湖北中医学院',13),(13012,'湖北经济学院',13),(13013,'湖北警官学院',13),(13014,'武汉体院',13),(13015,'湖北美院',13),(13016,'武汉音乐学院',13),(13017,'武汉生物工程学院',13),(13018,'湖北工大',13),(13019,'湖北大学',13),(13020,'江汉大学',13),(13021,'武汉工大',13),(13022,'武汉科大',13),(13023,'长江大学',13),(13024,'三峡大学',13),(13025,'湖北汽院',13),(13026,'郧阳医学院',13),(13027,'孝感学院',13),(13028,'湖北师范学院',13),(13029,'黄石理工',13),(13030,'黄冈师院',13),(13031,'湖北民族学院',13),(13032,'襄樊学院',13),(13033,'咸宁学院',13),(13034,'长江工程职业技术学院',13),(13035,'长江职业学院',13),(13036,'鄂东职业技术学院',13),(13037,'鄂州大学',13),(13038,'恩施职业技术学院',13),(13039,'湖北财经高等专科学校',13),(13040,'湖北财税职业学院',13),(13041,'湖北城市建设职业技术学院',13),(13042,'湖北工业大学商贸学院',13),(13043,'湖北国土资源职业学院',13),(13044,'湖北黄石机电职业技术学院',13),(13045,'湖北交通职业技术学院',13),(13046,'湖北第二师范学院',13),(13047,'湖北经济管理干部学院',13),(13048,'湖北开放职业学院',13),(13049,'湖北民族学院科技学院',13),(13050,'湖北轻工职业技术学院',13),(13051,'湖北三峡职业技术学院',13),(13052,'湖北生态工程职业技术学院',13),(13053,'湖北生物科技职业学院',13),(13054,'湖北省水利水电职业技术学院',13),(13055,'湖北师范学院文理学院',13),(13056,'湖北艺术职业学院',13),(13057,'湖北职业技术学院',13),(13058,'湖北中医药高等专科学校',13),(13059,'黄冈科技职业学院',13),(13060,'黄冈职业技术学院',13),(13061,'江汉艺术职业学院',13),(13062,'荆楚理工学院',13),(13063,'荆州职业技术学院',13),(13064,'沙市职业大学',13),(13065,'沙洋师范高等专科学校',13),(13066,'十堰职业技术学院',13),(13067,'随州职业技术学院',13),(13068,'武汉船舶职业技术学院',13),(13069,'武汉电力职业技术学院',13),(13070,'武汉工程职业技术学院',13),(13071,'武汉工业职业技术学院',13),(13072,'武汉航海职业技术学院',13),(13073,'武汉交通职业学院',13),(13074,'武汉警官职业学院',13),(13075,'武汉科技职业学院',13),(13076,'武汉理工大学华夏学院',13),(13077,'武汉民政职业学院',13),(13078,'武汉软件工程职业学院',13),(13079,'武汉商贸学院',13),(13080,'武汉商业服务学院',13),(13081,'武汉时代职业学院',13),(13082,'武汉铁路职业技术学院',13),(13083,'武汉外语外事职业学院',13),(13084,'武汉信息传播职业技术学院',13),(13085,'武汉职业技术学院',13),(13086,'仙桃职业学院',13),(13087,'咸宁职业技术学院',13),(13088,'襄樊职业技术学院',13),(13089,'孝感学院新技术学院',13),(13090,'郧阳师范高等专科学校',13),(13091,'中南民族大学工商学院',13),(13092,'黄冈广播电视大学',13),(13093,'华中科技大学文华学院',13),(13094,'华中师范大学汉口分校',13),(13095,'湖北大学知行学院',13),(13096,'三峡大学科技学院',13),(13097,'武汉科技大学中南分校',13),(13098,'湖北工业大学工程技术学院',13),(13099,'武汉工业学院工商学院',13),(13100,'武汉工程大学邮电与信息工程学院　',13),(13101,'武汉科技学院外经贸学院',13),(13102,'江汉大学文理学院',13),(13103,'湖北汽车工业学院科技学院',13),(13104,'湖北经济学院法商学院　',13),(13105,'武汉体育学院体育科技学院',13),(13106,'郧阳医学院药护学院',13),(13107,'襄樊学院理工学院',13),(13108,'中国地质大学江城学院',13),(13109,'长江大学文理学院',13),(13110,'长江大学工程技术学院',13),(13111,'华中师范大学武汉影视工程学院',13),(13112,'武汉大学东湖分校',13),(13113,'中南财经政法武汉学院',13),(13114,'华中科技大学武昌分校　',13),(14001,'湖南师大',14),(14002,'中南大学',14),(14003,'湖南大学',14),(14004,'长沙理工',14),(14005,'湖南农大',14),(14006,'湖南中医药',14),(14007,'中南林业科大',14),(14008,'长沙学院',14),(14009,'长沙医学院',14),(14010,'湖南涉外经济',14),(14011,'湖南商学院',14),(14012,'湖南人文科技',14),(14013,'湘潭大学',14),(14014,'湖南科大',14),(14015,'湖南工程学院',14),(14016,'南华大学',14),(14017,'吉首大学',14),(14018,'湖南工大',14),(14019,'湖南城市',14),(14020,'湖南理工学院',14),(14021,'湘南学院',14),(14022,'衡阳师院',14),(14023,'湖南文理',14),(14024,'怀化学院',14),(14025,'湖南科技学院',14),(14026,'邵阳学院',14),(14027,'保险职业学院',14),(14028,'长沙电力职业技术学院',14),(14029,'长沙航空职业学院',14),(14030,'长沙环境保护职业技术学院',14),(14031,'长沙民政职业技术学院',14),(14032,'长沙南方职业学院',14),(14033,'长沙商贸旅游职业技术学院',14),(14034,'长沙师范专科学校',14),(14035,'长沙通信职业技术学院',14),(14036,'长沙职工大学',14),(14037,'长沙职业技术学院',14),(14038,'常德职业技术学院',14),(14039,'郴州职业技术学院',14),(14040,'衡阳财经工业职业技术学院',14),(14041,'湖南安全技术职业学院',14),(14042,'湖南财经高等专科学校',14),(14043,'湖南城建职业技术学院',14),(14044,'湖南大众传媒学院',14),(14045,'湖南第一师范',14),(14046,'湖南对外经济贸易职业学院',14),(14047,'湖南工程职业技术学院',14),(14048,'湖南工学院',14),(14049,'湖南工业职业技术学院',14),(14050,'湖南工艺美术职业学院',14),(14051,'湖南公安高等专科学校',14),(14052,'湖南广播电视大学',14),(14053,'湖南化工职业技术学院',14),(14054,'湖南环境生物职业技术学院',14),(14055,'湖南机电职业技术学院',14),(14056,'湖南建材高等专科学校',14),(14057,'湖南交通工程职业技术学院',14),(14058,'湖南交通职业技术学院',14),(14059,'湖南经济干部管理学院',14),(14060,'湖南九嶷职业技术学院',14),(14061,'湖南科技经贸职业学院',14),(14062,'湖南科技职业技术学院',14),(14063,'湖南理工职业技术学院',14),(14064,'湖南娄底远东职业学校',14),(14065,'湖南民族职业学院',14),(14066,'湖南农业大学国际学院',14),(14067,'湖南女子大学',14),(14068,'湖南软件职业技术学院',14),(14069,'湖南商务职业技术学院',14),(14070,'湖南生物环境职业技术学院',14),(14071,'湖南生物机电职业技术学院',14),(14072,'湖南省水利水电职业技术学院',14),(14073,'湖南石油化工职业技术学院',14),(14074,'湖南税务高等专科学校',14),(14075,'湖南司法警官职业技术学院',14),(14076,'湖南体育职业学院',14),(14077,'湖南铁道职业技术学院',14),(14078,'湖南铁路科技职业技术学院',14),(14079,'湖南同德职业学院',14),(14080,'湖南网络工程职业学院',14),(14081,'湖南现代物流职业技术学院',14),(14082,'湖南信息科学职业学院',14),(14083,'湖南信息职业技术学院',14),(14084,'湖南行政学院',14),(14085,'湖南冶金职业技术学院',14),(14086,'湖南艺术职业学院',14),(14087,'湖南中医药高等专科学校',14),(14088,'怀化医学高等专科学校',14),(14089,'怀化职业技术学院',14),(14090,'娄底理工学院',14),(14091,'娄底市卫生学校',14),(14092,'娄底职业技术学院',14),(14093,'邵阳医学高等专科学校',14),(14094,'邵阳职业技术学院',14),(14095,'湘潭职业技术学院',14),(14096,'湘西民族职业技术学院',14),(14097,'潇湘职业学院',14),(14098,'益阳职业技术学院',14),(14099,'永州职业技术学院',14),(14100,'岳阳职业技术学院',14),(14101,'张家界航空工业职业技术学院',14),(14102,'株洲师范高等专科学校',14),(14103,'株洲职业技术学院',14),(14104,'湘潭大学兴湘学院',14),(14105,'湖南工业大学科技学院',14),(14106,'湖南科技大学潇湘学院',14),(14107,'南华大学船山学院',14),(14108,'湖南商学院北津学院',14),(14109,'湖南师范大学树达学院',14),(14110,'湖南农业大学东方科技学院',14),(14111,'中南林业科技大学涉外学院',14),(14112,'湖南文理学院芙蓉学院',14),(14113,'湖南理工学院南湖学院',14),(14114,'衡阳师范学院南岳学院',14),(14115,'湖南工程学院应用技术学院',14),(14116,'湖南中医药大学湘杏学院',14),(14117,'吉首大学张家界学院',14),(14118,'长沙理工大学城南学院',14),(14119,'湖南都市职业学院',14),(14120,'湖南电子科技职业学院',14),(14121,'湖南外国语职业学院',14),(15001,'海南大学',15),(15002,'海南医学院',15),(15003,'海南师范大学',15),(15004,'华南热带农大',15),(15005,'琼州大学',15),(15006,'海口经济职业技术学院',15),(15007,'海南经贸职业技术学院',15),(15008,'海南软件职业技术学院',15),(15009,'海南外国语职业学院',15),(15010,'海南万和信息职业技术学院',15),(15011,'海南政法职业学院',15),(15012,'海南职业技术学院',15),(15013,'琼台师范高等专科学校',15),(15014,'三亚航空旅游职业学院',15),(15015,'三亚卓达旅游职业学院',15),(15016,'海南大学三亚学院',15),(16001,'南京大学',16),(16002,'河海大学',16),(16003,'南京师大',16),(16004,'南京理工',16),(16005,'东南大学',16),(16006,'南航',16),(16007,'南京财经',16),(16008,'南京医科大',16),(16009,'南京工大',16),(16010,'南京农大',16),(16011,'南京林大',16),(16012,'南邮',16),(16013,'南京信息工程大学',16),(16014,'南京中医药',16),(16015,'南京工程',16),(16016,'金陵科技学院',16),(16017,'晓庄学院',16),(16018,'南京审计学院',16),(16019,'江苏警官学院',16),(16020,'南京体院',16),(16021,'南京艺术学院',16),(16022,'三江学院',16),(16023,'中国药科大',16),(16024,'苏州大学',16),(16025,'江南大学',16),(16026,'中国矿大（徐州）',16),(16027,'徐州师大',16),(16028,'徐州工程',16),(16029,'徐州医学院',16),(16030,'扬州大学',16),(16031,'江苏大学',16),(16032,'江苏科大',16),(16033,'南通大学',16),(16034,'江苏工业',16),(16035,'常州工学院',16),(16036,'江苏技术师范',16),(16037,'淮阴工学院',16),(16038,'淮阴师范',16),(16039,'淮海工学院',16),(16040,'盐城工学院',16),(16041,'盐城师范学院',16),(16042,'常熟理工',16),(16043,'常州纺织服装职业技术学院',16),(16044,'常州工程职业技术学院',16),(16045,'常州机电职业技术学院',16),(16046,'常州轻工职业技术学院',16),(16047,'常州信息职业技术学院',16),(16048,'硅湖职业技术学院',16),(16049,'河海大学常州校区',16),(16050,'淮安信息职业技术学院',16),(16051,'建东职业技术学院',16),(16052,'健雄职业技术学院',16),(16053,'江海职业技术学院',16),(16054,'江南影视艺术职业学院',16),(16055,'江苏财经职业技术学院',16),(16056,'江苏海事职业技术学院',16),(16057,'江苏经贸职业技术学院',16),(16058,'江苏联合职业技术学院',16),(16059,'江苏农林职业技术学院',16),(16060,'江苏食品职业技术学院',16),(16061,'江苏信息职业技术学院',16),(16062,'江苏畜牧兽医职业技术学院',16),(16063,'江阴职业技术学院',16),(16064,'金肯职业技术学院',16),(16065,'金山职业技术学院',16),(16066,'九州职业技术学院',16),(16067,'昆山登云科技职业学院',16),(16068,'连云港师范高等专科学校',16),(16069,'连云港职业技术学院',16),(16070,'民办明达职业技术学院',16),(16071,'南京动力高等专科学校',16),(16072,'南京工业职业技术学院',16),(16073,'南京化工职业技术学院',16),(16074,'南京交通职业技术学院',16),(16075,'南京人口管理干部学院',16),(16076,'南京森林公安高等专科学校',16),(16077,'南京视觉艺术职业学院',16),(16078,'南京特殊教育职业技术学院',16),(16079,'南京铁道职业技术学院',16),(16080,'南京信息职业技术学院',16),(16081,'南通纺织职业技术学院',16),(16082,'南通航运职业技术学院',16),(16083,'南通农业职业技术学院',16),(16084,'南通职业大学',16),(16085,'培尔职业技术学院',16),(16086,'沙洲职业工学院',16),(16087,'苏州港大思培科技职业学院',16),(16088,'苏州工业园区职业技术学院',16),(16089,'苏州工业职业技术学院',16),(16090,'苏州工艺美术职业技术学院',16),(16091,'苏州经贸职业技术学院',16),(16092,'苏州科技大学',16),(16093,'苏州农业职业技术学院',16),(16094,'苏州托普信息职业技术学院',16),(16095,'苏州职业大学',16),(16096,'宿迁学院',16),(16097,'泰州师范高等专科学校',16),(16098,'泰州职业技术学院',16),(16099,'无锡城市职业技术学院',16),(16100,'无锡工艺职业技术学院',16),(16101,'无锡科技职业学院',16),(16102,'无锡南洋职业技术学院',16),(16103,'无锡轻工大学',16),(16104,'无锡商业职业技术学院',16),(16105,'无锡职业技术学院',16),(16106,'徐州工业职业技术学院',16),(16107,'徐州广播电视大学',16),(16108,'徐州建筑职业技术学院',16),(16109,'徐州教育学院',16),(16110,'徐州工程学院',16),(16111,'炎黄职业技术学院',16),(16112,'盐城纺织职业技术学院',16),(16113,'扬州工业职业技术学院',16),(16114,'扬州环境资源管理学院',16),(16115,'扬州环境资源职业技术学院',16),(16116,'扬州教育学院',16),(16117,'扬州职业大学',16),(16118,'应天职业技术学院',16),(16119,'镇江市高等专科学校',16),(16120,'正德职业技术学院',16),(16121,'中国传媒大学南广学院',16),(16122,'钟山职业技术学院',16),(16123,'紫琅职业技术学院',16),(16124,'江苏广播电视大学',16),(16125,'江苏教育学院',16),(16126,'徐州师范高等专科学校',16),(16127,'江苏省省级机关管理干部学院',16),(16128,'江苏职工医科大学',16),(16129,'苏州卫生职业技术学院',16),(16130,'盐城卫生职业技术学院',16),(16131,'金陵旅馆管理干部学院',16),(16132,'南京市广播电视大学',16),(17001,'江西财经',17),(17002,'南昌大学',17),(17003,'华东交通大学',17),(17004,'南昌航空大学',17),(17005,'南昌工程',17),(17006,'南昌理工',17),(17007,'江西中医学院',17),(17008,'江西科技师范学院',17),(17009,'蓝天学院',17),(17010,'江西农大',17),(17011,'江西师大',17),(17012,'东华理工大学',17),(17013,'景德镇陶瓷学院',17),(17014,'赣南医学院',17),(17015,'赣南师范学院',17),(17016,'江西理工',17),(17017,'上饶师范学院',17),(17018,'井冈山大学',17),(17019,'宜春学院',17),(17020,'九江学院',17),(17021,'抚州职业技术学院',17),(17022,'赣南教育学院',17),(17023,'赣西科技职业学院',17),(17024,'江西财经职业学院',17),(17025,'江西城市学院',17),(17026,'江西大宇学院',17),(17027,'江西电力职业技术学院',17),(17028,'江西服装职业技术学院',17),(17029,'江西赣江职业技术学院',17),(17030,'江西工程职业学院',17),(17031,'江西工业工程职业技术学院',17),(17032,'江西工业贸易职业技术学院',17),(17033,'江西工业职业技术学院',17),(17034,'江西公安专科学校',17),(17035,'江西航空职业技术学院',17),(17036,'江西护理职业技术学院',17),(17037,'江西环境工程职业学院',17),(17038,'江西机电职业技术学院',17),(17039,'江西建设职业技术学院',17),(17040,'江西交通职业技术学院',17),(17041,'江西教育学院',17),(17042,'江西经济管理干部学院',17),(17043,'江西经济管理职业学院',17),(17044,'江西科技职业学院',17),(17045,'江西旅游商贸职业学院',17),(17046,'江西南昌教育学院',17),(17047,'江西农业工程职业学院',17),(17048,'江西青年职业学院',17),(17049,'江西轻工职业技术学院',17),(17050,'江西生物科技职业学院',17),(17051,'江西省广播电视大学',17),(17052,'江西司法警官职业学院',17),(17053,'江西陶瓷工艺美术职业学院',17),(17054,'江西外语外贸职业学院',17),(17055,'江西先锋软件职业技术学院',17),(17056,'江西现代职业技术学院',17),(17057,'江西信息应用职业技术学院',17),(17058,'江西行政管理干部学院',17),(17059,'江西艺术职业学院',17),(17060,'江西应用技术职业学院',17),(17061,'江西渝州科技职业学院',17),(17062,'江西制造职业技术学院',17),(17063,'江西中医药高等专科学校',17),(17064,'景德镇高等专科学校',17),(17065,'九江职业大学',17),(17066,'九江职业技术学院',17),(17067,'南昌钢铁职工大学',17),(17068,'南昌师范高等专科学校',17),(17069,'南昌市业余大学',17),(17070,'南昌市职工科技大学',17),(17071,'萍乡高等专科学校',17),(17072,'上饶职业技术学院',17),(17073,'新余钢铁有限责任公司职工大学',17),(17074,'新余高等专科学校',17),(17075,'宜春职业技术学院',17),(17076,'鹰潭职业技术学院',17),(17077,'江西应用工程职业学院',17),(17078,'江西农业大学南昌商学院',17),(17079,'江西师范大学科学技术学院',17),(17080,'华东交通大学理工学院',17),(17081,'江西理工大学应用科学学院',17),(17082,'东华理工大学长江学院',17),(17083,'南昌航空大学科技学院',17),(17084,'江西中医学院科技学院',17),(17085,'江西财经大学现代经济管理学院',17),(17086,'赣南师范学院科技学院',17),(17087,'景德镇陶瓷学院科技艺术学院',17),(17088,'江西科技师范学院理工学院',17),(17089,'南昌大学共青学院',17),(17090,'南昌大学科学技术学院',17),(18001,'华南理工大学',18),(18002,'中山大学',18),(18003,'暨南大学',18),(18004,'华南师范大学',18),(18005,'广东工业大学',18),(18006,'华南农业大学',18),(18007,'广州大学',18),(18008,'广东外语外贸大学',18),(18009,'广州中医药大学',18),(18010,'南方医科大学',18),(18011,'仲恺农业技术学院',18),(18012,'广州医学院',18),(18013,'广东药学院',18),(18014,'广东金融学院',18),(18015,'广东商学院',18),(18016,'广东警官学院',18),(18017,'广州体育学院',18),(18018,'广州美术学院',18),(18019,'星海音乐学院',18),(18020,'广东技术师范学院',18),(18021,'广东培正学院',18),(18022,'广东白云学院',18),(18023,'深圳大学',18),(18024,'汕头大学',18),(18025,'五邑大学',18),(18026,'肇庆学院',18),(18027,'茂名学院',18),(18028,'东莞理工',18),(18029,'广东医学院',18),(18030,'湛江师范',18),(18031,'广东海洋',18),(18032,'韶关学院',18),(18033,'韩山师范',18),(18034,'嘉应学院',18),(18035,'惠州学院',18),(18036,'佛山科技学院',18),(18037,'中山大学南方学院',18),(18038,'广东外语外贸大学南国商学院',18),(18039,'华南理工大学广州汽车学院',18),(18040,'北京理工大学珠海学院',18),(18041,'北京师范大学珠海分校',18),(18042,'电子科技大学中山学院',18),(18043,'东莞理工学院城市学院',18),(18044,'东莞南博职业技术学院',18),(18045,'番禺职业技术学院',18),(18046,'佛山职业技术学院',18),(18047,'广东财经职业学院',18),(18048,'广东潮汕职业技术学院',18),(18049,'广东纺织职业技术学院',18),(18050,'广东工程职业技术学院',18),(18051,'广东工贸职业技术学院',18),(18052,'广东工业大学华立学院',18),(18053,'广东海洋大学寸金学院',18),(18054,'广东海洋大学海滨学院',18),(18055,'广东化工制药职业技术学院',18),(18056,'广东机电职业技术学院',18),(18057,'广东技术师范学院北校区',18),(18058,'广东建华职业学院',18),(18059,'广东建设职业技术学院',18),(18060,'广东交通职业技术学院',18),(18061,'广东教育学院',18),(18062,'广东科学技术职业学院',18),(18063,'广东理工职业学院',18),(18064,'广东岭南职业技术学院',18),(18065,'广东农工商职业技术学院',18),(18066,'广东女子职业技术学院',18),(18067,'广东轻工职业技术学院',18),(18068,'广东省新闻出版技师学院',18),(18069,'广东水利电力职业技术学院',18),(18070,'广东司法警官职业学院',18),(18071,'广东松山职业技术学院',18),(18072,'广东体育职业技术学院',18),(18073,'广东外语外贸大学公开学院',18),(18074,'广东外语艺术职业学院',18),(18075,'广东文艺职业学院',18),(18076,'广东新安职业技术学院',18),(18077,'广东行政职业学院',18),(18078,'广东亚视演艺职业学院',18),(18079,'广东邮电职业技术学院',18),(18080,'广州城市职业学院',18),(18081,'广州大学城建学院',18),(18082,'广州大学华软软件学院',18),(18083,'广州大学市政技术学院',18),(18084,'广州大学松田学院',18),(18085,'广州工程技术职业学院',18),(18086,'广州工商职业技术学院',18),(18087,'广州航海高等专科学校',18),(18088,'广州华立科技职业学院',18),(18089,'广州华南商贸职业学院',18),(18090,'广州康大职业技术学院',18),(18091,'广州科技贸易职业学院',18),(18092,'广州科技职业技术学院',18),(18093,'广州民航职业技术学院',18),(18094,'广州南洋理工职业学院',18),(18095,'广州涉外经济职业技术学院',18),(18096,'广州体育职业技术学院',18),(18097,'广州铁路职业技术学院',18),(18098,'广州现代信息工程职业技术学院',18),(18099,'河源职业技术学院',18),(18100,'华澳国际会计学院',18),(18101,'华南农业大学珠江学院',18),(18102,'华南师范大学增城学院',18),(18103,'惠州经济职业技术学院',18),(18104,'吉林大学珠海学院',18),(18105,'江门职业技术学院',18),(18106,'揭阳职业技术学院',18),(18107,'罗定职业技术学院',18),(18108,'茂名职业技术学院',18),(18109,'南华工商学院',18),(18110,'南海东软信息技术学院',18),(18111,'清远职业技术学院',18),(18112,'汕头职业技术学院',18),(18113,'汕尾职业技术学院',18),(18114,'深圳信息职业技术学院',18),(18115,'深圳振西科技学院',18),(18116,'深圳职业技术学院',18),(18117,'顺德职业技术学院',18),(18118,'私立华联学院',18),(18119,'阳江职业技术学院',18),(18120,'湛江技师学院',18),(18121,'湛江教育学院',18),(18122,'湛师基础教育学院',18),(18123,'肇庆工商职业技术学院',18),(18124,'肇庆科技职业技术学院',18),(18125,'肇庆医学高等专科学校',18),(18126,'中山火炬职业技术学院',18),(18127,'珠海城市职业技术学院',18),(18128,'珠海艺术职业学院',18),(18129,'遵义医学院珠海校区',18),(18130,'广东技术师范天河分院',18),(18131,'广东科学技术职业学院国防工大',18),(18132,'茂名广播电视大学',18),(18133,'广东石油化工职业技术学校',18),(18134,'中山大学新华学院',18),(18135,'广东商学院华商学院',18),(18136,'南开大学深圳金融工程学院',18),(18137,'北京师范大学－香港浸会大学联合国际学院',18),(18138,'广州金桥管理干部学院',18),(18139,'广州大学纺织服装学院',18),(18140,'华南师范大学南海校区',18),(18141,'暨南大学深圳旅游学院',18),(18142,'暨南大学珠海学院',18),(19001,'广西大学',19),(19002,'广西医科大学',19),(19003,'广西民族大学',19),(19004,'广西中医学院',19),(19005,'广西师范学院',19),(19006,'广西财经学院',19),(19007,'广西艺术学院',19),(19008,'桂林电子科技大学',19),(19009,'广西师范大学',19),(19010,'桂林工学院',19),(19011,'桂林医学院',19),(19012,'广西工学院',19),(19013,'右江民族医学院',19),(19014,'百色学院',19),(19015,'河池学院',19),(19016,'玉林师范学院',19),(19017,'钦州学院',19),(19018,'贺州学院',19),(19019,'梧州学院',19),(19020,'广西大学行健文理学院',19),(19021,'广西师范大学漓江学院',19),(19022,'桂林电子科技大学信息科技学院',19),(19023,'桂林工学院博文管理学院',19),(19024,'广西工学院鹿山学院',19),(19025,'广西师范学院师园学院',19),(19026,'广西民族大学相思湖学院',19),(19027,'广西中医学院赛恩斯新医药学院',19),(19028,'北海宏源足球职业学院',19),(19029,'北海艺术设计职业学院',19),(19030,'北海职业学院',19),(19031,'广西城市职业学院',19),(19032,'广西电力职业技术学院',19),(19033,'广西东方外语职业学院',19),(19034,'广西工商职业技术学院',19),(19035,'广西工业职业技术学院',19),(19036,'广西国际商务职业技术学院',19),(19037,'广西机电职业技术学院',19),(19038,'广西建设职业技术学院',19),(19039,'广西交通职业技术学院',19),(19040,'广西经济管理干部学院',19),(19041,'广西经贸职业技术学院',19),(19042,'广西警管高等专科学校',19),(19043,'广西农业职业技术学院',19),(19044,'广西轻工高级技工学校',19),(19045,'广西生态工程职业技术学院',19),(19046,'广西水利电力职业技术学院',19),(19047,'广西体育高等专科学校',19),(19048,'广西演艺职业学院',19),(19049,'广西英华国际职业学院',19),(19050,'广西邕江大学',19),(19051,'广西幼儿师范学校',19),(19052,'广西职业技术学院',19),(19053,'贵港职业学院',19),(19054,'桂林航天工业高等专科学校',19),(19055,'桂林旅游高等专科学校',19),(19056,'桂林山水职业学院',19),(19057,'桂林师范高等专科学校',19),(19058,'河池职业学院',19),(19059,'柳州师范高等专科学校',19),(19060,'柳州医学高等专科学校',19),(19061,'柳州运输职业技术学院',19),(19062,'柳州职业技术学院',19),(19063,'南宁师范高等专科学校',19),(19064,'南宁职业技术学院',19),(19065,'南宁地区教育学院',19),(19066,'北京航空航天大学北海学院',19),(19067,'桂林工学院南宁分院',19),(19068,'百色职业学院',19),(20001,'昆明理工',20),(20002,'云南农大',20),(20003,'云南师大',20),(20004,'云南财经',20),(20005,'云南民大',20),(20006,'西南林学院',20),(20007,'昆明医学院',20),(20008,'云南中医学院',20),(20009,'红河学院',20),(20010,'云南警官学院',20),(20011,'云南艺术',20),(20012,'云南大学',20),(20013,'曲靖师范',20),(20014,'玉溪师院',20),(20015,'楚雄师院',20),(20016,'大理学院',20),(20017,'保山师范高等专科学校',20),(20018,'保山中医药高等专科学校',20),(20019,'楚雄医药高等专科学校',20),(20020,'德宏师范高等专科学校',20),(20021,'云南大学滇池学院',20),(20022,'昆明大学',20),(20023,'昆明工业职业技术学院',20),(20024,'昆明师范高等专科学校',20),(20025,'昆明扬帆职业技术学院',20),(20026,'昆明冶金高等专科学校',20),(20027,'昆明艺术职业学院',20),(20028,'丽江师范高等专科学校',20),(20029,'曲靖医学高等专科学校',20),(20030,'思茅师范高等专科学校',20),(20031,'文山师范高等专科学校',20),(20032,'西双版纳职业技术学院',20),(20033,'玉溪农业职业技术学院',20),(20034,'云南爱因森软件职业学院',20),(20035,'云南北美职业学院',20),(20036,'云南广播电视大学',20),(20037,'云南国防工业职业技术学院',20),(20038,'云南国土资源职业学院',20),(20039,'云南机电职业技术学院',20),(20040,'云南交通职业技术学院',20),(20041,'云南经济管理职业学院',20),(20042,'云南科技信息职业技术学院',20),(20043,'云南林业职业技术学院',20),(20044,'云南能源职业技术学院',20),(20045,'云南农业职业技术学院',20),(20046,'云南热带作物职业学院',20),(20047,'云南省林业科学院',20),(20048,'云南师范大学商学院',20),(20049,'云南司法警官职业学院',20),(20050,'云南体育运动职业技术学院',20),(20051,'云南文化艺术职业学院',20),(20052,'云南新兴职业学院',20),(20053,'云南医学高等专科学校',20),(20054,'云南昭通师范专科学校',20),(20055,'昭通师范高等专科学校',20),(20056,'昆明学院',20),(20057,'昆明理工大学津桥学院',20),(20058,'云南师范大学文理学院',20),(20059,'昆明医学院海源学院',20),(20060,'云南艺术学院文华学院',20),(20061,'云南大学旅游文化学院',20),(20062,'临沧师范高等专科学校',20),(21001,'贵州大学',21),(21002,'贵阳医学院',21),(21003,'贵阳中医学院',21),(21004,'贵州财经',21),(21005,'贵州民族',21),(21006,'贵阳学院',21),(21007,'贵州师大',21),(21008,'铜仁学院',21),(21009,'遵义医学院',21),(21010,'遵义师范',21),(21011,'毕节学院',21),(21012,'黔南师院',21),(21013,'安顺学院',21),(21014,'凯里学院',21),(21015,'安顺职业技术学院',21),(21016,'贵州电力职业技术学院',21),(21017,'贵州电子信息职业技术学院',21),(21018,'贵州航天职业技术学院',21),(21019,'贵州鸿源管理工程职业学院',21),(21020,'贵州交通职业技术学院',21),(21021,'贵州警官职业学院',21),(21022,'贵州科技工程职业学院',21),(21023,'贵州理工职业技术学院',21),(21024,'贵州轻工职业技术学院',21),(21025,'贵州商业高等专科学校',21),(21026,'六盘水师范高等专科学校',21),(21027,'六盘水职业技术学院',21),(21028,'黔东南民族职业技术学院',21),(21029,'黔南民族医学高等专科学校',21),(21030,'黔南民族职业技术学院',21),(21031,'黔西南民族师范高等专科学校',21),(21032,'黔西南民族职业技术学院',21),(21033,'铜仁职业技术学院',21),(21034,'遵义医药高等专科学校',21),(21035,'遵义职业技术学院',21),(21036,'贵州财经学院商务学院',21),(21037,'贵州民族学院人文科技学院',21),(21038,'贵州师范大学求是学院',21),(21039,'贵阳医学院神奇民族医药学院',21),(21040,'遵义医学院医学与科技学院',21),(21041,'贵阳中医学院时珍学院',21),(21042,'贵州大学明德学院',21),(21043,'贵州大学科技学院',21),(21044,'贵阳护理职业学院',21),(21045,'贵州亚泰职业学院',21),(21046,'贵州教育学院',21),(22001,'四川大学',22),(22002,'四川农大',22),(22003,'电子科大',22),(22004,'西南交大',22),(22005,'成都理工',22),(22006,'四川师大',22),(22007,'西南民族大学',22),(22008,'成都大学',22),(22009,'西南财经',22),(22010,'西华大学',22),(22011,'成都中医药',22),(22012,'成都信息工程大学',22),(22013,'成都医学院',22),(22014,'四川文理学院',22),(22015,'成都体院',22),(22016,'四川音乐学院',22),(22017,'西南石油',22),(22018,'中国民航飞行学院',22),(22019,'四川理工',22),(22020,'泸州医学院',22),(22021,'四川警察学院',22),(22022,'川北医学院',22),(22023,'西华师大',22),(22024,'内江师范',22),(22025,'乐山师院',22),(22026,'绵阳师范',22),(22027,'西南科大',22),(22028,'西昌学院',22),(22029,'宜宾学院',22),(22030,'攀枝花学院',22),(22031,'阿坝师范高等专科学校',22),(22032,'成都电子机械高等专科学校',22),(22033,'成都东软信息技术职业学院',22),(22034,'成都纺织高等专科学校',22),(22035,'成都广播电视大学',22),(22036,'成都航空职业技术学院',22),(22037,'成都理工大学广播影视学院',22),(22038,'成都农业科技职业学院',22),(22039,'成都艺术职业学院',22),(22040,'成都职业技术学院',22),(22041,'达州职业技术学院',22),(22042,'电子科技大学成都学院',22),(22043,'广安职业技术学院',22),(22044,'康定民族师范高等专科学校',22),(22045,'乐山职业技术学院',22),(22046,'泸州职业技术学院',22),(22047,'眉山职业技术学院',22),(22048,'绵阳职业技术学院',22),(22049,'民办四川天一学院',22),(22050,'内江职业技术学院',22),(22051,'南充职业技术学院',22),(22052,'四川大学龙泉校区',22),(22053,'四川电力职业技术学院',22),(22054,'四川工程职业技术学院',22),(22055,'四川工商职业技术学院',22),(22056,'四川管理职业学院',22),(22057,'四川广播电视大学',22),(22058,'四川国际标榜职业学院',22),(22059,'四川航天职业技术学院',22),(22060,'四川华新现代职业学院',22),(22061,'四川化工职业技术学院',22),(22062,'四川机电职业技术学院',22),(22063,'四川建筑职业技术学院',22),(22064,'四川交通职业技术学院',22),(22065,'四川教育学院',22),(22066,'四川警安职业学院',22),(22067,'四川烹饪高等专科学校',22),(22068,'四川商务职业学院',22),(22069,'四川师范大学绵阳初等教育学院',22),(22070,'四川水利职业技术学院',22),(22071,'四川司法警官职业学院',22),(22072,'四川托普信息技术职业学院',22),(22073,'四川外语学院成都学院',22),(22074,'四川文化传媒职业学院',22),(22075,'四川信息工程学校',22),(22076,'四川邮电职业技术学院',22),(22077,'四川职业技术学院',22),(22078,'四川中医药高等专科学校',22),(22079,'雅安职业技术学院',22),(22080,'宜宾职业技术学院',22),(22081,'四川大学锦城学院',22),(22082,'四川大学锦江学院',22),(22083,'德阳职业技术学校',22),(22084,'四川信息职业技术学院',22),(22085,'四川艺术职业学院',22),(22086,'四川师范大学成都学院',22),(22087,'四川师范大学文理学院',22),(22088,'成都信息工程学院银杏酒店管理学院',22),(22089,'成都理工大学工程技术学院',22),(22090,'四川文化产业职业学院',22),(22091,'四川科技职业学院',22),(22092,'西南科技大学城市学院',22),(22093,'四川音乐学院绵阳艺术学院',22),(22094,'西南财经大学天府学院',22),(23001,'内蒙古大学',23),(23002,'内蒙古工业大学',23),(23003,'内蒙古农大',23),(23004,'内蒙古师大',23),(23005,'内蒙古医学院',23),(23006,'内蒙古财经',23),(23007,'内蒙古科大',23),(23008,'内蒙古民族大学',23),(23009,'赤峰学院',23),(23010,'呼伦贝尔学院',23),(23011,'包头钢铁职业技术学院',23),(23012,'包头轻工职业技术学院',23),(23013,'包头职业技术学院',23),(23014,'河套大学',23),(23015,'呼和浩特职业学院',23),(23016,'集宁师范高等专科学校',23),(23017,'科尔沁艺术职业学院',23),(23018,'内蒙古财税职业学院',23),(23019,'内蒙古电子信息职业技术学院',23),(23020,'内蒙古青城大学',23),(23021,'内蒙古化工职业学院',23),(23022,'内蒙古机电职业技术学院',23),(23023,'内蒙古建筑职业技术学院',23),(23024,'内蒙古交通职业技术学院',23),(23025,'内蒙古民族高等专科学校',23),(23026,'内蒙古商贸职业学院',23),(23027,'内蒙古体育职业学院',23),(23028,'通辽职业学院',23),(23029,'乌海职业技术学院',23),(23030,'乌兰察布职业学院',23),(23031,'锡林郭勒职业学院',23),(23032,'兴安职业技术学院',23),(23033,'内蒙古警察职业学院',23),(23034,'内蒙古北方职业技术学院',23),(23035,'内蒙古丰州学院',23),(23036,'内蒙古经贸外语职业学院',23),(23037,'内蒙古科技职业学院',23),(23038,'赤峰职业技术学院',23),(24001,'宁夏大学',24),(24002,'北方民大',24),(24003,'宁夏医学院',24),(24004,'宁夏理工',24),(24005,'宁夏师范',24),(24006,'吴忠职业技术学院',24),(24007,'宁夏职业技术学院',24),(24008,'宁夏财经职业技术学院',24),(24009,'宁夏司法警官职业学院',24),(24010,'宁夏师范学院',24),(24011,'宁夏工业职业学院',24),(24012,'宁夏经贸职业技术学院',24),(24013,'宁夏建设职业技术学院',24),(24014,'银川科技职业学院',24),(24015,'宁夏大学新华学院',24),(25001,'兰州大学',25),(25002,'西北民大',25),(25003,'西北师大',25),(25004,'甘肃中医学院',25),(25005,'兰州商院',25),(25006,'甘肃政法学院',25),(25007,'兰州城市学院',25),(25008,'甘肃农大',25),(25009,'兰州理工',25),(25010,'兰州交大',25),(25011,'天水师院',25),(25012,'陇东学院',25),(25013,'河西学院',25),(25014,'兰州石化职业技术学院',25),(25015,'甘肃工业职业技术学院',25),(25016,'甘肃警察职业学院',25),(25017,'兰州理工大学技术工程学院',25),(25018,'兰州职业技术学院',25),(25019,'武威职业学院',25),(25020,'张掖医学高等专科学校',25),(25021,'甘肃畜牧工程职业技术学院',25),(25022,'陇南师范高等专科学校',25),(25023,'合作民族师范高等专科学校',25),(25024,'甘肃联合大学',25),(25025,'甘肃林业职业技术学院',25),(25026,'甘肃建筑职业技术学院',25),(25027,'酒泉职业技术学院',25),(25028,'甘肃农业职业技术学院',25),(25029,'平凉医学高等专科学校',25),(25030,'兰州资源环境职业技术学院',25),(25031,'定西师范高等专科学校',25),(25032,'兰州交通大学博文学院',25),(25033,'兰州工业高等专科学校',25),(25034,'兰州外语职业学院',25),(25035,'兰州教育学院',25),(25036,'甘肃钢铁职业技术学院',25),(26001,'青海大学',26),(26002,'青海师大',26),(26003,'青海民院',26),(26004,'青海民族师范高等专科学校',26),(26005,'青海财经职业学院',26),(26006,'青海畜牧兽医职业技术学院',26),(26007,'青海建筑职业技术学院',26),(26008,'青海师范高等专科学校',26),(26009,'青海警官职业学院',26),(26010,'青海交通职业技术学院',26),(26011,'青海卫生职业技术学院',26),(27001,'西藏大学',27),(27002,'西藏藏医学院',27),(27003,'西藏民院',27),(27004,'拉萨师范高等专科学校',27),(27005,'西藏警官高等专科学校',27),(27006,'西藏职业技术学院',27),(28001,'新疆大学',28),(28002,'新疆农大',28),(28003,'新疆医科大',28),(28004,'新疆师大',28),(28005,'新疆财经',28),(28006,'新疆艺术学院',28),(28007,'石河子大学',28),(28008,'塔里木大学',28),(28009,'喀什师院',28),(28010,'伊犁师院',28),(28011,'昌吉学院',28),(28012,'阿克苏职业技术学院',28),(28013,'巴音郭楞职业技术学院',28),(28014,'昌吉职业技术学院',28),(28015,'和田师范专科学校',28),(28016,'克拉玛依职业技术学院',28),(28017,'乌鲁木齐职业大学',28),(28018,'新疆兵团警官高等专科学校',28),(28019,'新疆工业高等专科学校',28),(28020,'新疆机电职业技术学院',28),(28021,'新疆建设职业技术学院',28),(28022,'新疆交通职业技术学院',28),(28023,'新疆警官高等专科学校',28),(28024,'新疆能源职业技术学院',28),(28025,'新疆农业职业技术学院',28),(28026,'新疆轻工职业技术学院',28),(28027,'新疆石河子职业技术学院',28),(28028,'新疆天山职业技术学院',28),(28029,'新疆维吾尔医学专科学校',28),(28030,'新疆现代职业技术学院',28),(28031,'伊犁职业技术学院',28),(28032,'新疆科信学院',28),(28033,'新疆职业大学',28),(28034,'新疆石油学院',28),(28035,'新疆大学科学技术学院',28),(28036,'新疆农业大学科学技术学院',28),(28037,'新疆财经大学商务学院',28),(28038,'新疆医科大学厚博学院',28),(28039,'石河子大学科技学院',28),(29001,'中国科大',29),(29002,'安徽大学',29),(29003,'合肥工大',29),(29004,'安徽医科大',29),(29005,'安徽建工',29),(29006,'安徽中医',29),(29007,'合肥学院',29),(29008,'安徽农大',29),(29009,'安徽工业大学',29),(29010,'安徽科技',29),(29011,'皖南医学院',29),(29012,'安徽师大',29),(29013,'安徽工程科技',29),(29014,'蚌埠医学院',29),(29015,'安徽财经',29),(29016,'阜阳师范',29),(29017,'淮南师范',29),(29018,'安徽理工',29),(29019,'淮北煤炭师范',29),(29020,'安庆师范',29),(29021,'铜陵学院',29),(29022,'皖西学院',29),(29023,'巢湖学院',29),(29024,'滁州学院',29),(29025,'宿州学院',29),(29026,'黄山学院',29),(29027,'新华学院',29),(29028,'蚌埠学院',29),(29029,'安徽财贸职业学院',29),(29030,'安徽城市管理职业学院',29),(29031,'安徽电气工程职业技术学院',29),(29032,'安徽电子信息职业技术学院',29),(29033,'安徽工贸职业技术学院',29),(29034,'安徽工商职业学院',29),(29035,'安徽工业经济职业技术学院',29),(29036,'安徽公安职业学院',29),(29037,'安徽广播影视职业技术学院',29),(29038,'安徽国防科技职业学院',29),(29039,'安徽国际商务职业学院',29),(29040,'安徽机电职业技术学院',29),(29041,'安徽交通职业技术学院',29),(29042,'安徽教育学院',29),(29043,'安徽经济管理学院',29),(29044,'安徽警官职业学院',29),(29045,'安徽林业职业技术学院',29),(29046,'安徽明星科技职业学院',29),(29047,'安徽商贸职业技术学院',29),(29048,'安徽审计职业学院',29),(29049,'安徽省三联职业技术学院',29),(29050,'安徽水利水电职业技术学院',29),(29051,'安徽体育运动职业技术学院',29),(29052,'安徽文达信息技术职业学院',29),(29053,'安徽新闻出版职业技术学院',29),(29054,'安徽冶金科技职业学院',29),(29055,'安徽医学高等专科学校',29),(29056,'安徽艺术职业学院',29),(29057,'安徽邮电职业技术学院',29),(29058,'安徽职业技术学院',29),(29059,'安徽中澳科技职业学院',29),(29060,'安徽中医药高等专科学校',29),(29061,'安庆职业技术学院',29),(29062,'蚌埠高等专科学校',29),(29063,'蚌埠职业教育专修学院',29),(29064,'亳州师范高等专科学校',29),(29065,'亳州职业技术学院',29),(29066,'巢湖职业技术学院',29),(29067,'池州师范专科学校',29),(29068,'池州职业技术学院',29),(29069,'滁州职业技术学院',29),(29070,'阜阳科技职业学院',29),(29071,'阜阳职业技术学院',29),(29072,'合肥市万博科技职业学院',29),(29073,'合肥通用职业技术学院',29),(29074,'淮北职业技术学院',29),(29075,'淮南联合大学',29),(29076,'淮南职业技术学院',29),(29077,'六安职业技术学院',29),(29078,'马鞍山师范高等专科学校',29),(29079,'民办安徽外国语职业技术学院',29),(29080,'民办合肥经济技术职业学院',29),(29081,'宿州职业技术学院',29),(29082,'铜陵职业技术学院',29),(29083,'芜湖信息技术职业学院',29),(29084,'芜湖职业技术学院',29),(29085,'宣城职业技术学院',29),(29086,'安徽师范大学皖江学院',29),(29087,'合肥师范学院',29),(29088,'凤阳师范高等专科学校',29),(29089,'安庆医药高等专科学校',29),(29090,'安徽工业职业技术学院',29),(29091,'合肥幼儿师范学校',29),(30001,'浙江大学',30),(30002,'浙江理工',30),(30003,'浙江工大',30),(30004,'杭州电子科大',30),(30005,'浙江中医药',30),(30006,'浙江工商',30),(30007,'中国计量',30),(30008,'浙江科技',30),(30009,'浙江林院',30),(30010,'杭州师范',30),(30011,'浙江传媒',30),(30012,'浙江财经',30),(30013,'中国美术学院',30),(30014,'树人大学',30),(30015,'宁波大学',30),(30016,'宁波工程',30),(30017,'万里学院',30),(30018,'诺丁汉大学',30),(30019,'嘉兴学院',30),(30020,'浙江海洋',30),(30021,'温州大学',30),(30022,'温州医学院',30),(30023,'湖州师范',30),(30024,'台州学院',30),(30025,'绍兴文理学院',30),(30026,'丽水学院',30),(30027,'浙江师大',30),(30028,'长征职业技术学院',30),(30029,'公安海警高等专科学校',30),(30030,'杭州万向职业技术学院',30),(30031,'杭州职业技术学院',30),(30032,'湖州职业技术学院',30),(30033,'嘉兴职业技术学院',30),(30034,'金华职业技术学院',30),(30035,'科技求是学院',30),(30036,'丽水职业技术学院',30),(30037,'宁波城市职业技术学院',30),(30038,'宁波大红鹰职业技术学院',30),(30039,'宁波大学科技学院',30),(30040,'宁波天一职业技术学院',30),(30041,'宁波职业技术学院',30),(30042,'衢州职业技术学院',30),(30043,'绍兴托普信息职业技术学院',30),(30044,'绍兴越秀外国语职业学院',30),(30045,'台州职业技术学院',30),(30046,'温州职业技术学院',30),(30047,'义乌工商职业技术学院',30),(30048,'浙江大学城市学院',30),(30049,'浙江大学宁波理工学院',30),(30050,'浙江东方职业技术学院',30),(30051,'浙江纺织服装职业技术学院',30),(30052,'浙江工贸职业技术学院',30),(30053,'浙江工商职业技术学院',30),(30054,'浙江工业职业技术学院',30),(30055,'浙江警察学院',30),(30056,'浙江广厦建设职业技术学院',30),(30057,'浙江机电职业技术学院',30),(30058,'浙江建设职业技术学院',30),(30059,'浙江交通职业技术学院',30),(30060,'浙江教育学院',30),(30061,'浙江金融职业学院',30),(30062,'浙江经济职业技术学院',30),(30063,'浙江经贸职业技术学院',30),(30064,'浙江警官职业学院',30),(30065,'浙江旅游职业学院',30),(30066,'浙江商业职业技术学院',30),(30067,'浙江水利水电专科学校',30),(30068,'浙江医学高等专科学校',30),(30069,'浙江医药高等专科学校',30),(30070,'浙江艺术职业学院',30),(30071,'浙江育英职业技术学院',30),(30072,'浙江电力职业技术学院',30),(30073,'嘉兴南洋职业技术学院',30),(30074,'浙江国际海运职业技术学校',30),(30075,'浙江工业大学浙西分校',30),(30076,'浙江国际海运职业技术学院',30),(31001,'厦门大学',31),(31002,'集美大学',31),(31003,'厦门理工学院',31),(31004,'福州大学',31),(31005,'福建师范大学',31),(31006,'福建农林大学',31),(31007,'福建医科大学',31),(31008,'福建工程学院',31),(31009,'福建中医学院',31),(31010,'闽江学院',31),(31011,'华侨大学',31),(31012,'仰恩大学',31),(31013,'泉州师范学院',31),(31014,'漳州师范',31),(31015,'莆田学院',31),(31016,'三明学院',31),(31017,'龙岩学院',31),(31018,'厦门大学嘉庚学院',31),(31019,'集美大学诚毅学院',31),(31020,'福州大学阳光学院',31),(31021,'福州大学至诚学院',31),(31022,'福建师范大学协和学院',31),(31023,'福建师范大学闽南科技学院',31),(31024,'福建农林大学东方学院',31),(31025,'福建农林大学金山学院',31),(31026,'华侨大学福建音乐学院',31),(31027,'福建电力职业技术学院',31),(31028,'福建对外经济贸易职业技术学院',31),(31029,'福建警察学院',31),(31030,'福建广播电视大学',31),(31031,'福建华南女子职业学院',31),(31032,'福建交通职业技术学院',31),(31033,'福建教育学院',31),(31034,'福建金融职业技术学院',31),(31035,'福建警官职业学院',31),(31036,'福建林业职业技术学院',31),(31037,'福建农业职业技术学院',31),(31038,'福建商业高等专科学校',31),(31039,'福建生物工程职业技术学院',31),(31040,'福建水利电力职业技术学院',31),(31041,'福建卫生职业技术学院',31),(31042,'福建信息职业技术学院',31),(31043,'福建行政学院',31),(31044,'福建中医学院五洲科技学院',31),(31045,'福州海峡职业技术学院',31),(31046,'福州科技职业技术学院',31),(31047,'福州黎明职业技术学院',31),(31048,'福州软件职业技术学院',31),(31049,'福州外语外贸职业技术学院',31),(31050,'福州英华职业学院',31),(31051,'福州职业技术学院',31),(31052,'黎明职业大学',31),(31053,'湄洲湾职业技术学院',31),(31054,'闽北职业技术学院',31),(31055,'闽西职业技术学院',31),(31056,'武夷学院',31),(31057,'宁德师范高等专科学校',31),(31058,'泉州纺织服装职业学院',31),(31059,'泉州光电信息职业学院',31),(31060,'泉州华光摄影艺术职业学院',31),(31061,'泉州经贸职业技术学院',31),(31062,'泉州信息职业技术学院',31),(31063,'泉州医学高等专科学校',31),(31064,'泉州理工学院',31),(31065,'三明职业技术学院',31),(31066,'厦门海洋职业技术学院',31),(31067,'厦门华天涉外职业技术学院',31),(31068,'厦门华厦职业学院',31),(31069,'厦门南洋学院',31),(31070,'厦门兴才职业技术学院',31),(31071,'厦门演艺职业学院',31),(31072,'漳州职业技术学院',31),(31073,'福建政法管理干部学院',31),(31074,'武夷职业技术学院',31),(31075,'厦门城市职业学院',31),(31076,'漳州卫生职业学院',31),(32001,'国立台湾大学',32),(32002,'国立中正大学',32),(32003,'国立台湾艺术大学',32),(32004,'国立清华大学',32),(32005,'国立中山大学',32),(32006,'国立政治大学',32),(32007,'国立成功大学',32),(32008,'国立中央大学',32),(32009,'国立阳明大学',32),(32010,'国立东华大学',32),(32011,'国立中兴大学',32),(32012,'国立台湾师范大学',32),(32013,'国立台湾海洋大学',32),(32014,'国立高雄大学',32),(32015,'国立嘉义大学',32),(32016,'国立台湾科技大学',32),(32017,'国立空中大学',32),(32018,'国立台北大学',32),(32019,'国立高雄师范大学',32),(32020,'国立联合大学',32),(32021,'国立暨南国际大学',32),(32022,'国立屏东科技大学',32),(32023,'国立彰化师范大学',32),(32024,'国立台北科技大学',32),(32025,'国立台东大学',32),(32026,'国立宜蓝大学',32),(32027,'国立台北艺术大学',32),(32028,'国立云林科技大学',32),(32029,'国立台南大学',32),(32030,'国立虎尾科技大学',32),(32031,'国立花莲教育大学',32),(32032,'国立高雄第一科技大学',32),(32033,'国立屏东教育大学',32),(32034,'国立新竹教育大学',32),(32035,'国立澎湖科技大学',32),(32036,'建国科技大学',32),(32037,'国立台南艺术大学',32),(32038,'国立高雄应用科技大学',32),(32039,'国立高雄海洋科技大学',32),(32040,'国立勤益科技大学',32),(32041,'东吴大学',32),(33001,'香港大学',33),(33002,'香港中文大学',33),(33003,'香港科技大学',33),(33004,'香港理工大学',33),(33005,'香港城市大学',33),(33006,'香港浸会大学',33),(33007,'香港岭南大学',33),(33008,'香港国际工商管理学院',33),(33009,'香港珠海学院',33),(33010,'香港教育学院',33),(33011,'香港树仁大学',33),(33012,'香港演艺学院',33),(34001,'澳门大学',34),(34002,'澳门理工学院',34),(34003,'澳门科技大学',34),(34004,'澳门旅游学院',34),(34005,'澳门镜湖护理学院',34),(34006,'澳门国际公开大学',34);
/*!40000 ALTER TABLE `university` ENABLE KEYS */;
UNLOCK TABLES;

--
-- Table structure for table `user`
--

DROP TABLE IF EXISTS `user`;
/*!40101 SET @saved_cs_client     = @@character_set_client */;
/*!40101 SET character_set_client = utf8 */;
CREATE TABLE `user` (
  `userId` varchar(36) NOT NULL,
  `email` varchar(50) NOT NULL,
  `password` varchar(32) NOT NULL COMMENT 'MD5(密码+email) ',
  `telephone` varchar(45) DEFAULT NULL,
  `realName` varchar(45) NOT NULL COMMENT '用户的真实姓名',
  `roleType` varchar(15) DEFAULT NULL COMMENT '0为学习委员，1为老师，2为普通学生',
  `createTime` timestamp NULL DEFAULT CURRENT_TIMESTAMP ON UPDATE CURRENT_TIMESTAMP COMMENT '创建时间',
  `nickName` varchar(45) DEFAULT NULL COMMENT '昵称',
  `stuNumber` varchar(45) DEFAULT NULL COMMENT '学号',
  `gender` int(2) DEFAULT NULL COMMENT '性别,0:男，1：女',
  PRIMARY KEY (`userId`)
) ENGINE=InnoDB DEFAULT CHARSET=utf8;
/*!40101 SET character_set_client = @saved_cs_client */;

--
-- Dumping data for table `user`
--

LOCK TABLES `user` WRITE;
/*!40000 ALTER TABLE `user` DISABLE KEYS */;
INSERT INTO `user` VALUES ('52ee5963-bd49-4ce7-9a07-740aa8bbd389','456@qq.com','35de170fc7836ea645e1a7d7b307ff6e',NULL,'李楚风','STUDENT','2015-10-05 15:12:49',NULL,'409199214',NULL),('565d8c41-07d1-4ba5-be2f-7aee3713c8d4','555@qq.com','ce0e5bb96ac118391e4c35458f72e0ee',NULL,'汪涵','STUDENTADMIN','2015-10-07 03:23:19',NULL,NULL,NULL),('5d7a0eea-5dec-4d05-91b6-d301288e14ba','123@qq.com','d52f3fe3751f55c4149e04a165218a5a',NULL,'汪峰','STUDENT','2015-10-05 15:12:49',NULL,'409199213',NULL),('a6ca2381-1578-41ac-b826-b7c6691ae577','444@qq.com','bfb5c2197580b90bea4d2f16b9fe5565',NULL,'李易峰','TEACHER','2015-10-05 15:12:49',NULL,'409199212',NULL),('fa2568f5-7112-46b6-9ad6-66802531efb6','123502@qq.com','141c4cd1393223c69a5c1df156c9f75f',NULL,'林老师','STUDENTADMIN','2015-10-09 04:40:22',NULL,NULL,NULL);
/*!40000 ALTER TABLE `user` ENABLE KEYS */;
UNLOCK TABLES;

--
-- Table structure for table `user_class`
--

DROP TABLE IF EXISTS `user_class`;
/*!40101 SET @saved_cs_client     = @@character_set_client */;
/*!40101 SET character_set_client = utf8 */;
CREATE TABLE `user_class` (
  `userId` varchar(36) NOT NULL COMMENT '用户id',
  `classId` varchar(36) NOT NULL COMMENT '班级id',
  `courseId` varchar(36) DEFAULT NULL,
  `createdTime` timestamp NOT NULL DEFAULT CURRENT_TIMESTAMP ON UPDATE CURRENT_TIMESTAMP COMMENT '加入班级的时间'
) ENGINE=InnoDB DEFAULT CHARSET=utf8;
/*!40101 SET character_set_client = @saved_cs_client */;

--
-- Dumping data for table `user_class`
--

LOCK TABLES `user_class` WRITE;
/*!40000 ALTER TABLE `user_class` DISABLE KEYS */;
INSERT INTO `user_class` VALUES ('a6ca2381-1578-41ac-b826-b7c6691ae577','b34ace94-8c16-4583-9c36-190f8faf80a5','8f8a73b8-2415-401b-8c09-0056e83b4165','2015-09-23 01:15:35'),('5d7a0eea-5dec-4d05-91b6-d301288e14ba','b34ace94-8c16-4583-9c36-190f8faf80a5',NULL,'2015-09-23 01:23:44'),('52ee5963-bd49-4ce7-9a07-740aa8bbd389','b34ace94-8c16-4583-9c36-190f8faf80a5',NULL,'2015-09-23 01:25:39'),('a6ca2381-1578-41ac-b826-b7c6691ae577','4a0f101d-511c-4ab5-994a-e91719d1689e','53c11ded-a6de-41ad-81af-8f3f2ad9deb1','2015-10-07 03:25:51'),('b34ace94-8c16-4583-9c36-190f8faf80a5','6fd69e89-6d18-4177-b0bb-07efb94ab846',NULL,'2015-10-09 04:40:20'),('6fd69e89-6d18-4177-b0bb-07efb94ab846','b34ace94-8c16-4583-9c36-190f8faf80a5','6216b4a6-29a9-4580-b73b-7d6d806ff40a','2015-10-09 04:40:20');
/*!40000 ALTER TABLE `user_class` ENABLE KEYS */;
UNLOCK TABLES;

--
-- Dumping events for database 'ccos'
--
/*!50106 SET @save_time_zone= @@TIME_ZONE */ ;
/*!50106 DROP EVENT IF EXISTS `autoUpdateJobOrderStatusEvent` */;
DELIMITER ;;
/*!50003 SET @saved_cs_client      = @@character_set_client */ ;;
/*!50003 SET @saved_cs_results     = @@character_set_results */ ;;
/*!50003 SET @saved_col_connection = @@collation_connection */ ;;
/*!50003 SET character_set_client  = utf8 */ ;;
/*!50003 SET character_set_results = utf8 */ ;;
/*!50003 SET collation_connection  = utf8_general_ci */ ;;
/*!50003 SET @saved_sql_mode       = @@sql_mode */ ;;
/*!50003 SET sql_mode              = 'STRICT_TRANS_TABLES,NO_AUTO_CREATE_USER,NO_ENGINE_SUBSTITUTION' */ ;;
/*!50003 SET @saved_time_zone      = @@time_zone */ ;;
/*!50003 SET time_zone             = 'SYSTEM' */ ;;
/*!50106 CREATE*/ /*!50117 DEFINER=`root`@`localhost`*/ /*!50106 EVENT `autoUpdateJobOrderStatusEvent` ON SCHEDULE EVERY 60 SECOND STARTS '2015-10-02 09:26:07' ON COMPLETION PRESERVE ENABLE DO call autoUpdateJobOrderStatus_Event() */ ;;
/*!50003 SET time_zone             = @saved_time_zone */ ;;
/*!50003 SET sql_mode              = @saved_sql_mode */ ;;
/*!50003 SET character_set_client  = @saved_cs_client */ ;;
/*!50003 SET character_set_results = @saved_cs_results */ ;;
/*!50003 SET collation_connection  = @saved_col_connection */ ;;
DELIMITER ;
/*!50106 SET TIME_ZONE= @save_time_zone */ ;

--
-- Dumping routines for database 'ccos'
--
/*!50003 DROP PROCEDURE IF EXISTS `autoUpdateJobOrderStatus` */;
/*!50003 SET @saved_cs_client      = @@character_set_client */ ;
/*!50003 SET @saved_cs_results     = @@character_set_results */ ;
/*!50003 SET @saved_col_connection = @@collation_connection */ ;
/*!50003 SET character_set_client  = utf8 */ ;
/*!50003 SET character_set_results = utf8 */ ;
/*!50003 SET collation_connection  = utf8_general_ci */ ;
/*!50003 SET @saved_sql_mode       = @@sql_mode */ ;
/*!50003 SET sql_mode              = 'STRICT_TRANS_TABLES,NO_AUTO_CREATE_USER,NO_ENGINE_SUBSTITUTION' */ ;
DELIMITER ;;
CREATE DEFINER=`root`@`localhost` PROCEDURE `autoUpdateJobOrderStatus`(in teacherId varchar(36))
BEGIN
  declare updatedjobOrderId varchar(36) ;
  
  declare V_NotFound int;

  declare curl cursor for
	select
		jobOrderId
		from job_order j, code c,course co,class cl
		where c.id = j.orderStatus and co.courseId = j.courseId and cl.classId =
		j.classId
		and teacherId = teacherId and orderStatus = 4
        and  UNIX_TIMESTAMP(now()) -  UNIX_TIMESTAMP(endDate) < 60
        and  -60 < UNIX_TIMESTAMP(now()) -  UNIX_TIMESTAMP(endDate) ;
        
  declare continue handler for not found set V_NotFound = 1;
  set V_NotFound = 0;
  open curl;
	fetch curl into updatedjobOrderId;
	while V_NotFound <> 1 do

			update job_order set orderStatus = 7 where jobOrderId = updatedjobOrderId;
			fetch curl into updatedjobOrderId;
	end while;

     
  close curl;
END ;;
DELIMITER ;
/*!50003 SET sql_mode              = @saved_sql_mode */ ;
/*!50003 SET character_set_client  = @saved_cs_client */ ;
/*!50003 SET character_set_results = @saved_cs_results */ ;
/*!50003 SET collation_connection  = @saved_col_connection */ ;
/*!50003 DROP PROCEDURE IF EXISTS `autoUpdateJobOrderStatus_Event` */;
/*!50003 SET @saved_cs_client      = @@character_set_client */ ;
/*!50003 SET @saved_cs_results     = @@character_set_results */ ;
/*!50003 SET @saved_col_connection = @@collation_connection */ ;
/*!50003 SET character_set_client  = utf8 */ ;
/*!50003 SET character_set_results = utf8 */ ;
/*!50003 SET collation_connection  = utf8_general_ci */ ;
/*!50003 SET @saved_sql_mode       = @@sql_mode */ ;
/*!50003 SET sql_mode              = 'STRICT_TRANS_TABLES,NO_AUTO_CREATE_USER,NO_ENGINE_SUBSTITUTION' */ ;
DELIMITER ;;
CREATE DEFINER=`root`@`localhost` PROCEDURE `autoUpdateJobOrderStatus_Event`()
BEGIN
  declare updatedjobOrderId varchar(36) ;
  
  declare V_NotFound int;

  declare curl cursor for
	select jobOrderId from job_order j
		where j.orderStatus = 4
        and  UNIX_TIMESTAMP(now()) -  UNIX_TIMESTAMP(endDate) < 60
        and  0 < UNIX_TIMESTAMP(now()) -  UNIX_TIMESTAMP(endDate) ;
        
  declare continue handler for not found set V_NotFound = 1;
  set V_NotFound = 0;
  open curl;
	fetch curl into updatedjobOrderId;
	while V_NotFound <> 1 do

			update job_order set orderStatus = 8 where jobOrderId = updatedjobOrderId;
			fetch curl into updatedjobOrderId;
	end while;

     
  close curl;
END ;;
DELIMITER ;
/*!50003 SET sql_mode              = @saved_sql_mode */ ;
/*!50003 SET character_set_client  = @saved_cs_client */ ;
/*!50003 SET character_set_results = @saved_cs_results */ ;
/*!50003 SET collation_connection  = @saved_col_connection */ ;
/*!50003 DROP PROCEDURE IF EXISTS `initJobLine` */;
/*!50003 SET @saved_cs_client      = @@character_set_client */ ;
/*!50003 SET @saved_cs_results     = @@character_set_results */ ;
/*!50003 SET @saved_col_connection = @@collation_connection */ ;
/*!50003 SET character_set_client  = utf8 */ ;
/*!50003 SET character_set_results = utf8 */ ;
/*!50003 SET collation_connection  = utf8_general_ci */ ;
/*!50003 SET @saved_sql_mode       = @@sql_mode */ ;
/*!50003 SET sql_mode              = 'STRICT_TRANS_TABLES,NO_AUTO_CREATE_USER,NO_ENGINE_SUBSTITUTION' */ ;
DELIMITER ;;
CREATE DEFINER=`root`@`localhost` PROCEDURE `initJobLine`(in jobOrderId varchar(36),in classId varchar(36))
BEGIN
 declare jobLinesId bigint ;
  declare userId varchar(36);
  declare status int(2) default 2;
  declare V_NotFound int;

  declare curl cursor for
          select u.userId from user u where u.roleType != 'TEACHER' and u.userId in ( select uc.userId from user_class uc where  uc.classId = classId);
  declare continue handler for not found set V_NotFound = 1;
  set V_NotFound = 0;
  open curl;
	fetch curl into userId;
	while V_NotFound <> 1 do

			 insert into job_lines (jobLineId,jobOrderId,userId,submitStatus)
			 values (uuid(),jobOrderId,userId,status);
			 fetch curl into userId;
		
	end while;

     
  close curl;
END ;;
DELIMITER ;
/*!50003 SET sql_mode              = @saved_sql_mode */ ;
/*!50003 SET character_set_client  = @saved_cs_client */ ;
/*!50003 SET character_set_results = @saved_cs_results */ ;
/*!50003 SET collation_connection  = @saved_col_connection */ ;
/*!40103 SET TIME_ZONE=@OLD_TIME_ZONE */;

/*!40101 SET SQL_MODE=@OLD_SQL_MODE */;
/*!40014 SET FOREIGN_KEY_CHECKS=@OLD_FOREIGN_KEY_CHECKS */;
/*!40014 SET UNIQUE_CHECKS=@OLD_UNIQUE_CHECKS */;
/*!40101 SET CHARACTER_SET_CLIENT=@OLD_CHARACTER_SET_CLIENT */;
/*!40101 SET CHARACTER_SET_RESULTS=@OLD_CHARACTER_SET_RESULTS */;
/*!40101 SET COLLATION_CONNECTION=@OLD_COLLATION_CONNECTION */;
/*!40111 SET SQL_NOTES=@OLD_SQL_NOTES */;

-- Dump completed on 2015-11-17 21:27:36
